english,coptic,dialect,source,quality
"... if one urinates into a vessel with a narrow neck or jar, into any other vessel like these, without having been ordered by the elder, except for the place of those who are very ill and the elders of advanced years and these others, he is to ask the elder.",ⲣⲙⲏ ⲉϩⲣⲁⲓ ⲉⲩⲃⲁⲩⲕⲁⲗⲓⲟⲛ ⲏ ⲉϩⲣⲁⲓ ⲉⲩϣⲟϣⲟⲩ ⲉϩⲣⲁⲓ ⲉϭⲉⲗⲁⲁⲩ ⲛϩⲛⲁⲁⲩ ⲉϥⲧⲛⲧⲱⲛ ⲉⲛⲁⲓ ⲉⲙⲡⲟⲩⲟⲩⲉϩⲥⲁϩⲛⲉ ⲛⲁϥ ϩⲓⲧⲙⲡϩⲗⲗⲱ ⲉⲓⲙⲏⲧⲓ ⲡⲙⲁ ⲛⲛⲣⲱⲙⲉ ⲉⲧϣⲱⲛⲉ ⲙⲙⲁⲧⲉ ⲙⲛⲛϩⲗⲗⲟ ⲁⲩⲣϩⲁϩ ⲛⲣⲟⲙⲡⲉ ⲁⲩⲱ ⲛⲉⲓⲕⲟⲟⲩⲉ ⲉⲧⲣⲉⲩϣⲓⲛⲉ ⲛⲧⲟⲟⲧϥ ⲙⲡϩⲗⲗⲟ,sahidic,UD_Coptic-Scriptorium/dev.conllu#shenoute_a22-a22_YA421-428_s0001 (CC BY 4.0),gold
"And if it is necessary for some among us to use anything of this sort, to defecate into vessels of this sort through necessity or physical incapacity or hindrance to the foot making him unable to walk, they are to ask the elder.",ⲁⲩⲱ ⲉⲣϣⲁⲛⲟⲩⲁⲛⲁⲅⲕⲏ ϣⲱⲡⲉ ⲉⲧⲣⲉϩⲓⲟⲛⲉ ⲣⲭⲣⲉⲓⲁ ⲛϩⲱⲃ ⲛⲧⲉⲓϩⲉ ϩⲣⲁⲓ ⲛϩⲏⲧⲛ ⲉⲧⲣⲉⲩⲥⲣⲣⲁⲧⲟⲩ ⲉϩⲣⲁⲓ ⲉⲗⲁⲁⲩ ⲛϩⲛⲁⲁⲩ ⲛⲧⲉⲓⲙⲓⲛⲉ ⲉⲧⲃⲉⲧⲁⲛⲁⲅⲕⲏ ⲛⲟⲩⲡⲗⲏⲅⲏ · ⲏ ⲟⲩϫⲣⲟⲡ ⲉⲁϥϣⲱⲡⲉ ϩⲓⲧⲟⲩⲉⲣⲏⲧⲉ ⲛⲟⲩⲁ ⲉⲙⲛϭⲟⲙ ⲙⲙⲟϥ ⲉⲙⲟⲟϣⲉ ⲉⲉⲓ ⲉⲃⲟⲗ ⲉⲩⲉϫⲛⲉⲡϩⲗⲗⲟ,sahidic,UD_Coptic-Scriptorium/dev.conllu#shenoute_a22-a22_YA421-428_s0002 (CC BY 4.0),gold
"Apart from these, children or anyone else, if they defecate into any vessels of this sort, let them be accursed.",ⲁⲩⲱ ⲭⲱⲣⲓⲥⲛⲁⲓ ϩⲉⲛϣⲏⲣⲉ ϣⲏⲙ ⲏ ϭⲉⲗⲁⲁⲩ ⲛⲣⲱⲙⲉ ⲉⲩϣⲁⲛⲥⲣⲣⲁⲧⲟⲩ ⲉϩⲣⲁⲓ ϩⲛⲗⲁⲁⲩ ⲛϩⲛⲁⲁⲩ ⲛⲧⲉⲓⲙⲓⲛⲉ ⲉⲩⲉϣⲱⲡⲉ ⲉⲩⲥϩⲟⲩⲟⲣⲧ,sahidic,UD_Coptic-Scriptorium/dev.conllu#shenoute_a22-a22_YA421-428_s0003 (CC BY 4.0),gold
The one who ordains a sinful deed against his neighbour in deceitfulness is accursed.,ϥⲥϩⲟⲩⲟⲣⲧ ⲛϭⲓⲡⲉⲧⲛⲁⲧⲱϣ ⲛⲟⲩϩⲱⲃ ⲉϥⲟ ⲛⲛⲟⲃⲉ ⲉⲡⲉⲧϩⲓⲧⲟⲩⲱϥ ϩⲛⲟⲩⲙⲛⲧⲣⲉϥϩⲓⲗⲁ,sahidic,UD_Coptic-Scriptorium/dev.conllu#shenoute_a22-a22_YA421-428_s0004 (CC BY 4.0),gold
"He does not know, but because of ill-feeling he says that which is not, whether a man or woman.",ⲉⲙⲉϥⲉⲓⲙⲉ ⲉⲡⲱⲣϫ · ⲁⲗⲗⲁ ⲉⲧⲃⲉⲟⲩⲙⲟⲥⲧⲉ ⲉϥϫⲱ ⲙⲡⲉⲧⲉⲛϥϣⲟⲟⲡ ⲁⲛ ⲉϣⲱⲡⲉ ⲉⲩϩⲟⲟⲩⲧ ⲡⲉ ⲉϣⲱⲡⲉ ⲉⲩⲥϩⲓⲙⲉ ⲧⲉ ·,sahidic,UD_Coptic-Scriptorium/dev.conllu#shenoute_a22-a22_YA421-428_s0005 (CC BY 4.0),gold
"He is accursed who says by way of confusion that he has seen in a dream how so-and-so and such-and-such destroy themselves with deeds of wickedness, whether man or woman.",ϥⲥϩⲟⲩⲟⲣⲧ ⲛϭⲓⲡⲉⲧϫⲱ ⲙⲙⲟⲥ ϩⲛⲟⲩⲙⲛⲧⲣⲉϥⲧⲱϩ ϫⲉⲁⲓⲛⲁⲩ ⲉⲩⲣⲁⲥⲟⲩ ⲉⲣⲉⲛⲓⲙ ⲙⲛⲛⲓⲙ ϣⲱⲗ ⲙⲙⲟⲟⲩ ⲉⲃⲟⲗ ϩⲣⲁⲓ ϩⲛϩⲱⲃ ⲛⲓⲙ ⲙⲡⲟⲛⲏⲣⲟⲛ ⲉϣⲱⲡⲉ ⲉⲩϩⲟⲟⲩⲧ ⲡⲉ ⲉϣⲱⲡⲉ ⲉⲩⲥϩⲓⲙⲉ ⲧⲉ ·,sahidic,UD_Coptic-Scriptorium/dev.conllu#shenoute_a22-a22_YA421-428_s0006 (CC BY 4.0),gold
"They are all accursed who practice deceit in any assembly of the Lord, so that God is angry with a great many people and turns His face from them in anger because of the iniquities of those among us who practice wrongful deeds, covertly or overtly.",ⲥⲉ ⲥϩⲟⲩⲟⲣⲧ ⲛϭⲓⲟⲩⲟⲛ ⲛⲓⲙ ⲉⲧⲉⲓⲣⲉ ⲛϩⲉⲛⲕⲣⲟϥ ϩⲣⲁⲓ ϩⲛⲥⲩⲛⲁⲅⲱⲅⲏ ⲧⲏⲣⲟⲩ ⲙⲡϫⲟⲉⲓⲥ · ⲉⲧⲣⲉⲡⲛⲟⲩⲧⲉ ϭⲱⲛⲧ ⲉⲩⲛⲟϭ ⲙⲙⲏⲏϣⲉ ⲛϥⲕⲧⲟ ⲙⲡⲉϥϩⲟ ⲉⲃⲟⲗ ⲙⲙⲟⲟⲩ ϩⲛⲟⲩⲟⲣⲅⲏ ⲉⲧⲃⲉⲧⲙⲛⲧϣⲁϥⲧⲉ ⲛⲛⲉⲧⲉⲓⲣⲉ ⲛⲧⲁⲛⲟⲙⲓⲁ ϩⲛⲟⲩϩⲱⲡ ⲏ ϩⲛⲟⲩⲱⲛϩ ⲉⲃⲟⲗ ϩⲣⲁⲓ ⲛϩⲏⲧⲛ ·,sahidic,UD_Coptic-Scriptorium/dev.conllu#shenoute_a22-a22_YA421-428_s0007 (CC BY 4.0),gold
"And woe to those by whom God will be distressed and from whose midst He will seek for a way to come, like a just man, having sought for a way to abandon a people because of their wicked deeds, as the prophet says: Who is it that will give to me in the desert a distant dwelling place? That I may abandon this people and remain far removed from them.'",ⲁⲩⲱ ⲟⲩⲟⲓ ⲛⲛⲉⲧⲉⲣⲉⲡⲛⲟⲩⲧⲉ ⲛⲁϩⲟϫϩϫ ⲉⲃⲟⲗ ϩⲓⲧⲟⲟⲧⲟⲩ ⲁⲩⲱ ⲛϥⲕⲱⲧⲉ ⲛⲥⲁⲧϩⲉ ⲛⲉⲓ ⲉⲉⲃⲟⲗ ϩⲛⲧⲉⲩⲙⲏⲧⲉ · ⲛⲧϩⲉ ⲛⲟⲩⲣⲱⲙⲉ ⲛⲇⲓⲕⲁⲓⲟⲥ ⲉⲁϥⲕⲱⲧⲉ ⲛⲥⲁⲧϩⲉ ⲛⲕⲱ ⲛⲥⲱϥ ⲛⲟⲩⲗⲁⲟⲥ ⲉⲧⲃⲉⲛⲉⲩϩⲃⲏⲩⲉ ⲉⲧϩⲟⲟⲩ ⲕⲁⲧⲁⲡϣⲁϫⲉ ⲙⲡⲉⲡⲣⲟⲫⲏⲧⲏⲥ ϫⲉⲛⲓⲙ ⲡⲉⲧⲛⲁϯⲛⲁⲓ ϩⲙⲡϫⲁⲓⲉ ⲛⲟⲩⲙⲁ ⲛϣⲱⲡⲉ ⲉϥⲟⲩⲏⲩ ⲛⲧⲁⲕⲱ ⲛⲥⲱⲓ ⲙⲡⲉⲓⲗⲁⲟⲥ ⲛⲧⲁⲟⲩⲉ ⲉⲃⲟⲗ ⲙⲙⲟⲟⲩ ·,sahidic,UD_Coptic-Scriptorium/dev.conllu#shenoute_a22-a22_YA421-428_s0008 (CC BY 4.0),gold
"Blessed is everyone with whom God will be satisfied that He may be pleased to remain in their midst, like a just man content with just men and pleased to remain in their midst, because He Himself the Lord is in their midst at all times because of the right and just deeds.",ⲛⲁⲉⲓⲁⲧⲟⲩ ⲇⲉ ⲛⲟⲩⲟⲛ ⲛⲓⲙ ⲉⲧⲉⲣⲉⲡⲛⲟⲩⲧⲉ ⲛⲁⲧⲱⲧ ⲛϩⲏⲧ ⲉⲃⲟⲗ ϩⲓⲧⲟⲟⲧⲟⲩ ⲉⲧⲣⲉϥⲣϩⲛⲁϥ ⲉϭⲱ ϩⲛⲧⲉⲩⲙⲏⲧⲉ · ⲛⲧϩⲉ ⲛⲟⲩⲣⲱⲙⲉ ⲛⲇⲓⲕⲁⲓⲟⲥ ⲉⲁϥⲧⲱⲧ ⲛϩⲏⲧ ⲛⲧⲟⲟⲧⲟⲩ ⲛϩⲉⲛⲣⲱⲙⲉ ⲙⲡⲓⲥⲧⲟⲥ ⲁⲩⲱ ⲉⲁϥⲣϩⲛⲁϥ ⲉϭⲱ ⲛⲟⲩⲟⲉⲓϣ ⲛⲓⲙ ϩⲛⲧⲉⲩⲙⲏⲧⲉ · ⲉⲧⲃⲉϫⲉⲛⲧⲟϥ ϩⲱⲱϥ ⲡϫⲟⲉⲓⲥ ϥⲱⲟⲟⲡ ϩⲛⲧⲉⲩⲙⲏⲧⲉ ⲛⲟⲩⲟⲉⲓϣ ⲛⲓⲙ ⲉⲧⲃⲉⲛⲉⲩϩⲃⲏⲩⲉ ⲙⲙⲉ ⲁⲩⲱ ⲛⲇⲓⲕⲁⲓⲟⲛ ·,sahidic,UD_Coptic-Scriptorium/dev.conllu#shenoute_a22-a22_YA421-428_s0009 (CC BY 4.0),gold
"All those of us who see a deceitful thing in defilement or blasphemy or any other sort of sin leading to death and do not tell me who or what those wicked deeds are, all these curses will come down upon them from God, whether man or woman.",ⲟⲩⲟⲛ ⲇⲉ ⲛⲓⲙ ϩⲣⲁⲓ ⲛϩⲏⲧⲛ ⲉⲧⲛⲁⲛⲁⲩ ⲉⲩϩⲱⲃ ⲛⲕⲣⲟϥ ϩⲛⲟⲩϫⲱϩⲙ · ⲏ ϩⲛⲟⲩϫⲓⲟⲩⲉ ⲏ ϩⲛϭⲉⲗⲁⲁⲩ ⲛⲛⲟⲃⲉ ⲉϥϫⲓ ⲉϩⲟⲩⲛ ⲉⲡⲙⲟⲩ ⲁⲩⲱ ⲛⲧⲟⲟⲩ ⲛⲥⲉⲧⲙⲧⲁⲙⲟⲓ ϫⲉⲛⲓⲙ ⲡⲉ ⲏ ϫⲉⲟⲩ ⲛⲉ ⲛⲉϩⲃⲏⲩⲉ ⲛⲡⲟⲛⲏⲣⲟⲛ ⲉⲧⲙⲙⲁⲩ · ⲉⲩⲉⲉⲓ ⲉϩⲣⲁⲓ ⲉϫⲱⲟⲩ ⲛϭⲓⲛⲉⲓⲥⲁϩⲟⲩ ⲧⲏⲣⲟⲩ ⲉⲃⲟⲗ ϩⲓⲧⲛⲡⲛⲟⲩⲧⲉ ⲉϣⲱⲡⲉ ⲉⲩϩⲟⲟⲩⲧ ⲡⲉ ⲉϣⲱⲡⲉ ⲉⲩⲥϩⲓⲙⲉ ⲧⲉ ·,sahidic,UD_Coptic-Scriptorium/dev.conllu#shenoute_a22-a22_YA421-428_s0010 (CC BY 4.0),gold
"All the things that it is fitting to write in this letter and which we have not written, they are all written on the papers written from the beginning.",ⲛⲕⲟⲟⲩⲉ ⲇⲉ ⲧⲏⲣⲟⲩ ⲉⲧⲉϣϣⲉ ⲉⲥⲁϩⲟⲩ ⲉϩⲣⲁⲓ ⲉⲧⲉⲓⲉⲡⲓⲥⲧⲟⲗⲏ · ⲁⲩⲱ ⲙⲡⲛⲥⲁϩⲟⲩ · ⲉⲓⲥϩⲏⲏⲛⲉ ⲥⲉⲥⲏϩ ⲧⲏⲣⲟⲩ ϩⲛⲛⲉⲭⲁⲣⲧⲏⲥ ⲉⲧⲥⲏϩ ϫⲓⲛⲛϣⲟⲣⲡ ·,sahidic,UD_Coptic-Scriptorium/dev.conllu#shenoute_a22-a22_YA421-428_s0011 (CC BY 4.0),gold
"The holy words of Our Lord Jesus written in the Scriptures and in this letter, I will tell you what they are like.",ⲛϣⲁϫⲉ ⲇⲉ ⲉⲧⲟⲩⲁⲁⲃ ⲛⲧⲉⲡⲉⲛϫⲟⲉⲓⲥ ⲓⲏⲥⲟⲩⲥ ⲉⲧⲥⲏϩ ϩⲛⲛⲉⲅⲣⲁⲫⲏ · ⲁⲩⲱ ϩⲛϯⲉⲡⲓⲥⲧⲟⲗⲏ ϯⲛⲁⲧⲁⲙⲱⲧⲛ ϫⲉⲉⲩⲧⲛⲧⲱⲛ ⲉⲟⲩ ·,sahidic,UD_Coptic-Scriptorium/dev.conllu#shenoute_a22-a22_YA421-428_s0012 (CC BY 4.0),gold
They are like candles that burn in places of darkness.,ⲉⲩⲧⲛⲧⲱⲛ ⲉϩⲉⲛϩⲏⲃⲥ ⲉⲁⲩϫⲉⲣⲱⲟⲩ ϩⲛϩⲉⲛⲙⲁ ⲛⲕⲁⲕⲉ ·,sahidic,UD_Coptic-Scriptorium/dev.conllu#shenoute_a22-a22_YA421-428_s0013 (CC BY 4.0),gold
And they are like the light of day.,ⲁⲩⲱ ⲉⲩⲧⲛⲧⲱⲛ ⲉⲡⲟⲩⲟⲉⲓⲛ ⲙⲡⲉϩⲟⲟⲩ ·,sahidic,UD_Coptic-Scriptorium/dev.conllu#shenoute_a22-a22_YA421-428_s0014 (CC BY 4.0),gold
"And the mindless, whose acts of stupidity abound, are like bats.",ⲁⲩⲱ ⲛⲁⲧϩⲏⲧ ⲉⲧⲣϩⲟⲩⲟ ⲉⲙⲁⲧⲉ ϩⲛϩⲉⲛⲙⲛⲧⲥⲟϭ · ⲉⲩⲧⲛⲧⲱⲛ ⲉϩⲉⲛⲛⲩⲕⲧⲉⲣⲓⲥ ·,sahidic,UD_Coptic-Scriptorium/dev.conllu#shenoute_a22-a22_YA421-428_s0015 (CC BY 4.0),gold
"And like those who are struck down or run in to the darkness or places where bats are dug deep, namely bats, whenever they see the light of the lamps' flame and the light of day,",ⲁⲩⲱ ⲛⲧϩⲉ ⲉⲧⲉϣⲁⲩⲣⲱϩⲧ ⲉⲡⲉⲥⲏⲧ ⲏ ⲛⲥⲉⲡⲱⲧ ⲉϩⲟⲩⲛ ⲉⲡⲕⲁⲕⲉ · ⲏ ⲉϩⲣⲁⲓ ⲉϩⲉⲛⲙⲁ ⲉⲩϣⲟⲕϩ ⲛϭⲓϩⲉⲛⲛⲩⲕⲧⲉⲣⲓⲥ ⲉⲧⲉϭⲓⲛϭⲗⲱ ⲡⲉ · ϩⲟⲧⲁⲛ ⲉⲩϣⲁⲛⲛⲁⲩ ⲉⲡⲟⲩⲟⲉⲓⲛ ⲙⲡϣⲁϩ ⲛϩⲉⲛϩⲏⲃⲥ ⲙⲛⲡⲟⲩⲟⲉⲓⲛ ⲙⲡⲉϩⲟⲟⲩ ·,sahidic,UD_Coptic-Scriptorium/dev.conllu#shenoute_a22-a22_YA421-428_s0016 (CC BY 4.0),gold
"in the same way the mindless and excessively stupid will be struck down or into passions with their desires and the darkness of their false knowledge in the face of all the words of Our Lord, not only those from the Scriptures, or in this letter, but in the face of all the other words written in these documents from the beginning.",ⲧⲁⲓ ⲟⲛ ⲧⲉ ⲧϩⲉ ⲉⲧⲉⲣⲉⲛⲁⲧϩⲏⲧ ⲙⲛⲛⲉⲧⲣϩⲟⲩⲟ ⲉⲙⲁⲧⲉ ϩⲛϩⲉⲛⲙⲛⲧⲥⲟϭ ⲛⲁⲣⲱϩⲧ ⲉⲡⲉⲥⲏⲧ ⲏ ⲉϩⲣⲁⲓ ⲉⲛⲉⲩⲡⲁⲑⲟⲥ ⲙⲛⲛⲉⲩⲟⲩⲱϣ · ⲙⲛⲡⲕⲁⲕⲉ ⲙⲡⲉⲩⲥⲟⲟⲩⲛ ⲛⲛⲟⲩϫ ⲛⲛⲁϩⲣⲛⲛϣⲁϫⲉ ⲧⲏⲣⲟⲩ ⲙⲡⲉⲛϫⲟⲉⲓⲥ · ⲉⲓⲧⲉ ⲛⲉⲃⲟⲗ ϩⲛⲛⲉⲅⲣⲁⲫⲏ · ⲉⲓⲧⲉ ⲛⲉⲃⲟⲗ ϩⲛⲧⲉⲓⲉⲡⲓⲥⲧⲟⲗⲏ ⲙⲙⲁⲧⲉ ⲁⲛ · ⲁⲗⲗⲁ ⲛⲛⲁϩⲣⲛⲛⲕⲟⲟⲩⲉ ⲧⲏⲣⲟⲩ ⲉⲧⲥⲏϩ ϩⲣⲁⲓ ϩⲛⲛⲉⲓⲭⲁⲣⲧⲏⲥ ⲉⲧⲥⲏϩ ϫⲓⲛⲛϣⲟⲣⲡ,sahidic,UD_Coptic-Scriptorium/dev.conllu#shenoute_a22-a22_YA421-428_s0017 (CC BY 4.0),gold
"Again, the holy words of Our Lord Jesus are like the light of lamps in the hands of wise men.",ⲡⲁⲗⲓⲛ ⲇⲉ ⲟⲛ ⲉⲩⲧⲛⲧⲱⲛ ⲛϭⲓⲛϣⲁϫⲉ ⲉⲧⲟⲩⲁⲁⲃ ⲛⲧⲉⲡⲉⲛϫⲟⲉⲓⲥ ⲓⲏⲥⲟⲩⲥ ⲉⲡⲟⲩⲟⲉⲓⲛ ⲛϩⲉⲛϩⲏⲃⲥ ⲉⲩϩⲛⲛϭⲓϫ ⲛⲟⲩⲣⲱⲙⲉ ⲛⲥⲁⲃⲉ ·,sahidic,UD_Coptic-Scriptorium/dev.conllu#shenoute_a22-a22_YA421-428_s0018 (CC BY 4.0),gold
They illuminate him in places of darkness as he does his work.,ⲉⲩⲣⲟⲩⲟⲉⲓⲛ ⲉⲣⲟϥ ϩⲛϩⲉⲛⲙⲁ ⲛⲕⲁⲕⲉ ⲉϥⲉⲓⲣⲉ ⲛⲛⲉϥϩⲃⲏⲩⲉ ·,sahidic,UD_Coptic-Scriptorium/dev.conllu#shenoute_a22-a22_YA421-428_s0019 (CC BY 4.0),gold
As it is written: 'Your word is the lamp for my feet.',ⲕⲁⲧⲁⲧϩⲉ ⲉⲧⲥⲏϩ ϫⲉⲡϩⲏⲃⲥ ⲛⲛⲁⲟⲩⲉⲣⲏⲧⲉ : ⲉⲡⲉⲕϣⲁϫⲉ,sahidic,UD_Coptic-Scriptorium/dev.conllu#shenoute_a22-a22_YA421-428_s0020 (CC BY 4.0),gold
They are like the light of day,ⲁⲩⲱ ⲉⲩⲧⲛⲧⲱⲛ ⲉⲡⲟⲩⲟⲉⲓⲛ ⲙⲡⲉϩⲟⲟⲩ ·,sahidic,UD_Coptic-Scriptorium/dev.conllu#shenoute_a22-a22_YA421-428_s0021 (CC BY 4.0),gold
"and the one who pays attention to them will not stumble, as it written: 'The one who walks in the day does not stumble.'",ⲁⲩⲱ ⲡⲉⲧϯ ⲛϩⲧⲏϥ ⲉⲣⲟⲟⲩ ⲛϥⲛⲁϫⲓϫⲣⲟⲡ ⲁⲛ ⲕⲁⲧⲁⲛⲉⲅⲣⲁⲫⲏ ϫⲉⲡⲉⲧⲙⲟⲟϣⲉ ϩⲛⲡⲉϩⲟⲟⲩ · ⲙⲉϥϫⲓϫⲣⲟⲡ ·,sahidic,UD_Coptic-Scriptorium/dev.conllu#shenoute_a22-a22_YA421-428_s0022 (CC BY 4.0),gold
"For this reason, blessed are the children of light, that is, those who walk in the openness of submission and complete obedience and good.",ⲉⲧⲃⲉⲡⲁⲓ ⲛⲁⲓⲁⲧⲟⲩ ⲛⲛϣⲏⲣⲉ ⲙⲡⲟⲩⲟⲉⲓⲛ ⲉⲧⲉⲛⲉⲧⲙⲟⲟϣⲉ ⲛⲉ ϩⲛⲧⲡⲁⲣⲣⲏⲥⲓⲁ ⲛϩⲩⲡⲟⲧⲁⲅⲏ ⲛⲓⲙ ϩⲓⲙⲛⲧⲥⲧⲙⲏⲧ ⲛⲓⲙ ϩⲓϩⲱⲃ ⲛⲓⲙ ⲛⲁⲅⲁⲑⲟⲛ,sahidic,UD_Coptic-Scriptorium/dev.conllu#shenoute_a22-a22_YA421-428_s0023 (CC BY 4.0),gold
"Woe to the children of darkness, that is, those who walk in complete disobedience and ignorance.",ⲟⲩⲟⲓ ⲇⲉ ⲛⲛϣⲏⲣⲉ ⲙⲡⲕⲁⲕⲉ ⲉⲧⲉⲛⲉⲧⲙⲟⲟϣⲉ ⲛⲉ ϩⲛⲙⲛⲧⲁⲧⲥⲱⲧⲙ ⲛⲓⲙ ϩⲓⲙⲛⲧⲁⲧⲥⲃⲱ ⲛⲓⲙ ·,sahidic,UD_Coptic-Scriptorium/dev.conllu#shenoute_a22-a22_YA421-428_s0024 (CC BY 4.0),gold
"They rush in and up to darkness in every iniquity, like the bats which rush in and up to a very deep place of darkness.",ⲉⲩⲡⲏⲧ ⲉϩⲟⲩⲛ ⲏ ⲉϩⲣⲁⲓ ⲉⲡⲕⲁⲕⲉ ⲛϩⲱⲃ ⲛⲓⲙ ⲉϥϩⲟⲟⲩ ⲛⲧϩⲉ ⲛⲛⲛⲩⲕⲧⲉⲣⲓⲥ ⲉⲧⲡⲏⲧ ⲉϩⲟⲩⲛ ⲏ ⲉϩⲣⲁⲓ ⲉϩⲉⲛⲙⲁ ⲛⲕⲁⲕⲉ ⲉⲩϣⲟⲕϩ ⲉⲙⲁⲧⲉ ·,sahidic,UD_Coptic-Scriptorium/dev.conllu#shenoute_a22-a22_YA421-428_s0025 (CC BY 4.0),gold
"Why did the Lord God say through His saints: 'If your enemy too is hungry, feed him and if he is thirsty, give him to drink'?",ⲁϩⲣⲟϥ ⲁϥϫⲟⲟⲥ ⲛϭⲓⲡϫⲟⲉⲓⲥ ⲡⲛⲟⲩⲧⲉ ⲉⲃⲟⲗ ϩⲓⲧⲟⲟⲧⲟⲩ ⲛⲛⲉϥⲡⲉⲧⲟⲩⲁⲁⲃ ϫⲉⲉⲣϣⲁⲛⲡⲉⲕϫⲁϫⲉ ϩⲕⲟ ⲙⲁⲧⲙⲙⲟϥ ⲁⲩⲱ ⲉϥϣⲁⲛⲉⲓⲃⲉ ⲙⲁⲧⲥⲟϥ,sahidic,UD_Coptic-Scriptorium/dev.conllu#shenoute_a22-a22_YA421-428_s0026 (CC BY 4.0),gold
"Why too did He say: 'If your brother does not listen to you, let him be a gentile and tax collector to you'?",ⲉⲧⲃⲉⲟⲩ ϩⲱⲱϥ ⲁϥϫⲟⲟⲥ ϫⲉⲉⲣϣⲁⲛⲧⲙⲡⲉⲕⲥⲟⲛ ⲥⲱⲧⲙ ⲛⲥⲱⲕ ⲙⲁⲣⲉϥϣⲱⲡⲉ ⲛⲁⲕ ⲛⲧϩⲉ ⲛⲟⲩϩⲉⲑⲛⲓⲕⲟⲥ ⲙⲛⲟⲩⲧⲉⲗⲱⲛⲏⲥ ·,sahidic,UD_Coptic-Scriptorium/dev.conllu#shenoute_a22-a22_YA421-428_s0027 (CC BY 4.0),gold
"But in saying this, do every good thing to your enemies, according to the commandment, He wishes the good person of God to achieve goodness through the wickedness of the wicked person who is allotted to his sinning, Satan.",ϩⲙⲡⲧⲣⲉϥϫⲟⲟⲥ ⲇⲉ ϫⲉⲣⲡⲉⲧⲛⲁⲛⲟⲩϥ ⲛⲓⲙ ⲛⲛⲉⲧⲛϫⲓϫⲉⲉⲩⲉ ⲕⲁⲧⲁⲧⲉⲛⲧⲟⲗⲏ · ⲉϥⲟⲩⲱϣ ⲉⲧⲣⲉⲡⲁⲅⲁⲑⲟⲥ ⲛⲣⲱⲙⲉ ⲛⲧⲉⲡⲛⲟⲩⲧⲉ ϫⲱⲕ ⲉⲃⲟⲗ ⲛⲟⲩⲙⲛⲧⲁⲅⲁⲑⲟⲥ ϩⲓⲧⲛⲧⲡⲟⲛⲏⲣⲓⲁ ⲙⲡⲡⲟⲛⲏⲣⲟⲥ ⲛⲣⲱⲙⲉ ⲉⲧⲏⲡ ⲉⲡⲣⲉϥⲣⲛⲟⲃⲉ ⲡⲥⲁⲧⲁⲛⲁⲥ,sahidic,UD_Coptic-Scriptorium/dev.conllu#shenoute_a22-a22_YA421-428_s0028 (CC BY 4.0),gold
"For, in place of the wickedness of the wicked person, the goodness of the good person removes the wickedness of the hostile person.",ⲉⲡⲉⲓⲇⲏ ⲉⲡⲙⲁ ⲛⲧⲡⲟⲛⲏⲣⲓⲁ ⲙⲡⲡⲟⲛⲏⲣⲟⲥ ⲛⲣⲱⲙⲉ ϣⲁⲣⲉⲧⲙⲛⲧⲁⲅⲁⲑⲟⲥ ⲙⲡⲁⲅⲁⲑⲟⲥ ⲛⲣⲱⲙⲉ ϥⲓ ⲙⲙⲁⲩ ⲛⲧⲡⲟⲛⲏⲣⲓⲁ ⲙⲡⲣⲱⲙⲉ ⲛϫⲁϫⲉ ·,sahidic,UD_Coptic-Scriptorium/dev.conllu#shenoute_a22-a22_YA421-428_s0029 (CC BY 4.0),gold
"By repaying a bad deed with a good deed, he achieves the divine nature of God.",ϩⲙⲡⲧⲣⲉⲡⲣⲱⲙⲉ ⲧⲱⲱⲃⲉ ⲛⲟⲩⲡⲉⲧⲛⲁⲛⲟⲩϥ ⲉⲡⲙⲁ ⲛⲟⲩⲡⲉⲧϩⲟⲟⲩ ⲉϣⲁϥϫⲱⲕ ⲉⲃⲟⲗ ⲛⲧⲙⲛⲧⲛⲟⲩⲧⲉ ⲙⲡⲛⲟⲩⲧⲉ ·,sahidic,UD_Coptic-Scriptorium/dev.conllu#shenoute_a22-a22_YA421-428_s0030 (CC BY 4.0),gold
By repaying a good deed with a bad deed he achieves the godlessness of the godless devil.,ϩⲙⲡⲧⲣⲉⲡⲣⲱⲙⲉ ⲇⲉ ⲧⲱⲱⲃⲉ ⲛⲟⲩⲡⲉⲧϩⲟⲟⲩ ⲉⲡⲙⲁ ⲛⲟⲩⲡⲉⲧⲛⲁⲛⲟⲩϥ ⲉϣⲁϥϫⲱⲕ ⲉⲃⲟⲗ ⲛⲧⲙⲛⲧⲁⲧⲛⲟⲩⲧⲉ ⲙⲡⲁⲧⲛⲟⲩⲧⲉ ⲛⲇⲓⲁⲃⲟⲗⲟⲥ ·,sahidic,UD_Coptic-Scriptorium/dev.conllu#shenoute_a22-a22_YA421-428_s0031 (CC BY 4.0),gold
"By saying 'If your brother does not listen to you, let him be an enemy to you like one you have never seen,' in the first place the Lord wishes us to cut him off from us, and after rebuking him, perhaps he might repent after having been a stranger because of God, he being our brother, and return and repent that we may forgive him up to seven times seventy times if he does not repeat the sin for we had planned to cut him off.",ϩⲙⲡⲧⲣⲉϥϫⲟⲟⲥ ⲇⲉ ϫⲉⲉⲣϣⲁⲛⲧⲙⲡⲉⲕⲥⲟⲛ ⲥⲱⲧⲙ ⲛⲥⲱⲕ ⲙⲁⲣⲉϥϣⲱⲡⲉ ⲛⲁⲕ ⲉⲩϫⲁϫⲉ ⲛⲧϩⲉ ⲙⲡⲉⲧⲉⲙⲡⲕⲛⲁⲩ ⲉⲣⲟϥ ⲉⲛⲉϩ · ϣⲟⲣⲡ ⲙⲉⲛ ⲉϥⲟⲩⲱϣ ⲛϭⲓⲡϫⲟⲉⲓⲥ ⲉⲧⲣⲉⲛϣⲁⲁⲧϥ ⲉⲃⲟⲗ ⲙⲙⲟⲛ ⲙⲛⲛⲥⲁⲧⲣⲉⲛϫⲡⲓⲟϥ ϫⲉⲁⲣⲏⲩ ⲣⲱ ⲛϥⲣϩⲧⲏϥ ⲙⲛⲛⲥⲁⲧⲣⲉϥϣⲱⲡⲉ ⲛⲧϩⲉ ⲛⲟⲩϣⲙⲙⲟ ⲉⲧⲃⲉⲡⲛⲟⲩⲧⲉ ⲉⲡⲉⲛⲥⲟⲛ ⲡⲉ ⲁⲩⲱ ⲛϥⲕⲧⲟϥ ⲛϥⲙⲉⲧⲁⲛⲟⲉⲓ ⲛⲧⲛⲕⲱ ⲛⲁϥ ⲉⲃⲟⲗ ϣⲁⲥⲁϣϥ ⲛϣϥⲉ ⲛⲥⲟⲡ ϩⲟⲧⲁⲛ ⲉϥϣⲁⲛⲧⲙⲟⲩⲁϩⲙⲉϥ ⲉϩⲣⲁⲓ ⲉⲡⲛⲟⲃⲉ ⲉⲛⲧⲁⲛⲙⲉⲉⲩⲉ ⲉϣⲁⲁⲧϥ ⲉⲃⲟⲗ ⲙⲙⲟⲛ ⲉⲧⲃⲏⲏⲧϥ ·,sahidic,UD_Coptic-Scriptorium/dev.conllu#shenoute_a22-a22_YA421-428_s0032 (CC BY 4.0),gold
"But if he decides not to turn from the sin for which we had planned to cut him off, we will cut him off from us and he will not return to us and we will not love him.",ⲁⲗⲗⲁ ⲉϣⲱⲡⲉ ⲉϥϣⲁⲛⲧⲙⲣϩⲛⲁϥ ⲉⲕⲧⲟϥ ⲉⲃⲟⲗ ϩⲙⲡⲛⲟⲃⲉ ⲉⲛⲧⲁⲛⲙⲉⲉⲩⲉ ⲉϣⲁⲁⲧϥ ⲉⲃⲟⲗ ⲙⲙⲟⲛ ⲉⲧⲃⲏⲏⲧϥ ⲉⲛⲛⲁϣⲁⲁⲧϥ ⲉⲃⲟⲗ ⲙⲙⲟⲛ ⲁⲩⲱ ⲛⲛⲉϥⲕⲧⲟϥ ⲉⲣⲟⲛ ⲁⲩⲱ ⲛⲛⲉⲛⲙⲉⲣⲓⲧϥ,sahidic,UD_Coptic-Scriptorium/dev.conllu#shenoute_a22-a22_YA421-428_s0033 (CC BY 4.0),gold
"But let him be an enemy for us because of God, though he is our brother.",ⲁⲗⲗⲁ ⲉϥⲉϣⲱⲡⲉ ⲛⲁⲛ ⲛⲟⲩϫⲁϫⲉ ⲉⲧⲃⲉⲡⲛⲟⲩⲧⲉⲉⲡⲉⲛⲥⲟⲛ ⲡⲉ,sahidic,UD_Coptic-Scriptorium/dev.conllu#shenoute_a22-a22_YA421-428_s0034 (CC BY 4.0),gold
And in this way the God-loving one reveals his entire love for the Lord that he has loved Him more than his brother and more than his father and mother.,ⲁⲩⲱ ⲛⲧⲉⲓϩⲉ ϣⲁⲣⲉⲡⲙⲁⲓⲛⲟⲩⲧⲉ ⲟⲩⲱⲛϩ ⲉⲃⲟⲗ ⲙⲡⲉϥⲟⲩⲱϣ ⲧⲏⲣϥ ⲉϩⲟⲩⲛ ⲉⲡϫⲟⲉⲓⲥ ϫⲉⲁϥⲙⲉⲣⲓⲧϥ ⲉϩⲟⲩⲟ ⲉⲡⲉϥⲥⲟⲛ · ⲁⲩⲱ ⲛϩⲟⲩⲟ ⲉⲡⲉϥⲉⲓⲱⲧ ⲙⲛⲧⲉϥⲙⲁⲁⲩ ·,sahidic,UD_Coptic-Scriptorium/dev.conllu#shenoute_a22-a22_YA421-428_s0035 (CC BY 4.0),gold
"For it is a great perfection for a man to cut himself off from his brother or his son or his daughter or his father or his mother or any other person of his for the sake of God, when they sin against the One who created them, God.",ⲟⲩⲛⲟϭ ⲅⲁⲣ ⲙⲙⲛⲧⲧⲉⲗⲓⲟⲥ ⲧⲉ ⲉⲧⲣⲉⲡⲣⲱⲙⲉ ϣⲱⲱⲧ ⲉⲃⲟⲗ ⲙⲙⲟϥ ⲙⲡⲉϥⲥⲟⲛ ⲏ ⲡⲉϥϣⲏⲣⲉ ⲏ ⲧⲉϥϣⲉⲉⲣⲉ ⲏ ⲡⲉϥⲉⲓⲱⲧ ⲏ ⲧⲉϥⲙⲁⲁⲩ ⲏ ϭⲉⲗⲁⲁⲩ ⲛⲣⲱⲙⲉ ⲛⲧⲁϥ ⲉⲧⲃⲉⲡⲛⲟⲩⲧⲉ · ϩⲟⲧⲁⲛ ⲉⲩϣⲁⲛⲣⲛⲟⲃⲉ ⲉⲡⲉⲛⲧⲁϥⲧⲁⲙⲓⲟⲟⲩ ⲉⲧⲉⲡⲛⲟⲩⲧⲉ ⲡⲉ ·,sahidic,UD_Coptic-Scriptorium/dev.conllu#shenoute_a22-a22_YA421-428_s0036 (CC BY 4.0),gold
It is a great strength for a man to love his enemies for the sake of God and pray for those who pursue him that do harm to him for the sake of God and bless those who curse him and sin against him.,ⲁⲩⲱ ⲟⲩⲛⲟϭ ⲙⲙⲛⲧϫⲱⲱⲣⲉ ⲧⲉ ⲉⲧⲣⲉⲡⲣⲱⲙⲉ ⲙⲉⲣⲉⲛⲉϥϫⲓϫⲉⲉⲩⲉ ⲉⲧⲃⲉⲡⲛⲟⲩⲧⲉ ⲁⲩⲱ ⲛϥϣⲗⲏⲗ ⲉϫⲛⲛⲉⲧⲡⲏⲧ ⲛⲥⲱϥ ⲉⲧⲣⲡⲉⲧϩⲟⲟⲩ ⲛⲁϥ ⲁⲩⲱ ⲉⲧⲃⲉⲡⲛⲟⲩⲧⲉ ⲛϥⲥⲙⲟⲩ ⲉⲛⲉⲧⲥⲁϩⲟⲩ ⲙⲙⲟϥ ⲉⲧⲣⲛⲟⲃⲉ ⲉⲣⲟϥ ·,sahidic,UD_Coptic-Scriptorium/dev.conllu#shenoute_a22-a22_YA421-428_s0037 (CC BY 4.0),gold
This is what He meant by 'Let your brother be for you a gentile and tax collector for the sake of God if he sins before the Lord.',ⲁⲩⲱ ⲧⲁⲓ ⲧⲉ ⲧϩⲉ ⲛⲧⲁϥϫⲟⲟⲥ ϫⲉⲙⲁⲣⲉⲡⲉⲕⲥⲟⲛ ϣⲱⲡⲉ ⲛⲁⲕ ⲛⲟⲩϩⲉⲑⲛⲓⲕⲟⲥ ⲙⲛⲟⲩⲧⲉⲗⲱⲛⲏⲥ ⲉⲧⲃⲉⲡⲛⲟⲩⲧⲉ ϩⲟⲧⲁⲛ ⲉϥϣⲁⲛⲣⲛⲟⲃⲉ ⲙⲡⲙⲧⲟ ⲉⲃⲟⲗ ⲙⲡϫⲟⲉⲓⲥ ·,sahidic,UD_Coptic-Scriptorium/dev.conllu#shenoute_a22-a22_YA421-428_s0038 (CC BY 4.0),gold
"Your enemy too, who sins against you, love him and bless him for God's sake.",ⲡⲉⲕϫⲁϫⲉ ⲇⲉ ϩⲱⲱϥ ⲉⲧⲣⲛⲟⲃⲉ ⲉⲣⲟⲕ ⲛⲅⲙⲉⲣⲓⲧϥ ⲁⲩⲱ ⲛⲅⲥⲙⲟⲩ ⲉⲣⲟϥ ⲉⲧⲃⲉⲡⲛⲟⲩⲧⲉ ·,sahidic,UD_Coptic-Scriptorium/dev.conllu#shenoute_a22-a22_YA421-428_s0039 (CC BY 4.0),gold
"We too, brothers, inasmuch as we are partners with each other, we are the children of a single man, God,",ⲁⲛⲟⲛ ⲇⲉ ϩⲱⲱⲛ ⲉⲥⲛⲏⲩ ⲉⲛϩⲟⲥⲟⲛ ⲉⲛⲟ ⲛⲕⲟⲓⲛⲱⲛⲟⲥ ⲙⲛⲛⲉⲛⲉⲣⲏⲩ ⲁⲛⲟⲛ ⲛϣⲏⲣⲉ ⲛⲟⲩⲣⲱⲙⲉ ⲛⲟⲩⲱⲧ ⲉⲧⲉⲡⲛⲟⲩⲧⲉ ⲡⲉ ·,sahidic,UD_Coptic-Scriptorium/dev.conllu#shenoute_a22-a22_YA421-428_s0040 (CC BY 4.0),gold
"and a single mother, heavenly Jerusalem, according to the Scriptures.",ⲁⲩⲱ ⲁⲛⲟⲛ ⲛϣⲏⲣⲉ ⲛⲟⲩⲙⲁⲁⲩ ⲛⲟⲩⲱⲧ ⲉⲧⲉⲧϩⲓⲉⲣⲟⲩⲥⲁⲗⲏⲙ ⲛⲧⲡⲉ ⲧⲉ ⲕⲁⲧⲁⲛⲉⲅⲣⲁⲫⲏ ·,sahidic,UD_Coptic-Scriptorium/dev.conllu#shenoute_a22-a22_YA421-428_s0041 (CC BY 4.0),gold
"Our father and mother who gave birth to us and nourished us in the flesh, are they better than our true father and mother?",ⲙⲏ ⲁⲣⲁ ϭⲉ ⲉϥⲥⲟⲧⲡ ⲛϭⲓⲡⲉⲛⲉⲓⲱⲧ ⲙⲛⲧⲉⲛⲙⲁⲁⲩ ⲉⲛⲧⲁⲩϫⲡⲟⲛ ⲁⲩⲱ ⲉⲁⲩⲥⲁⲛⲟⲩϣⲛ ⲕⲁⲧⲁⲥⲁⲣⲝ ⲛϩⲟⲩⲟ ⲉⲡⲉⲛϫⲟⲉⲓⲥ ⲓⲏⲥⲟⲩⲥ ⲡⲉⲛⲉⲓⲱⲧ ⲁⲩⲱ ⲧⲉⲛⲙⲁⲁⲩ ⲛⲁⲙⲉ ·,sahidic,UD_Coptic-Scriptorium/dev.conllu#shenoute_a22-a22_YA421-428_s0042 (CC BY 4.0),gold
The One who gave birth to us with His holy blood [,ⲡⲁⲓ ⲉⲛⲧⲁϥϫⲡⲟⲛ ϩⲣⲁⲓ ϩⲙⲡⲉϥⲥⲛⲟϥ ⲉⲧⲟⲩⲁⲁⲃ,sahidic,UD_Coptic-Scriptorium/dev.conllu#shenoute_a22-a22_YA421-428_s0043 (CC BY 4.0),gold
"He said, that is Abba Isaac: “Our fathers and Abba Pambo would wear tunics of rags in pieces and tunics of palm fiber,",ⲁϥϫⲟⲟⲥ ⲛϭⲓⲁⲡⲁ ⲓⲥⲁⲕ ϫⲉⲛⲉⲛⲉⲓⲟⲧⲉ ⲙⲛⲁⲡⲁ ⲡⲁⲙⲃⲱ ⲛⲉⲩⲫⲟⲣⲉⲓ ⲛϩⲉⲛϣⲧⲏⲛ ⲙⲡⲉⲗϭⲉ ⲉⲩϩⲛⲛⲧⲟⲉⲓⲥ ⲙⲛϩⲉⲛϣⲧⲏⲛ ⲛϣⲃⲛⲛⲉ .,sahidic,UD_Coptic-Scriptorium/dev.conllu#apophthegmata_patrum-AP_023_isaac-cells_07_s0001 (CC BY 4.0),gold
but you now you wear adorned tunics.,ⲛⲧⲱⲧⲛ ⲇⲉ ⲧⲉⲛⲟⲩ ⲧⲉⲧⲛⲫⲟⲣⲉⲓ ⲛϩⲉⲛϣⲧⲏⲛ ⲉⲩⲧⲁⲉⲓⲏⲩ .,sahidic,UD_Coptic-Scriptorium/dev.conllu#apophthegmata_patrum-AP_023_isaac-cells_07_s0002 (CC BY 4.0),gold
"Go from this place,",ⲃⲱⲕ ⲛⲧⲱⲧⲛ ⲙⲡⲉⲓⲙⲁ ·,sahidic,UD_Coptic-Scriptorium/dev.conllu#apophthegmata_patrum-AP_023_isaac-cells_07_s0003 (CC BY 4.0),gold
you have ruined it.”,ⲁⲧⲉⲧⲛⲧⲁⲕⲟϥ .,sahidic,UD_Coptic-Scriptorium/dev.conllu#apophthegmata_patrum-AP_023_isaac-cells_07_s0004 (CC BY 4.0),gold
"Then as they were about to go to the harvest he said to them: “I’m not going to repeat and give you an order again,",ⲉⲩⲛⲁⲃⲱⲕ ⲇⲉ ⲉⲡⲱϩⲥ ⲡⲉϫⲁϥ ⲛⲁⲩ ϫⲉⲛϯⲛⲁⲃⲱⲕ ⲁⲛ ⲉⲕⲟⲧⲧ ⲉϯⲛⲧⲟⲗⲏ ⲛⲏⲧⲛ .,sahidic,UD_Coptic-Scriptorium/dev.conllu#apophthegmata_patrum-AP_024_isaac-cells_07_s0001 (CC BY 4.0),gold
"after all, you don’t observe them.”",ⲛⲧⲉⲧⲛ ϩⲁⲣⲉϩ ⲅⲁⲣ ⲁⲛ .,sahidic,UD_Coptic-Scriptorium/dev.conllu#apophthegmata_patrum-AP_024_isaac-cells_07_s0002 (CC BY 4.0),gold
He also said that Abba Pambo said: “This is the way that it is fitting for the monk to wear his clothes:,ⲛⲧⲟϥ ⲟⲛ ⲁϥϫⲟⲟⲥ ϫⲉⲁ ⲁⲡⲁ ⲡⲁⲙⲃⲱ ϫⲟⲟⲥ ϫⲉⲧⲁⲓ ⲧⲉ ⲧϩⲉ ⲉⲧⲉϣϣⲉ ⲉⲡⲙⲟⲛⲁⲭⲟⲥ ⲉⲫⲟⲣⲉⲓ ⲛⲛⲉϥϩⲟⲓⲧⲉ ·,sahidic,UD_Coptic-Scriptorium/dev.conllu#apophthegmata_patrum-AP_025_isaac-cells_12_s0001 (CC BY 4.0),gold
such that if he throws his tunic out of his cell for three days no one will pick it up to wear it –,ϩⲱⲥⲧⲉ ⲉⲛⲉϫ ⲧⲉϥϣⲧⲏⲛ ⲙⲡⲃⲟⲗ ⲛⲧⲉϥⲣⲓ ⲛϣⲟⲙⲛⲧ ⲛϩⲟⲟⲩ . ⲛⲧⲉⲧⲙ ⲗⲁⲁⲩ ⲧⲁⲓⲟⲥ ⲉϥⲓⲧⲥ ·,sahidic,UD_Coptic-Scriptorium/dev.conllu#apophthegmata_patrum-AP_025_isaac-cells_12_s0002 (CC BY 4.0),gold
then he may wear it.”,ⲧⲟⲧⲉ ⲉϥⲉⲫⲟⲣⲉⲓ ⲙⲙⲟⲥ .,sahidic,UD_Coptic-Scriptorium/dev.conllu#apophthegmata_patrum-AP_025_isaac-cells_12_s0003 (CC BY 4.0),gold
"Apa Cassian said, 'A nobleman (senator?) said, after he renounced all his possessions,",ⲁϥϫⲟⲟⲥ ⲛϭⲓⲁⲡⲁ ⲕⲁⲥⲓⲁⲛⲟⲥ · ϫⲉⲁϥϫⲟⲟⲥ ⲛϭⲓⲟⲩⲁ ⲛⲛⲥⲩⲛⲕⲗⲏⲧⲓⲕⲟⲥ · ⲉⲁϥⲁⲡⲟⲧⲁⲥⲥⲉ ⲛⲛⲉϥⲭⲣⲏⲙⲁ ⲧⲏⲣⲟⲩ,sahidic,UD_Coptic-Scriptorium/dev.conllu#apophthegmata_patrum-AP_026_cassian_07_s0001 (CC BY 4.0),gold
he gave them to the poor.,ⲁϥⲧⲁⲁⲩ ⲛⲛϩⲏⲕⲉ ·,sahidic,UD_Coptic-Scriptorium/dev.conllu#apophthegmata_patrum-AP_026_cassian_07_s0002 (CC BY 4.0),gold
He set a little for himself because of his own needs.,ⲁϥⲕⲁ ϩⲉⲛⲕⲟⲩⲓ ⲛⲁϥ ⲉⲧⲃⲉⲧⲉϥⲭⲣⲉⲓⲁ ⲙⲁⲩⲁⲁϥ ·,sahidic,UD_Coptic-Scriptorium/dev.conllu#apophthegmata_patrum-AP_026_cassian_07_s0003 (CC BY 4.0),gold
"He did not wish to live in complete renunciation, of humility of heart.",ⲙⲡⲉϥⲟⲩⲱϣ ⲉⲱⲛϩ ϩⲛⲟⲩⲙⲛⲧⲁⲡⲟⲧⲁⲕⲧⲓⲕⲟⲥ ⲉⲧϫⲏⲕ ⲉⲃⲟⲗ · ⲻ ⲛⲧⲉⲡⲉⲑⲃⲃⲓⲟ ⲛϩⲏⲧ · ⲻ,sahidic,UD_Coptic-Scriptorium/dev.conllu#apophthegmata_patrum-AP_026_cassian_07_s0004 (CC BY 4.0),gold
"who said, 'The elite (senatorial?) rank, you lost it; and monasticism, you did not find it.",ⲡⲁⲓ ⲇⲉ ⲁϥϫⲱ ⲛⲟⲩϣⲁϫⲉ ⲛⲁϩⲣⲁϥ ⲛϭⲓⲃⲁⲥⲓⲙⲟⲥ ⲡⲉⲧϣⲟⲟⲡ ϩⲛⲛⲉⲧⲟⲩⲁⲁⲃ · ⲉϥϫⲱ ⲙⲙⲟⲥ ϫⲉⲧⲙⲛⲧⲥⲩⲛⲕⲗⲏⲧⲓⲕⲟⲥ ⲁⲕⲥⲟⲣⲙⲉⲥ ·,sahidic,UD_Coptic-Scriptorium/dev.conllu#apophthegmata_patrum-AP_026_cassian_07_s0005 (CC BY 4.0),gold
"who said, 'The elite (senatorial?) rank, you lost it; and monasticism, you did not find it.",ⲁⲩⲱ ⲧⲙⲛⲧⲙⲟⲛⲁⲭⲟⲥ ⲙⲡⲉⲕϩⲉ ⲉⲣⲟⲥ · ⲻ,sahidic,UD_Coptic-Scriptorium/dev.conllu#apophthegmata_patrum-AP_026_cassian_07_s0006 (CC BY 4.0),gold
"They came to the other side of the sea, into the country of the Gadarenes.",ⲁⲩⲱ ⲁⲩⲙⲟⲟϣⲉ ⲉⲡⲉⲕⲣⲟ ⲛⲧⲉⲑⲁⲗⲁⲥⲥⲁ ⲉⲧⲉⲭⲱⲣⲁ ⲛⲛⲅⲉⲣⲁⲥⲏⲛⲟⲥ,sahidic,UD_Coptic-Scriptorium/dev.conllu#sahidica_mark-Mark_05_s0001 (CC BY 4.0),gold
"When he had come out of the boat, immediately a man with an unclean spirit met him out of the tombs.",ⲁⲩⲱ ⲛⲧⲉⲣⲉϥⲫⲱϭⲉ ⲉⲡⲉⲕⲣⲟ ⲛⲧⲉⲩⲛⲟⲩ ⲁϥⲧⲱⲙⲛⲧ ⲉⲣⲟϥ ⲛϭⲓⲟⲩⲣⲱⲙⲉ ⲉϥⲛⲏⲩ ⲉⲃⲟⲗ ϩⲛⲛⲉⲙϩⲁⲟⲩ ⲉⲣⲉⲟⲩⲡⲛⲉⲩⲙⲁ ⲛⲁⲕⲁⲑⲁⲣⲧⲟⲛ ⲛⲙⲙⲁϥ,sahidic,UD_Coptic-Scriptorium/dev.conllu#sahidica_mark-Mark_05_s0002 (CC BY 4.0),gold
"He lived in the tombs. Nobody could bind him any more, not even with chains,",ⲉϥϣⲟⲟⲡ ϩⲛⲛⲉⲙϩⲁⲟⲩ ⲉⲙⲡⲉϣⲗⲁⲁⲩ ϭⲉ ϭⲙϭⲟⲙ ⲉⲙⲟⲣϥ ϩⲛϩⲁⲗⲩⲥⲓⲥ ⲉⲃⲟⲗ,sahidic,UD_Coptic-Scriptorium/dev.conllu#sahidica_mark-Mark_05_s0003 (CC BY 4.0),gold
"because he had been often bound with fetters and chains, and the chains had been torn apart by him, and the fetters broken in pieces. Nobody had the strength to tame him.",ϫⲉⲁⲩⲙⲟⲣϥ ⲛϩⲁϩ ⲛⲥⲟⲡ ⲛϩⲉⲛⲡⲁⲓⲇⲉⲥ ⲛⲙϩⲉⲛϩⲁⲗⲩⲥⲓⲥ ⲁⲩⲱ ϣⲁϥⲥⲗⲡⲛϩⲁⲗⲩⲥⲓⲥ ⲛϥⲟⲩⲉϭⲡⲙⲡⲁⲓⲇⲉⲥ ⲉⲙⲡⲉϣⲗⲁⲁⲩ ϭⲙϭⲟⲙ ⲉⲣⲟϥ,sahidic,UD_Coptic-Scriptorium/dev.conllu#sahidica_mark-Mark_05_s0004 (CC BY 4.0),gold
"Always, night and day, in the tombs and in the mountains, he was crying out, and cutting himself with stones.",ⲁⲩⲱ ⲟⲩⲟⲉⲓϣ ⲛⲓⲙ ⲛⲧⲉⲩϣⲏ ⲙⲛⲡⲉϩⲟⲟⲩ ⲛⲉϥϩⲛⲛⲉⲙϩⲁⲟⲩ ⲁⲩⲱ ϩⲛⲛⲧⲟⲩⲓⲏ ⲉϥϫⲓϣⲕⲁⲕ ⲉⲃⲟⲗ ⲉⲩϩⲓⲟⲩⲉ ⲉⲣⲟϥ ϩⲛⲛⲱⲛⲉ .,sahidic,UD_Coptic-Scriptorium/dev.conllu#sahidica_mark-Mark_05_s0005 (CC BY 4.0),gold
"When he saw Jesus from afar, he ran and bowed down to him,",ⲛⲧⲉⲣⲉϥⲛⲁⲩ ⲉⲓⲏⲥⲟⲩⲥ ϩⲙⲡⲟⲩⲉ ⲁϥⲡⲱⲧ ⲁϥⲡⲁϩⲧϥ ϩⲁⲣⲁⲧϥ ⲁϥⲟⲩⲱϣⲧ ⲛⲁϥ,sahidic,UD_Coptic-Scriptorium/dev.conllu#sahidica_mark-Mark_05_s0006 (CC BY 4.0),gold
"and crying out with a loud voice, he said, 'What have I to do with you, Jesus, you Son of the Most High God? I adjure you by God, don't torment me.'",ⲁϥⲱϣ ⲇⲉ ⲉⲃⲟⲗ ϩⲛⲟⲩⲛⲟϭ ⲛϩⲣⲟⲟⲩ ⲉϥϫⲱ ⲙⲙⲟⲥ ϫⲉⲁϩⲣⲟⲕ ⲛⲙⲙⲁⲓ ⲓⲏⲥⲟⲩⲥ ⲡϣⲏⲣⲉ ⲙⲡⲛⲟⲩⲧⲉ ⲉⲧϫⲟⲥⲉ ϯⲱⲣⲕ ⲉⲣⲟⲕ ⲙⲡⲛⲟⲩⲧⲉ . ϫⲉⲛⲛⲉⲕⲃⲁⲥⲁⲛⲓⲍⲉ ⲙⲙⲟⲓ .,sahidic,UD_Coptic-Scriptorium/dev.conllu#sahidica_mark-Mark_05_s0007 (CC BY 4.0),gold
"For he said to him, 'Come out of the man, you unclean spirit!'",ⲛⲉⲣⲉⲓⲏⲥⲟⲩⲥ ⲅⲁⲣ ϫⲱ ⲙⲙⲟⲥ ⲛⲁϥ ϫⲉⲁⲙⲟⲩ ⲉⲃⲟⲗ ⲙⲡⲣⲱⲙⲉ ⲡⲉⲡⲛⲉⲩⲙⲁ ⲛⲁⲕⲁⲑⲁⲣⲧⲟⲛ .,sahidic,UD_Coptic-Scriptorium/dev.conllu#sahidica_mark-Mark_05_s0008 (CC BY 4.0),gold
"He asked him, 'What is your name?' He said to him, 'My name is Legion, for we are many.'",ⲁⲩⲱ ⲛⲉϥϫⲛⲟⲩ ⲙⲙⲟϥ ϫⲉⲛⲓⲙ ⲉⲣⲛⲧⲕ ⲡⲉϫⲁϥ ⲛⲁϥ ϫⲉⲗⲉⲅⲓⲱⲛ ⲡⲉ ⲡⲣⲁⲛ ϫⲉⲧⲛϫⲕϩⲁϩ,sahidic,UD_Coptic-Scriptorium/dev.conllu#sahidica_mark-Mark_05_s0009 (CC BY 4.0),gold
He begged him much that he would not send them away out of the country.,ⲁⲩⲱ ⲁⲩⲥⲉⲡⲥⲱⲡϥ ⲉⲙⲁⲧⲉ ϫⲉⲕⲁⲁⲥ ⲛⲛⲉϥⲛⲟϫⲟⲩ ⲉⲃⲟⲗ ⲛⲧⲉⲭⲱⲣⲁ .,sahidic,UD_Coptic-Scriptorium/dev.conllu#sahidica_mark-Mark_05_s0010 (CC BY 4.0),gold
Now on the mountainside there was a great herd of pigs feeding.,ⲛⲉⲥⲙⲡⲙⲁ ⲇⲉ ⲉⲧⲙⲙⲁⲩ ϩⲁⲣⲁⲧϥ ⲙⲡⲧⲟⲟⲩ ⲛϭⲓⲟⲩⲛⲟϭ ⲛⲁⲅⲉⲗⲏ ⲛⲣⲓⲣ ⲉⲩⲙⲟⲟⲛⲉ ⲙⲙⲟⲥ,sahidic,UD_Coptic-Scriptorium/dev.conllu#sahidica_mark-Mark_05_s0011 (CC BY 4.0),gold
"All the demons begged him, saying, 'Send us into the pigs, that we may enter into them.'",ⲁⲩⲱ ⲁⲩⲥⲉⲡⲥⲱⲡϥ ⲉⲩϫⲱ ⲙⲙⲟⲥ ⲛⲁϥ ϫⲉϫⲟⲟⲩⲛ ⲉϩⲟⲩⲛ ⲉⲛⲉϣⲁⲩ,sahidic,UD_Coptic-Scriptorium/dev.conllu#sahidica_mark-Mark_05_s0012 (CC BY 4.0),gold
"At once Jesus gave them permission. The unclean spirits came out and entered into the pigs. The herd of about two thousand rushed down the steep bank into the sea, and they were drowned in the sea.",ⲁⲩⲱ ⲁⲩⲕⲁⲁⲩ ⲉⲧⲣⲉⲩⲃⲱⲕ ⲛⲧⲉⲣⲉⲛⲉⲡⲛⲉⲩⲙⲁ ⲇⲉ ⲛⲁⲕⲁⲑⲁⲣⲧⲟⲛ ⲉⲓ ⲉⲃⲟⲗ ⲁⲩⲃⲱⲕ ⲉϩⲟⲩⲛ ⲉⲛⲉϣⲁⲩ ⲁⲩⲱ ⲁⲥⲣⲱϩⲧ ⲛϭⲓⲧⲁⲅⲉⲗⲏ ⲛⲣⲓⲣ ϩⲓϫⲛⲧϣⲱⲙⲉ ⲉⲡⲉⲕϩⲏⲧ ⲉⲩⲛⲁⲣϫⲟⲩⲱⲧ ⲛϣⲉ ⲁⲩⲙⲟⲩ ϩⲛⲧⲉⲑⲁⲗⲁⲥⲥⲁ .,sahidic,UD_Coptic-Scriptorium/dev.conllu#sahidica_mark-Mark_05_s0013 (CC BY 4.0),gold
"Those who fed them fled, and told it in the city and in the country. The people came to see what it was that had happened.",ⲛⲉⲧⲙⲟⲟⲛⲉ ⲇⲉ ⲙⲙⲟⲟⲩ ⲁⲩⲡⲱⲧ ⲁⲩϫⲓⲡⲟⲩⲱ ⲉϩⲣⲁⲓ ⲉⲧⲡⲟⲗⲓⲥ ⲙⲛⲛⲥⲱϣⲉ ⲁⲩⲉⲓ ⲉⲃⲟⲗ ⲉⲛⲁⲩ ⲉⲡⲉⲛⲧⲁϥϣⲱⲡⲉ .,sahidic,UD_Coptic-Scriptorium/dev.conllu#sahidica_mark-Mark_05_s0014 (CC BY 4.0),gold
"They came to Jesus, and saw him who had been possessed by demons sitting, clothed, and in his right mind, even him who had the legion; and they were afraid.",ⲁⲩⲉⲓ ⲇⲉ ⲉⲣⲁⲧϥ ⲛⲓⲏⲥⲟⲩⲥ ⲁⲩⲛⲁⲩ ⲉⲡⲉⲧⲟ ⲛⲣⲉϥϣⲟⲟⲣ ⲉϥϩⲙⲟⲟⲥ ⲉϩⲣⲁⲓ ⲉⲣⲉⲛⲉϥϩⲟⲓⲧⲉ ϩⲓⲱⲱϥ ⲁⲩⲱ ⲉⲣⲉⲡⲉϥϩⲏⲧ ⲥⲙⲟⲛⲧ . ⲡⲉⲛⲧⲁⲗⲉⲅⲓⲱⲛ ϣⲱⲡⲉ ⲛⲙⲙⲁϥ ⲁⲩⲱ ⲁⲩⲣϩⲟⲧⲉ .,sahidic,UD_Coptic-Scriptorium/dev.conllu#sahidica_mark-Mark_05_s0015 (CC BY 4.0),gold
"Those who saw it declared to them how it happened to him who was possessed by demons, and about the pigs.",ⲛⲉⲛⲧⲁⲩⲛⲁⲩ ⲇⲉ ⲁⲩⲧⲁⲟⲩⲟ ⲉⲣⲟⲟⲩ ⲛⲧϩⲉ ⲛⲧⲁⲥϣⲱⲡⲉ ⲙⲡⲉⲧⲟ ⲛⲇⲁⲓⲙⲱⲛⲓⲟⲛ ⲁⲩⲱ ⲉⲧⲃⲉⲛⲉϣⲁⲩ,sahidic,UD_Coptic-Scriptorium/dev.conllu#sahidica_mark-Mark_05_s0016 (CC BY 4.0),gold
They began to beg him to depart from their region.,ⲁⲩⲥⲉⲡⲥⲱⲡϥ ⲇⲉ ⲉⲧⲣⲉϥⲡⲱⲱⲛⲉ ⲉⲃⲟⲗ ϩⲛⲛⲉⲩⲧⲟϣ,sahidic,UD_Coptic-Scriptorium/dev.conllu#sahidica_mark-Mark_05_s0017 (CC BY 4.0),gold
"As he was entering into the boat, he who had been possessed by demons begged him that he might be with him.",ⲁⲩⲱ ⲉϥⲛⲁⲧⲁⲗⲉ ⲉⲡϫⲟⲉⲓ ⲁϥⲥⲉⲡⲥⲱⲡϥ ⲛϭⲓⲡⲉⲧⲟ ⲛⲇⲁⲓⲙⲱⲛⲓⲟⲛ ⲉⲧⲣⲉϥⲟⲩⲁϩϥ ⲛⲥⲱϥ,sahidic,UD_Coptic-Scriptorium/dev.conllu#sahidica_mark-Mark_05_s0018 (CC BY 4.0),gold
"He didn't allow him, but said to him, 'Go to your house, to your friends, and tell them what great things the Lord has done for you, and how he had mercy on you.'",ⲁⲩⲱ ⲙⲡϥⲕⲁⲁϥ ⲉϥϫⲱ ⲙⲙⲟⲥ ⲛⲁϥ ϫⲉⲃⲱⲕ ⲉϩⲣⲁⲓ ⲉⲡⲉⲕⲏⲓ ϣⲁⲛⲉⲕⲣⲱⲙⲉ ⲛⲅⲧⲁⲟⲩⲟ ⲉⲣⲟⲟⲩ ⲛⲛⲉⲛⲧⲁⲡϫⲟⲉⲓⲥ ⲁⲁⲩ ⲛⲁⲕ,sahidic,UD_Coptic-Scriptorium/dev.conllu#sahidica_mark-Mark_05_s0019 (CC BY 4.0),gold
"He went his way, and began to proclaim in Decapolis how Jesus had done great things for him, and everyone marveled.",ⲉⲁϥⲛⲁ ⲛⲁⲕ ⲁϥⲃⲱⲕ ⲇⲉ ⲁϥⲁⲣⲭⲉⲥⲑⲁⲓ ⲛⲧⲁϣⲉⲟⲉⲓϣ ϩⲛⲧⲇⲉⲕⲁⲡⲟⲗⲓⲥ ⲛⲛⲉⲛⲧⲁⲓⲏⲥⲟⲩⲥ ⲁⲁⲩ ⲛⲁϥ . ⲁⲩⲱ ⲁⲩⲣϣⲡⲏⲣⲉ ⲧⲏⲣⲟⲩ,sahidic,UD_Coptic-Scriptorium/dev.conllu#sahidica_mark-Mark_05_s0020 (CC BY 4.0),gold
"When Jesus had crossed back over in the boat to the other side, a great multitude was gathered to him; and he was by the sea.",ⲛⲧⲉⲣⲉϥϫⲓⲟⲟⲣ ⲉⲃⲟⲗ ϩⲙⲡϫⲟⲉⲓ ⲛϭⲓⲓⲏⲥⲟⲩⲥ ⲁϥⲉⲓ ⲉⲡⲉⲕⲣⲟ . ⲁⲩⲛⲟϭ ⲙⲙⲏⲏϣⲉ ⲥⲱⲟⲩϩ ⲉⲣⲟϥ . ⲛⲉϥϩⲁⲧⲉⲑⲁⲗⲁⲥⲥⲁ ⲇⲉ,sahidic,UD_Coptic-Scriptorium/dev.conllu#sahidica_mark-Mark_05_s0021 (CC BY 4.0),gold
"Behold, one of the rulers of the synagogue, Jairus by name, came; and seeing him, he fell at his feet,",ⲁⲩⲱ ⲁϥⲉⲓ ⲛϭⲓⲟⲩⲁ ⲛⲁⲣⲭⲓⲥⲩⲛⲁⲅⲱⲅⲟⲥ ⲉⲡⲉϥⲣⲁⲛ ⲡⲉ ⲓⲁⲉⲓⲣⲟⲥ . ⲛⲧⲉⲣⲉϥⲛⲁⲩ ⲇⲉ ⲉⲣⲟϥ ⲁϥⲡⲁϩⲧϥ ϩⲁⲣⲁⲧϥ,sahidic,UD_Coptic-Scriptorium/dev.conllu#sahidica_mark-Mark_05_s0022 (CC BY 4.0),gold
"and begged him much, saying, 'My little daughter is at the point of death. Please come and lay your hands on her, that she may be made healthy, and live.'",ⲁⲩⲱ ⲁϥⲥⲉⲡⲥⲱⲡϥ ⲉⲙⲁⲧⲉ ⲉϥϫⲱ ⲙⲙⲟⲥ ϫⲉⲧⲁϣⲉⲉⲣⲉ ⲙⲟⲕϩ ⲛϣⲱⲛⲉ ϫⲉⲕⲁⲁⲥ ϭⲉ ⲉⲕⲉⲉⲓ ⲛⲅⲕⲁⲧⲟⲟⲧⲕ ϩⲓϫⲱⲥ ϫⲉⲉⲥⲉⲗⲟ ⲛⲥⲱⲛϩ,sahidic,UD_Coptic-Scriptorium/dev.conllu#sahidica_mark-Mark_05_s0023 (CC BY 4.0),gold
"He went with him, and a great multitude followed him, and they pressed upon him on all sides.",ⲁϥⲃⲱⲕ ⲇⲉ ⲛⲙⲙⲁϥ . ⲁⲩⲱ ⲁϥⲟⲩⲁϩϥ ⲛⲥⲱϥ ⲛϭⲓⲟⲩⲛⲟϭ ⲙⲙⲏⲏϣⲉ ⲛⲉⲩⲑⲗⲓⲃⲉ ⲇⲉ ⲙⲙⲟϥ .,sahidic,UD_Coptic-Scriptorium/dev.conllu#sahidica_mark-Mark_05_s0024 (CC BY 4.0),gold
"A certain woman, who had an issue of blood for twelve years,",ⲁⲩⲱ ⲟⲩⲥϩⲓⲙⲉ ⲉⲣⲉⲡⲉⲥⲛⲟϥ ϣⲟⲩⲟ ⲙⲙⲟⲥ ⲉⲓⲥⲙⲛⲧⲥⲛⲟⲟⲩⲥ ⲛⲣⲟⲙⲡⲉ .,sahidic,UD_Coptic-Scriptorium/dev.conllu#sahidica_mark-Mark_05_s0025 (CC BY 4.0),gold
"and had suffered many things by many physicians, and had spent all that she had, and was no better, but rather grew worse,",ⲁⲩⲱ ⲁⲥϣⲉⲡϩⲁϩ ⲛϩⲓⲥⲉ ⲛⲧⲟⲟⲧⲟⲩ ⲛϩⲁϩ ⲛⲥⲁⲉⲓⲛ ⲁⲩⲱ ⲁⲥϫⲟ ⲉⲃⲟⲗ ⲛⲛⲉⲧⲉⲩⲛⲧⲁⲥⲥⲉ ⲧⲏⲣⲟⲩ ⲉⲙⲡⲥⲙⲧⲟⲛ ⲗⲁⲁⲩ . ⲁⲗⲗⲁ ⲛⲧⲁⲥⲉⲓ ⲛⲧϩⲟ .,sahidic,UD_Coptic-Scriptorium/dev.conllu#sahidica_mark-Mark_05_s0026 (CC BY 4.0),gold
"having heard the things concerning Jesus, came up behind him in the crowd, and touched his clothes.",ⲛⲧⲉⲣⲉⲥⲥⲱⲧⲙ ⲉⲧⲃⲉⲓⲏⲥⲟⲩⲥ ⲁⲥⲟϣⲥ ⲉϩⲟⲩⲛ ϩⲙⲡⲙⲏⲏϣⲉ ⲁⲥⲉⲓ ⲉⲡⲁϩⲟⲩ ⲙⲙⲟϥ ⲁⲥϫⲱϩ ⲉⲧⲉϥϣⲧⲏⲛ,sahidic,UD_Coptic-Scriptorium/dev.conllu#sahidica_mark-Mark_05_s0027 (CC BY 4.0),gold
"For she said, 'If I just touch his clothes, I will be made well.'",ⲁⲥϫⲟⲟⲥ ⲅⲁⲣ ϫⲉⲉⲓϣⲁⲛϫⲱϩ ⲉⲛⲉϥϩⲟⲓⲧⲉ ϯⲛⲁⲗⲟ .,sahidic,UD_Coptic-Scriptorium/dev.conllu#sahidica_mark-Mark_05_s0028 (CC BY 4.0),gold
"Immediately the flow of her blood was dried up, and she felt in her body that she was healed of her affliction.",ⲁⲩⲱ ⲛⲧⲉⲩⲛⲟⲩ ⲁⲥϭⲱ ⲛϭⲓⲧⲡⲏⲅⲏ ⲙⲡⲉⲥⲥⲛⲟϥ . ⲁⲩⲱ ⲁⲥⲉⲓⲙⲉ ϩⲙⲡⲉⲥⲥⲱⲙⲁ ϫⲉⲁⲥⲗⲟ ⲉⲃⲟⲗ ϩⲛⲧⲙⲁⲥⲧⲓⲅⲝ ⲉⲧⲛⲙⲙⲁⲥ,sahidic,UD_Coptic-Scriptorium/dev.conllu#sahidica_mark-Mark_05_s0029 (CC BY 4.0),gold
"Immediately Jesus, perceiving in himself that the power had gone out from him, turned around in the crowd, and asked, 'Who touched my clothes?'",ⲓⲏⲥⲟⲩⲥ ⲇⲉ ⲛⲧⲉⲣⲉϥⲉⲓⲙⲉ ⲛⲧⲉⲩⲛⲟⲩ ϩⲣⲁⲓ ⲛϩⲏⲧϥ ⲉⲧϭⲟⲙ ⲉⲛⲧⲁⲥⲉⲓ ⲉⲃⲟⲗ ⲙⲙⲟϥ ⲁϥⲕⲧⲟϥ ϩⲙⲡⲙⲏⲏϣⲉ ⲉϥϫⲱ ⲙⲙⲟⲥ ϫⲉⲛⲓⲙ ⲡⲉⲛⲧⲁϥϫⲱϩ ⲉⲛⲁϩⲟⲉⲓⲧⲉ,sahidic,UD_Coptic-Scriptorium/dev.conllu#sahidica_mark-Mark_05_s0030 (CC BY 4.0),gold
"His disciples said to him, 'You see the multitude pressing against you, and you say, 'Who touched me?''",ⲡⲉϫⲉⲛⲉϥⲙⲁⲑⲏⲧⲏⲥ ⲛⲁϥ ϫⲉⲕⲛⲁⲩ ⲉⲡⲙⲏⲏϣⲉ ⲉⲧⲑⲗⲓⲃⲉ ⲙⲙⲟⲕ ⲉⲧⲃⲉⲡⲁⲓ ⲕϫⲱ ⲙⲙⲟⲥ ϫⲉⲛⲓⲙ ⲡⲉⲛⲧⲁϥϫⲱϩ ⲉⲣⲟⲓ .,sahidic,UD_Coptic-Scriptorium/dev.conllu#sahidica_mark-Mark_05_s0031 (CC BY 4.0),gold
He looked around to see her who had done this thing.,ⲁϥⲕⲧⲉⲓⲁⲧϥ ⲇⲉ ⲉⲛⲁⲩ ⲉⲧⲉⲛⲧⲁⲥⲣⲡⲁⲓ,sahidic,UD_Coptic-Scriptorium/dev.conllu#sahidica_mark-Mark_05_s0032 (CC BY 4.0),gold
"But the woman, fearing and trembling, knowing what had been done to her, came and fell down before him, and told him all the truth.",ⲧⲉⲥϩⲓⲙⲉ ⲇⲉ ⲁⲥⲣϩⲟⲧⲉ ⲁⲩⲱ ⲁⲥⲥⲧⲱⲧ ⲉⲥⲥⲟⲟⲩⲛ ⲙⲡⲉⲛⲧⲁϥϣⲱⲡⲉ ⲙⲙⲟⲥ ⲁⲥⲉⲓ ⲁⲥⲡⲁϩⲧⲥ ϩⲁⲣⲁⲧϥ ⲁⲥⲧⲁⲟⲩⲟ ⲉⲣⲟϥ ⲛⲧⲙⲉ ⲧⲏⲣⲥ,sahidic,UD_Coptic-Scriptorium/dev.conllu#sahidica_mark-Mark_05_s0033 (CC BY 4.0),gold
"He said to her, 'Daughter, your faith has made you well. Go in peace, and be cured of your disease.'",ⲛⲧⲟϥ ⲇⲉ ⲡⲉϫⲁϥ ⲛⲁⲥ ϫⲉⲧⲁϣⲉⲉⲣⲉ ⲧⲟⲩⲡⲓⲥⲧⲓⲥ ⲧⲉⲛⲧⲁⲥⲛⲁϩⲙⲉ ⲃⲱⲕ ϩⲛⲟⲩⲉⲓⲣⲏⲛⲏ . ⲛⲧⲉⲗⲟ ⲉⲃⲟⲗ ϩⲛⲧⲟⲩⲙⲁⲥⲧⲓⲅⲝ .,sahidic,UD_Coptic-Scriptorium/dev.conllu#sahidica_mark-Mark_05_s0034 (CC BY 4.0),gold
"While he was still speaking, people came from the synagogue ruler's house saying, 'Your daughter is dead. Why bother the Teacher any more?'",ⲉⲧⲓ ⲛⲧⲟϥ ⲉϥϣⲁϫⲉ . ⲁⲩⲉⲓ ⲛϭⲓⲛⲣⲱⲙⲉ ⲙⲡⲁⲣⲭⲓⲥⲩⲛⲁⲅⲱⲅⲟⲥ ⲉⲩϫⲱ ⲙⲙⲟⲥ ⲛⲁϥ ϫⲉⲧⲉⲕϣⲉⲉⲣⲉ ⲁⲥⲙⲟⲩ ⲉⲕⲛⲁϯϩⲟⲓ ϭⲉ ⲙⲡⲥⲁϩ ⲉⲧⲃⲉⲟⲩ,sahidic,UD_Coptic-Scriptorium/dev.conllu#sahidica_mark-Mark_05_s0035 (CC BY 4.0),gold
"But Jesus, when he heard the message spoken, immediately said to the ruler of the synagogue, 'Don't be afraid, only believe.'",ⲓⲏⲥⲟⲩⲥ ⲇⲉ ⲛⲧⲉⲣⲉϥⲥⲱⲧⲙ ⲉⲡϣⲁϫⲉ ⲉϥϫⲱ ⲙⲙⲟϥ ⲡⲉϫⲁϥ ⲙⲡⲁⲣⲭⲓⲥⲩⲛⲁⲅⲱⲅⲟⲥ ϫⲉⲙⲡⲣⲣϩⲟⲧⲉ ⲡⲓⲥⲧⲉⲩⲉ ⲙⲙⲁⲧⲉ,sahidic,UD_Coptic-Scriptorium/dev.conllu#sahidica_mark-Mark_05_s0036 (CC BY 4.0),gold
"He allowed no one to follow him, except Peter, James, and John the brother of James.",ⲁⲩⲱ ⲙⲡϥⲕⲁⲗⲁⲁⲩ ⲉⲟⲩⲁϩϥ ⲛⲥⲱϥ . ⲛⲥⲁⲡⲉⲧⲣⲟⲥ ⲛⲙⲓⲁⲕⲱⲃⲟⲥ ⲛⲙⲓⲱϩⲁⲛⲛⲏⲥ ⲡⲥⲟⲛ ⲛⲓⲁⲕⲱⲃⲟⲥ,sahidic,UD_Coptic-Scriptorium/dev.conllu#sahidica_mark-Mark_05_s0037 (CC BY 4.0),gold
"He came to the synagogue ruler's house, and he saw an uproar, weeping, and great wailing.",ⲁⲩⲱ ⲁⲩⲉⲓ ⲉϩⲣⲁⲓ ⲉⲡⲏⲓ ⲙⲡⲁⲣⲭⲓⲥⲩⲛⲁⲅⲱⲅⲟⲥ ⲁϥⲛⲁⲩ ⲉⲣⲟⲟⲩ ⲉⲩϣⲧⲣⲧⲱⲣ ⲁⲩⲱ ⲉⲩⲣⲓⲙⲉ ⲉⲩⲟⲩⲛⲣⲟ ⲉⲙⲁⲧⲉ .,sahidic,UD_Coptic-Scriptorium/dev.conllu#sahidica_mark-Mark_05_s0038 (CC BY 4.0),gold
"When he had entered in, he said to them, 'Why do you make an uproar and weep? The child is not dead, but is asleep.'",ⲛⲧⲉⲣⲉϥⲃⲱⲕ ⲇⲉ ⲉϩⲟⲩⲛ ⲡⲉϫⲁϥ ⲛⲁⲩ ϫⲉⲁϩⲣⲱⲧⲛ ⲧⲉⲧⲛϣⲧⲣⲧⲱⲣ . ⲁⲩⲱ ⲧⲉⲧⲛⲣⲓⲙⲉ ⲉⲧϣⲉⲉⲣⲉ ϣⲏⲙ ⲙⲡⲥⲙⲟⲩ ⲁⲗⲗⲁ ⲉⲥⲛⲕⲟⲧⲕ,sahidic,UD_Coptic-Scriptorium/dev.conllu#sahidica_mark-Mark_05_s0039 (CC BY 4.0),gold
"They ridiculed him. But he, having put them all out, took the father of the child, her mother, and those who were with him, and went in where the child was lying.",ⲁⲩⲥⲱⲃⲉ ⲛⲥⲱϥ ⲛⲧⲟϥ ⲇⲉ ⲛⲧⲉⲣⲉϥⲛⲟϫⲟⲩ ⲉⲃⲟⲗ ⲧⲏⲣⲟⲩ ⲁϥϫⲓⲡⲉⲓⲱⲧ ⲛⲧϣⲉⲉⲣⲉ ϣⲏⲙ ⲙⲛⲧⲉⲥⲙⲁⲁⲩ ⲙⲛⲛⲉⲧⲛⲙⲙⲁϥ ⲁϥⲃⲱⲕ ⲉϩⲟⲩⲛ ⲉⲡⲙⲁ ⲉⲧⲉⲣⲉⲧϣⲉⲉⲣⲉ ϣⲏⲙ ⲛϩⲏⲧϥ .,sahidic,UD_Coptic-Scriptorium/dev.conllu#sahidica_mark-Mark_05_s0040 (CC BY 4.0),gold
"Taking the child by the hand, he said to her, 'Talitha cumi!' which means, being interpreted, 'Girl, I tell you, get up!'",ⲁⲩⲱ ⲛⲧⲉⲣⲉϥⲁⲙⲁϩⲧⲉ ⲛⲧϭⲓϫ ⲛⲧϣⲉⲉⲣⲉ ϣⲏⲙ ⲡⲉϫⲁϥ ⲛⲁⲥ ϫⲉⲧⲁⲗⲉⲓⲑⲁ ⲕⲟⲩⲙ . ⲉⲧⲉⲡⲁⲓⲡⲉ ϣⲁⲩⲟⲩⲁϩⲙⲉϥ ϫⲉⲧϣⲉⲉⲣⲉ ϣⲏⲙ ⲉⲓϫⲉⲉⲣⲟ ⲧⲱⲟⲩⲛⲉ,sahidic,UD_Coptic-Scriptorium/dev.conllu#sahidica_mark-Mark_05_s0041 (CC BY 4.0),gold
"Immediately the girl rose up and walked, for she was twelve years old. They were amazed with great amazement.",ⲁⲩⲱ ⲛⲧⲉⲩⲛⲟⲩ ⲁⲥⲧⲱⲟⲩⲛⲥ ⲛϭⲓⲧϣⲉⲉⲣⲉ ϣⲏⲙ ⲁⲥⲙⲟⲟϣⲉ ⲛⲉⲥϩⲙⲙⲛⲧⲥⲛⲟⲟⲩⲥ ⲅⲁⲣ ⲛⲣⲟⲙⲡⲉ ⲁⲩⲱ ⲁⲩⲣϣⲡⲏⲣⲉ ⲛⲧⲉⲩⲛⲟⲩ ⲛⲟⲩⲛⲟϭ ⲛϣⲡⲏⲣⲉ,sahidic,UD_Coptic-Scriptorium/dev.conllu#sahidica_mark-Mark_05_s0042 (CC BY 4.0),gold
"He strictly ordered them that no one should know this, and commanded that something should be given to her to eat.",ⲁϥϩⲱⲛ ⲇⲉ ⲉⲧⲟⲟⲧⲟⲩ ⲉⲙⲁⲧⲉ ϫⲉⲕⲁⲁⲥ ⲉⲛⲛⲉⲗⲁⲁⲩ ⲉⲓⲙⲉ ⲉⲡⲁⲓ ⲁⲩⲱ ⲁϥⲟⲩⲉϩⲥⲁϩⲛⲉ ⲉⲧⲣⲉⲩⲧⲙⲙⲟⲥ .,sahidic,UD_Coptic-Scriptorium/dev.conllu#sahidica_mark-Mark_05_s0043 (CC BY 4.0),gold
"He went out from there. He came into his own country, and his disciples followed him.",ⲁϥⲉⲓ ⲇⲉ ⲉⲃⲟⲗ ϩⲙⲡⲙⲁ ⲉⲧⲙⲙⲁⲩ ⲁϥⲉⲓ ⲉϩⲣⲁⲓ ⲉⲧⲉϥⲡⲟⲗⲓⲥ . ⲁⲩⲱ ⲁⲩⲟⲩⲁϩⲟⲩ ⲛⲥⲱϥ ⲛϭⲓⲛⲉϥⲙⲁⲑⲏⲧⲏⲥ,sahidic,UD_Coptic-Scriptorium/dev.conllu#sahidica_mark-Mark_06_s0001 (CC BY 4.0),gold
"When the Sabbath had come, he began to teach in the synagogue, and many hearing him were astonished, saying, 'Where did this man get these things?' and, 'What is the wisdom that is given to this man, that such mighty works come about by his hands?",ⲛⲧⲉⲣⲉⲡⲥⲁⲃⲃⲁⲧⲟⲛ ⲇⲉ ϣⲱⲡⲉ ⲁϥⲁⲣⲭⲉⲥⲑⲁⲓ ⲛϯⲥⲃⲱ ϩⲛⲧⲥⲩⲛⲁⲅⲱⲅⲏ ⲁⲩⲱ ⲡⲙⲏⲏϣⲉ ⲉⲩⲥⲱⲧⲙ ⲁⲩⲣϣⲡⲏⲣⲉ ⲉⲩϫⲱ ⲙⲙⲟⲥ ϫⲉⲛⲧⲁⲡⲁⲓ ϭⲛⲛⲁⲓ ⲧⲱⲛ . ⲁⲩⲱ ⲟⲩ ⲧⲉ ⲧⲁⲓⲥⲟⲫⲓⲁ ⲛⲧⲁⲩⲧⲁⲁⲥ ⲙⲡⲁⲓ . ⲁⲩⲱ ⲛⲉⲓϭⲟⲙ ⲛⲧⲉⲓϭⲟⲧ ⲉⲧⲉⲣⲉⲡⲁⲓ ⲉⲓⲣⲉ ⲙⲙⲟⲟⲩ,sahidic,UD_Coptic-Scriptorium/dev.conllu#sahidica_mark-Mark_06_s0002 (CC BY 4.0),gold
"Isn't this the carpenter, the son of Mary, and brother of James, Joses, Judah, and Simon? Aren't his sisters here with us?' They were offended at him.",ⲙⲡⲁⲓ ⲁⲛ ⲡⲉ ⲡϩⲁⲙϣⲉ ⲡϣⲏⲣⲉ ⲙⲙⲁⲣⲓⲁ . ⲁⲩⲱ ⲡⲥⲟⲛ ⲛⲓⲁⲕⲱⲃⲟⲥ ⲛⲙⲓⲱⲥⲏ ⲛⲙⲓⲟⲩⲇⲁ ⲛⲙⲥⲓⲙⲱⲛ . ⲁⲩⲱ ⲛⲉϥⲥⲱⲛⲉ ⲛⲉⲩⲛⲡⲉⲓⲙⲁ ⲁⲛ ϩⲁϩⲧⲏⲛ ⲁⲩⲥⲕⲁⲛⲇⲁⲗⲓⲍⲉ ϩⲣⲁⲓ ⲛϩⲏⲧϥ .,sahidic,UD_Coptic-Scriptorium/dev.conllu#sahidica_mark-Mark_06_s0003 (CC BY 4.0),gold
"Jesus said to them, 'A prophet is not without honor, except in his own country, and among his own relatives, and in his own house.'",ⲡⲉϫⲉ ⲓⲏⲥⲟⲩⲥ ⲇⲉ ⲛⲁⲩ . ϫⲉ ⲙⲙⲛⲡⲣⲟⲫⲏⲧⲏⲥ ⲥⲏϣ ⲉⲓⲙⲏⲧⲓ ϩⲛⲧⲉϥⲡⲟⲗⲓⲥ ⲁⲩⲱ ϩⲛⲛⲉϥⲥⲩⲅⲅⲉⲛⲏⲥ ⲙⲛⲡⲉϥⲏⲓ .,sahidic,UD_Coptic-Scriptorium/dev.conllu#sahidica_mark-Mark_06_s0004 (CC BY 4.0),gold
"He could do no mighty work there, except that he laid his hands on a few sick people, and healed them.",ⲙⲡϥⲣⲗⲁⲁⲩ ⲇⲉ ⲛϭⲟⲙⲙⲡⲙⲁ ⲉⲧⲙⲙⲁⲩ ⲛⲥⲁϩⲟⲓⲛⲉ ⲉⲩϣⲱⲛⲉ ⲁϥⲕⲁⲧⲟⲟⲧϥ ϩⲓϫⲱⲟⲩ ⲁϥⲧⲁⲗϭⲟⲟⲩ .,sahidic,UD_Coptic-Scriptorium/dev.conllu#sahidica_mark-Mark_06_s0005 (CC BY 4.0),gold
He marveled because of their unbelief. He went around the villages teaching.,ⲁⲩⲱ ⲛⲉⲩⲣϣⲡⲏⲣⲉ ⲉⲧⲃⲉⲧⲉⲩⲙⲛⲧⲁⲧⲛⲁϩⲧⲉ ⲛⲉϥⲕⲱⲧⲉ ⲇⲉ ⲡⲉ ⲉⲛⲉⲧⲙⲉ ⲉϥϯⲥⲃⲱ,sahidic,UD_Coptic-Scriptorium/dev.conllu#sahidica_mark-Mark_06_s0006 (CC BY 4.0),gold
"He called to himself the twelve, and began to send them out two by two; and he gave them authority over the unclean spirits.",ⲁⲩⲱ ⲁϥⲙⲟⲩⲧⲉ ⲉⲡⲙⲛⲧⲥⲛⲟⲟⲩⲥ ⲁϥⲁⲣⲭⲉⲥⲑⲁⲓ ⲛϫⲟⲟⲩⲥⲉ ⲥⲛⲁⲩ ⲥⲛⲁⲩ ⲁⲩⲱ ⲁϥϯ ⲛⲁⲩ ⲛⲧⲉⲝⲟⲩⲥⲓⲁ ⲉϩⲟⲩⲛ ⲉⲛⲉⲡⲛⲉⲩⲙⲁ ⲛⲁⲕⲁⲑⲁⲣⲧⲟⲛ,sahidic,UD_Coptic-Scriptorium/dev.conllu#sahidica_mark-Mark_06_s0007 (CC BY 4.0),gold
"He commanded them that they should take nothing for their journey, except a staff only: no bread, no wallet, no money in their purse,",ⲁϥϩⲱⲛ ⲇⲉ ⲉⲧⲟⲟⲧⲟⲩ ϫⲉⲕⲁⲁⲥ ⲉⲛⲛⲉⲩϥⲓⲗⲁⲁⲩ ⲛⲙⲙⲁⲩ ⲉⲧⲉϩⲓⲏ ⲛⲥⲁⲟⲩϭⲉⲣⲱⲃ ⲙⲙⲁⲧⲉ ⲟⲩⲇⲉ ⲟⲉⲓⲕ ⲟⲩⲇⲉ ⲡⲏⲣⲁ ⲟⲩⲇⲉ ϩⲟⲙⲛⲧ ⲉⲛⲉⲩⲙⲟϫϩ,sahidic,UD_Coptic-Scriptorium/dev.conllu#sahidica_mark-Mark_06_s0008 (CC BY 4.0),gold
"but to wear sandals, and not put on two tunics.",ⲁⲗⲗⲁ ⲉⲣⲉⲛⲉⲩⲥⲁⲛⲇⲁⲗⲓⲟⲛ ⲟⲧϩ ⲉⲣⲁⲧⲟⲩ . ⲟⲩⲇⲉ ⲛⲥⲉⲧⲙϯϣⲧⲏⲛ ⲥⲛⲧⲉ ϩⲓⲱⲟⲩ,sahidic,UD_Coptic-Scriptorium/dev.conllu#sahidica_mark-Mark_06_s0009 (CC BY 4.0),gold
"He said to them, 'Wherever you enter into a house, stay there until you depart from there.",ⲁⲩⲱ ⲛⲉϥϫⲱ ⲙⲙⲟⲥ ⲛⲁⲩ ϫⲉ ⲡⲏⲓ ⲉⲧⲉⲧⲛⲛⲁⲃⲱⲕ ⲉϩⲟⲩⲛ ⲉⲣⲟϥ ϭⲱ ⲛϩⲏⲧϥ ϣⲁⲛⲧⲉⲧⲛⲉⲓ ⲉⲃⲟⲗ ϩⲙⲡⲙⲁ ⲉⲧⲙⲙⲁⲩ,sahidic,UD_Coptic-Scriptorium/dev.conllu#sahidica_mark-Mark_06_s0010 (CC BY 4.0),gold
"Whoever will not receive you nor hear you, as you depart from there, shake off the dust that is under your feet for a testimony against them.'",ⲁⲩⲱ ⲡⲙⲁ ⲉⲧⲉⲛϥⲛⲁϣⲉⲡⲧⲏⲩⲧⲛ ⲉⲣⲟϥ ⲁⲛ ⲟⲩⲇⲉ ⲛⲥⲉⲧⲙⲥⲱⲧⲙ ⲉⲣⲱⲧⲛ ⲉⲧⲉⲧⲛⲛⲁⲉⲓ ⲉⲃⲟⲗ ϩⲙⲡⲙⲁ ⲉⲧⲙⲙⲁⲩ ⲛⲟⲩϩⲉ ⲉⲃⲟⲗ ⲙⲡϣⲟⲉⲓϣ ⲉⲧϩⲁⲣⲟⲟⲩ ⲛⲛⲉⲧⲛⲟⲩⲉⲣⲏⲧⲉ ⲉⲩⲙⲛⲧⲙⲛⲧⲣⲉ ⲉⲣⲟⲟⲩ .,sahidic,UD_Coptic-Scriptorium/dev.conllu#sahidica_mark-Mark_06_s0011 (CC BY 4.0),gold
They went out and preached that people should repent.,ⲁⲩⲱ ⲛⲧⲉⲣⲟⲩⲙⲟⲟϣⲉ ⲁⲩⲕⲏⲣⲩⲥⲥⲉ ϫⲉⲉⲩⲉⲙⲉⲧⲁⲛⲟⲉⲓ,sahidic,UD_Coptic-Scriptorium/dev.conllu#sahidica_mark-Mark_06_s0012 (CC BY 4.0),gold
"They cast out many demons, and anointed many with oil who were sick, and healed them.",ⲁⲩⲱ ϩⲁϩ ⲛⲇⲁⲓⲙⲱⲛⲓⲟⲛ ⲁⲩⲛⲟϫⲟⲩ ⲉⲃⲟⲗ ϩⲉⲛⲕⲉⲙⲏⲏϣⲉ ⲉⲩϣⲱⲛⲉ ⲁⲩⲧⲁϩⲥⲟⲩ ⲛⲛⲉϩ ⲁⲩⲧⲁⲗϭⲟⲟⲩ .,sahidic,UD_Coptic-Scriptorium/dev.conllu#sahidica_mark-Mark_06_s0013 (CC BY 4.0),gold
"King Herod heard this, for his name had become known, and he said, 'John the Baptizer has risen from the dead, and therefore these powers are at work in him.'",ⲁⲩⲱ ⲁϥⲥⲱⲧⲙ ⲛϭⲓϩⲏⲣⲱⲇⲏⲥ ⲡⲣⲣⲟ ⲁⲡⲉϥⲣⲁⲛ ⲅⲁⲣ ϯⲥⲟⲉⲓⲧ ⲁⲩⲱ ⲛⲉⲩϫⲱ ⲙⲙⲟⲥ ϫⲉⲓⲱϩⲁⲛⲛⲏⲥ ⲡⲉⲧϯⲃⲁⲡⲧⲓⲥⲙⲁ ⲁϥⲧⲱⲟⲩⲛ ϩⲛⲛⲉⲧⲙⲟⲟⲩⲧ ⲁⲩⲱ ⲉⲧⲃⲉⲡⲁⲓ ⲛϭⲟⲙ ⲉⲛⲉⲣⲅⲉⲓ ⲛϩⲏⲧϥ .,sahidic,UD_Coptic-Scriptorium/dev.conllu#sahidica_mark-Mark_06_s0014 (CC BY 4.0),gold
"But others said, 'He is Elijah.' Others said, 'He is a prophet, or like one of the prophets.'",ϩⲉⲛⲕⲟⲟⲩⲉ ⲇⲉ ⲛⲉⲩϫⲱ ⲙⲙⲟⲥ ϫⲉϩⲏⲗⲉⲓⲁⲥⲡⲉ ϩⲉⲛⲕⲟⲟⲩⲉ ⲇⲉ ϫⲉⲟⲩⲡⲣⲟⲫⲏⲧⲏⲥⲡⲉ ⲛⲧϩⲉ ⲛⲟⲩⲁ ⲛⲛⲉⲡⲣⲟⲫⲏⲧⲏⲥ,sahidic,UD_Coptic-Scriptorium/dev.conllu#sahidica_mark-Mark_06_s0015 (CC BY 4.0),gold
"But Herod, when he heard this, said, 'This is John, whom I beheaded. He has risen from the dead.'",ⲛⲧⲉⲣⲉϥⲥⲱⲧⲙ ⲇⲉ ⲛϭⲓϩⲏⲣⲱⲇⲏⲥ ⲡⲉϫⲁϥ ϫⲉⲓⲱϩⲁⲛⲛⲏⲥⲡⲉ ⲛⲧⲁⲓϥⲓⲧⲉϥⲁⲡⲉ ⲛⲧⲟϥⲡⲉ ⲛⲧⲁϥⲧⲱⲟⲩⲛ .,sahidic,UD_Coptic-Scriptorium/dev.conllu#sahidica_mark-Mark_06_s0016 (CC BY 4.0),gold
"For Herod himself had sent out and arrested John, and bound him in prison for the sake of Herodias, his brother Philip's wife, for he had married her.",ϩⲏⲣⲱⲇⲏⲥ ⲅⲁⲣ ⲁϥϫⲟⲟⲩ ⲁϥⲁⲙⲁϩⲧⲉ ⲛⲓⲱϩⲁⲛⲛⲏⲥ ⲁϥⲙⲟⲣϥ ⲁϥⲕⲁⲁϥ ϩⲙⲡⲉϣⲧⲉⲕⲟ . ⲉⲧⲃⲉϩⲏⲣⲱⲇⲓⲁⲥ ⲧϩⲓⲙⲉ ⲙⲫⲓⲗⲓⲡⲡⲟⲥ ⲡⲉϥⲥⲟⲛ ⲉⲃⲟⲗ ϫⲉⲁϥϩⲙⲟⲟⲥ ⲛⲙⲙⲁⲥ,sahidic,UD_Coptic-Scriptorium/dev.conllu#sahidica_mark-Mark_06_s0017 (CC BY 4.0),gold
"For John said to Herod, 'It is not lawful for you to have your brother's wife.'",ⲓⲱϩⲁⲛⲛⲏⲥ ⲅⲁⲣ ⲛⲉϥϫⲱ ⲙⲙⲟⲥ ⲛϩⲏⲣⲱⲇⲏⲥ ϫⲉⲟⲩⲕ ⲉⲝⲉⲥⲧⲉⲓ ⲛⲁⲕ ⲉϫⲓ ⲛⲧϩⲓⲙⲉ ⲙⲡⲉⲕⲥⲟⲛ .,sahidic,UD_Coptic-Scriptorium/dev.conllu#sahidica_mark-Mark_06_s0018 (CC BY 4.0),gold
"Herodias set herself against him, and desired to kill him, but she couldn't,",ϩⲏⲣⲱⲇⲓⲁⲥ ⲇⲉ ⲛⲉⲥϭⲟⲛⲧ ⲉⲣⲟϥ . ⲁⲩⲱ ⲛⲉⲥⲟⲩⲱϣ ⲉⲙⲟⲟⲩⲧϥ ⲙⲡⲉⲥϭⲙϭⲟⲙ ⲇⲉ .,sahidic,UD_Coptic-Scriptorium/dev.conllu#sahidica_mark-Mark_06_s0019 (CC BY 4.0),gold
"for Herod feared John, knowing that he was a righteous and holy man, and kept him safe. When he heard him, he did many things, and he heard him gladly.",ϩⲏⲣⲱⲇⲏⲥ ⲅⲁⲣ ⲛⲉϥⲟ ⲛϩⲟⲧⲉ ϩⲏⲧϥ ⲛⲓⲱϩⲁⲛⲛⲏⲥ ⲉϥⲥⲟⲟⲩⲛ ⲙⲙⲟϥ ϫⲉⲟⲩⲣⲱⲙⲉ ⲛⲇⲓⲕⲁⲓⲟⲥⲡⲉ ⲉϥⲟⲩⲁⲁⲃ ⲁⲩⲱ ⲛⲉϥⲧⲙⲁⲓⲟ ⲙⲙⲟϥ ⲛⲧⲉⲣⲉϥⲥⲱⲧⲙ ⲇⲉ ⲉⲣⲟϥ ⲛϩⲁϩ ⲛⲥⲟⲡ ⲁϥⲣϣⲡⲏⲣⲉ ⲁⲩⲱ ⲛⲉϥⲥⲱⲧⲙ ⲉⲣⲟϥ ⲉϥⲡⲓⲑⲉ .,sahidic,UD_Coptic-Scriptorium/dev.conllu#sahidica_mark-Mark_06_s0020 (CC BY 4.0),gold
"Then a convenient day came, that Herod on his birthday made a supper for his nobles, the high officers, and the chief men of Galilee.",ⲛⲧⲉⲣⲉⲟⲩϩⲟⲟⲩ ⲇⲉ ⲛⲣⲁⲛ ϣⲱⲡⲉ ⲉⲁϩⲏⲣⲱⲇⲏⲥ ϩⲙⲡⲉϥϩⲟⲩⲙⲓⲥⲉ ⲣⲟⲩⲇⲓⲡⲛⲟⲛ ⲉⲛⲉϥⲙⲉⲅⲓⲥⲧⲁⲛⲟⲥ ⲁⲩⲱ ⲉⲛⲭⲓⲗⲓⲁⲣⲭⲟⲥ ⲙⲛⲛⲛⲟϭ ⲛⲧⲅⲁⲗⲓⲗⲁⲓⲁ .,sahidic,UD_Coptic-Scriptorium/dev.conllu#sahidica_mark-Mark_06_s0021 (CC BY 4.0),gold
"When the daughter of Herodias herself came in and danced, she pleased Herod and those sitting with him. The king said to the young lady, 'Ask me whatever you want, and I will give it to you.'",ⲁⲥⲉⲓ ⲉϩⲟⲩⲛ ⲛϭⲓⲧϣⲉⲉⲣⲉ ⲛϩⲏⲣⲱⲇⲓⲁⲥ ⲁⲥⲟⲣⲭⲉ ⲁⲥⲣⲁⲛⲁϥ ⲛϩⲏⲣⲱⲇⲏⲥ ⲙⲛⲛⲉⲧⲛⲏϫ . ⲡⲣⲣⲟ ⲇⲉ ⲁϥϫⲟⲟⲥ ⲛⲧϣⲉⲉⲣⲉ ϣⲏⲙ ϫⲉⲁⲓⲧⲉⲓ ⲙⲙⲟⲓ ⲙⲡⲉⲧⲉⲟⲩⲁϣϥ ⲁⲩⲱ ϯⲛⲁⲧⲁⲁϥ ⲛⲉ .,sahidic,UD_Coptic-Scriptorium/dev.conllu#sahidica_mark-Mark_06_s0022 (CC BY 4.0),gold
"He swore to her, 'Whatever you shall ask of me, I will give you, up to half of my kingdom.'",ⲁⲩⲱ ⲁϥϩⲟⲙⲟⲗⲟⲅⲉⲓ ⲛⲁⲥ ϫⲉⲡⲉⲧⲉⲣⲁⲁⲓⲧⲉⲓ ⲙⲙⲟⲓ ⲙⲙⲟϥ ϯⲛⲁⲧⲁⲁϥ ⲛⲉ ϣⲁⲧⲡⲁϣⲉ ⲛⲧⲁⲙⲛⲧⲣⲣⲟ .,sahidic,UD_Coptic-Scriptorium/dev.conllu#sahidica_mark-Mark_06_s0023 (CC BY 4.0),gold
"She went out, and said to her mother, 'What shall I ask?' She said, 'The head of John the Baptizer.'",ⲛⲧⲉⲣⲉⲥⲉⲓ ⲇⲉ ⲉⲃⲟⲗ ⲁⲥϫⲟⲟⲥ ⲛⲧⲉⲥⲙⲁⲁⲩ ϫⲉ ⲧⲁⲁⲓⲧⲉⲓ ⲛⲟⲩ . ⲛⲧⲟⲥ ⲇⲉ ⲡⲉϫⲁⲥ ϫⲉⲉⲧⲓ ⲛⲧⲁⲡⲉ ⲛⲓⲱϩⲁⲛⲛⲏⲥ ⲡⲃⲁⲡⲧⲓⲥⲧⲏⲥ,sahidic,UD_Coptic-Scriptorium/dev.conllu#sahidica_mark-Mark_06_s0024 (CC BY 4.0),gold
"She came in immediately with haste to the king, and asked, I want you to give me right now the head of John the Baptizer on a platter.'",ⲁⲩⲱ ⲛⲧⲉⲣⲉⲥⲃⲱⲕ ⲉϩⲟⲩⲛ ⲛⲧⲉⲩⲛⲟⲩ ϣⲁⲡⲣⲣⲟ ⲁⲥⲁⲓⲧⲉⲓ ⲙⲙⲟϥ ⲉⲥϫⲱ ⲙⲙⲟⲥ ϫⲉϯⲟⲩⲱϣ ϫⲉⲕⲁⲁⲥ ⲧⲉⲛⲟⲩ ⲉⲕⲉϯ ⲛⲁⲓ ϩⲓϫⲛⲟⲩⲡⲓⲛⲁⲝ ⲛⲧⲁⲡⲉ ⲛⲓⲱϩⲁⲛⲛⲏⲥ ⲡⲃⲁⲡⲧⲓⲥⲧⲏⲥ .,sahidic,UD_Coptic-Scriptorium/dev.conllu#sahidica_mark-Mark_06_s0025 (CC BY 4.0),gold
"The king was exceedingly sorry, but for the sake of his oaths, and of his dinner guests, he didn't wish to refuse her.",ⲁⲩⲱ ⲛⲧⲉⲣⲉϥⲙⲕⲁϩ ⲛϩⲏⲧ ⲛϭⲓⲡⲣⲣⲟ . ⲉⲧⲃⲉⲛⲁⲛⲁⲩϣ ⲙⲛⲛⲉⲧⲛⲏϫ ⲛⲙⲙⲁϥ ⲙⲡϥⲟⲩⲱϣ ⲉⲧⲥⲧⲟⲥ ⲉⲃⲟⲗ .,sahidic,UD_Coptic-Scriptorium/dev.conllu#sahidica_mark-Mark_06_s0026 (CC BY 4.0),gold
"Immediately the king sent out a soldier of his guard, and commanded to bring John's head, and he went and beheaded him in the prison,",ⲁⲩⲱ ⲛⲧⲉⲩⲛⲟⲩ ⲡⲣⲣⲟ ⲁϥϫⲟⲟⲩ ⲛⲟⲩⲥⲡⲉⲕⲟⲩⲗⲁⲧⲱⲣ ⲁϥⲟⲩⲉϩⲥⲁϩⲛⲉ ⲛⲁϥ ⲉⲧⲣⲉϥⲛⲧⲉϥⲁⲡⲉ . ⲁϥⲃⲱⲕ ⲇⲉ ⲁϥϥⲓⲧⲉϥⲁⲡⲉ ϩⲙⲡⲉϣⲧⲉⲕⲟ .,sahidic,UD_Coptic-Scriptorium/dev.conllu#sahidica_mark-Mark_06_s0027 (CC BY 4.0),gold
"and brought his head on a platter, and gave it to the young lady; and the young lady gave it to her mother.",ⲁϥⲛⲧⲥ ϩⲓϫⲙⲡⲡⲓⲛⲁⲝ ⲁϥⲧⲁⲁⲥ ⲛⲧϣⲉⲉⲣⲉ ϣⲏⲙ ⲧϣⲉⲉⲣⲉ ϣⲏⲙ ⲇⲉ ⲁⲥⲧⲁⲁⲥ ⲛⲧⲉⲥⲙⲁⲁⲩ .,sahidic,UD_Coptic-Scriptorium/dev.conllu#sahidica_mark-Mark_06_s0028 (CC BY 4.0),gold
"When his disciples heard this, they came and took up his corpse, and laid it in a tomb.",ⲁⲩⲱ ⲛⲧⲉⲣⲟⲩⲥⲱⲧⲙ ⲛϭⲓⲙⲙⲁⲑⲏⲧⲏⲥ . ⲁⲩⲉⲓ ⲁⲩϥⲓⲡⲉϥⲥⲱⲙⲁ ⲁⲩⲕⲁⲁϥ ϩⲛⲟⲩⲙϩⲁⲟⲩ .,sahidic,UD_Coptic-Scriptorium/dev.conllu#sahidica_mark-Mark_06_s0029 (CC BY 4.0),gold
"The apostles gathered themselves together to Jesus, and they told him all things, whatever they had done, and whatever they had taught.",ⲛⲁⲡⲟⲥⲧⲟⲗⲟⲥ ⲇⲉ ⲁⲩⲥⲱⲟⲩϩ ⲉⲓⲏⲥⲟⲩⲥ ⲁⲩⲱ ⲁⲩϫⲱ ⲁⲩⲧⲁⲟⲩⲟ ⲉⲣⲟϥ ⲛⲛⲉⲛⲧⲁⲩⲁⲁⲩ ⲧⲏⲣⲟⲩ ⲙⲛⲛⲉⲛⲧⲁⲩⲁⲁⲩ ⲛⲥⲃⲱ,sahidic,UD_Coptic-Scriptorium/dev.conllu#sahidica_mark-Mark_06_s0030 (CC BY 4.0),gold
"He said to them, 'You come apart into a deserted place, and rest awhile.' For there were many coming and going, and they had no leisure so much as to eat.",ⲡⲉϫⲉⲓⲏⲥⲟⲩⲥ ⲇⲉ ⲛⲁⲩ ϫⲉⲁⲙⲏⲓⲛ ⲛⲧⲱⲧⲛ ⲛⲥⲁⲩⲥⲁ ⲉⲩⲙⲁ ⲛϫⲁⲓⲉ ⲛⲧⲉⲧⲛⲙⲧⲟⲛ ⲙⲙⲱⲧⲛ ⲛⲟⲩⲕⲟⲩⲓ ⲛⲉⲧⲛⲏⲩ ⲅⲁⲣ ⲁⲩⲱ ⲛⲉⲧⲃⲏⲕ ⲛⲉⲛⲁϣⲱⲟⲩ ⲉⲙⲁⲩⲕⲁⲁⲩ ⲉⲥⲣϥⲉ ⲉⲟⲩⲱⲙ,sahidic,UD_Coptic-Scriptorium/dev.conllu#sahidica_mark-Mark_06_s0031 (CC BY 4.0),gold
They went away in the boat to a deserted place by themselves.,ⲁⲩⲱ ⲁⲩⲧⲁⲗⲉ ⲉⲡϫⲟⲉⲓ ⲁⲩⲃⲱⲕ ⲙⲁⲩⲁⲁⲩ ⲉⲩⲙⲁ ⲛϫⲁⲓⲉ .,sahidic,UD_Coptic-Scriptorium/dev.conllu#sahidica_mark-Mark_06_s0032 (CC BY 4.0),gold
"They saw them going, and many recognized him and ran there on foot from all the cities. They arrived before them and came together to him.",ⲁϩⲁϩ ⲇⲉ ⲛⲁⲩ ⲉⲣⲟⲟⲩ ⲉⲩⲃⲏⲕ ⲁⲩⲥⲟⲩⲱⲛⲟⲩ ⲁⲩⲱ ⲁⲩⲉⲓ ⲉⲃⲟⲗ ϩⲛⲙⲡⲟⲗⲓⲥ . ⲁⲩⲡⲱⲧ ⲉⲣⲁⲧⲟⲩ . ⲁⲩⲣϣⲟⲣⲡ ⲇⲉ ⲉⲣⲟⲟⲩ .,sahidic,UD_Coptic-Scriptorium/dev.conllu#sahidica_mark-Mark_06_s0033 (CC BY 4.0),gold
"Jesus came out, saw a great multitude, and he had compassion on them, because they were like sheep without a shepherd, and he began to teach them many things.",ⲁⲩⲱ ⲛⲧⲉⲣⲉϥⲉⲓ ⲉⲃⲟⲗ ⲁϥⲛⲁⲩ ⲉⲩⲛⲟϭ ⲙⲙⲏⲏϣⲉ . ⲁⲩⲱ ⲁϥϣⲛ ϩⲧⲏϥ ⲉϫⲱⲟⲩ ϫⲉⲛⲉⲩⲟ ⲛⲧϩⲉ ⲛϩⲉⲛⲉⲥⲟⲟⲩ ⲉⲙⲙⲛⲧⲟⲩ ϣⲱⲥ ϩⲓϫⲱⲟⲩ . ⲁⲩⲱ ⲁϥⲁⲣⲭⲉⲓ ⲉϯⲥⲃⲱ ⲛⲁⲩ ⲉⲙⲁⲧⲉ,sahidic,UD_Coptic-Scriptorium/dev.conllu#sahidica_mark-Mark_06_s0034 (CC BY 4.0),gold
"When it was late in the day, his disciples came to him, and said, 'This place is deserted, and it is late in the day.",ⲛⲧⲉⲣⲉⲛⲁⲩ ⲇⲉ ϣⲉ . ⲛⲉϥⲙⲁⲑⲏⲧⲏⲥ ⲁⲩϯⲡⲉⲩⲟⲩⲟⲉⲓ ⲉⲣⲟϥ ⲉⲩϫⲱ ⲙⲙⲟⲥ ⲛⲁϥ ϫⲉⲡⲙⲁ ⲟⲩϫⲁⲓⲉⲡⲉ . ⲁⲩⲱ ⲏⲇⲏ ⲁⲛⲁⲩ ϣⲉ .,sahidic,UD_Coptic-Scriptorium/dev.conllu#sahidica_mark-Mark_06_s0035 (CC BY 4.0),gold
"Send them away, that they may go into the surrounding country and villages, and buy themselves bread, for they have nothing to eat.'",ⲕⲁⲁⲩ ⲉⲃⲟⲗ ϫⲉⲉⲩⲉⲃⲱⲕ ⲉⲛⲥⲱϣⲉ ⲉⲧϩⲙⲡⲉⲩⲕⲱⲧⲉ ⲙⲛⲛⲉⲧⲙⲉ ⲛⲥⲉⲧⲟⲟⲩ ⲛⲁⲩ ⲛⲛⲉⲧⲟⲩⲛⲁⲟⲩⲟⲙⲟⲩ .,sahidic,UD_Coptic-Scriptorium/dev.conllu#sahidica_mark-Mark_06_s0036 (CC BY 4.0),gold
"But he answered them, 'You give them something to eat.' They asked him, 'Shall we go and buy two hundred denarii worth of bread, and give them something to eat?'",ⲛⲧⲟϥ ⲇⲉ ⲁϥⲟⲩⲱϣⲃ ⲉϥϫⲱ ⲙⲙⲟⲥ ⲛⲁⲩ ϫⲉϯ ⲛⲁⲩ ⲛⲧⲱⲧⲛ ⲉⲧⲣⲉⲩⲟⲩⲱⲙ . ⲡⲉϫⲁⲩ ⲛⲁϥ ϫⲉⲙⲁⲣⲛⲃⲱⲕ ⲛⲧⲛⲧⲟⲟⲩ ⲙⲛⲧⲥⲛⲟⲟⲩⲥ ⲛϣⲉ ⲛⲟⲉⲓⲕ ⲛⲧⲛⲧⲁⲁⲩ ⲛⲁⲩ ⲉⲟⲩⲱⲙ . ⲛⲧⲟϥ ⲇⲉ ⲡⲉϫⲁϥ ⲛⲁⲩ,sahidic,UD_Coptic-Scriptorium/dev.conllu#sahidica_mark-Mark_06_s0037 (CC BY 4.0),gold
"He said to them, 'How many loaves do you have? Go see.' When they knew, they said, 'Five, and two fish.'",ϫⲉⲟⲩⲛⲧⲏⲧⲛ ⲟⲩⲏⲣ ⲛⲟⲉⲓⲕ ⲃⲱⲕ ⲛⲧⲉⲧⲛⲛⲁⲩ . ⲁⲩⲱ ⲛⲧⲉⲣⲟⲩⲉⲓⲙⲉ ⲡⲉϫⲁⲩ ⲛⲁϥ ϫⲉϯⲟⲩ ⲙⲛⲧⲃⲧ ⲥⲛⲁⲩ .,sahidic,UD_Coptic-Scriptorium/dev.conllu#sahidica_mark-Mark_06_s0038 (CC BY 4.0),gold
He commanded them that everyone should sit down in groups on the green grass.,ⲁⲩⲱ ⲁϥⲟⲩⲉϩⲥⲁϩⲛⲉ ⲛⲁⲩ ⲉⲧⲣⲉⲩⲛⲟϫⲟⲩ ⲧⲏⲣⲟⲩ ⲉⲩⲟ ⲛⲁⲩⲏⲧ ⲁⲩⲏⲧ ⲉϫⲙⲡⲉⲭⲟⲣⲧⲟⲥ ⲉⲧⲟⲩⲉⲧⲟⲩⲱⲧ,sahidic,UD_Coptic-Scriptorium/dev.conllu#sahidica_mark-Mark_06_s0039 (CC BY 4.0),gold
"They sat down in ranks, by hundreds and by fifties.",ⲁⲩⲱ ⲁⲩⲛⲟϫⲟⲩ ⲉⲩⲟ ⲛⲁⲩⲏⲧ ⲁⲩⲏⲧ ϣⲉ ϣⲉ ⲁⲩⲱ ⲧⲁⲉⲓⲟⲩ ⲧⲁⲉⲓⲟⲩ .,sahidic,UD_Coptic-Scriptorium/dev.conllu#sahidica_mark-Mark_06_s0040 (CC BY 4.0),gold
"He took the five loaves and the two fish, and looking up to heaven, he blessed and broke the loaves, and he gave to his disciples to set before them, and he divided the two fish among them all.",ⲛⲧⲉⲣⲉϥϫⲓ ⲇⲉ ⲙⲡϯⲟⲩ ⲛⲟⲉⲓⲕ ⲛⲙⲡⲧⲃⲧ ⲥⲛⲁⲩ ⲁϥϥⲓⲉⲓⲁⲧϥ ⲉϩⲣⲁⲓ ⲉⲧⲡⲉ ⲁϥⲥⲙⲟⲩ ⲉⲣⲟⲟⲩ ⲁⲩⲱ ⲁϥⲡⲉϣⲛⲟⲉⲓⲕ ⲁϥⲧⲁⲁⲩ ⲛⲛⲉϥⲙⲁⲑⲏⲧⲏⲥ ϫⲉⲉⲩⲉⲕⲁⲁⲩ ϩⲁⲣⲱⲟⲩ ⲡⲕⲉⲧⲃⲧ ⲥⲛⲁⲩ ⲁϥⲡⲟϣⲟⲩ ⲉϫⲱⲟⲩ ⲧⲏⲣⲟⲩ,sahidic,UD_Coptic-Scriptorium/dev.conllu#sahidica_mark-Mark_06_s0041 (CC BY 4.0),gold
"They all ate, and were filled.",ⲁⲩⲱ ⲁⲩⲟⲩⲱⲙ ⲧⲏⲣⲟⲩ ⲁⲩⲥⲓ .,sahidic,UD_Coptic-Scriptorium/dev.conllu#sahidica_mark-Mark_06_s0042 (CC BY 4.0),gold
They took up twelve baskets full of broken pieces and also of the fish.,ⲁⲩⲱ ⲁⲩϥⲓⲙⲛⲧⲥⲛⲟⲟⲩⲥ ⲛⲕⲟⲧ ⲉⲩⲙⲉϩ ⲛⲗⲁⲕⲙ ⲁⲩϥⲓ ⲟⲛ ⲉⲃⲟⲗ ϩⲛⲛⲧⲃⲧ .,sahidic,UD_Coptic-Scriptorium/dev.conllu#sahidica_mark-Mark_06_s0043 (CC BY 4.0),gold
Those who ate the loaves were five thousand men.,ⲛⲉⲛⲧⲁⲩⲟⲩⲱⲙ ⲇⲉ ⲛⲉⲩⲛⲁⲣⲁⲩϭⲓⲥⲧⲃⲁ ⲛⲣⲱⲙⲉ .,sahidic,UD_Coptic-Scriptorium/dev.conllu#sahidica_mark-Mark_06_s0044 (CC BY 4.0),gold
"Immediately he made his disciples get into the boat, and to go ahead to the other side, to Bethsaida, while he himself sent the multitude away.",ⲁⲩⲱ ⲛⲧⲉⲩⲛⲟⲩ ⲁϥⲁⲛⲁⲅⲕⲁⲍⲉ ⲛⲛⲉϥⲙⲁⲑⲏⲧⲏⲥ ⲉⲧⲁⲗⲉ ⲉⲡϫⲟⲉⲓ ⲁⲩⲱ ⲉⲣϣⲟⲣⲡ ⲉⲣⲟϥ ⲉⲡⲓⲕⲣⲟ ⲉⲃⲏⲑⲥⲁⲓⲇⲁ ϣⲁⲛⲧⲉϥⲕⲁⲡⲙⲏⲏϣⲉ ⲉⲃⲟⲗ .,sahidic,UD_Coptic-Scriptorium/dev.conllu#sahidica_mark-Mark_06_s0045 (CC BY 4.0),gold
"After he had taken leave of them, he went up the mountain to pray.",ⲁⲩⲱ ⲛⲧⲉⲣⲉϥⲁⲡⲟⲥⲧⲁⲥⲥⲉ ⲛⲁⲩ ⲁϥⲃⲱⲕ ⲉϩⲣⲁⲓ ⲉⲡⲧⲟⲟⲩ ⲉϣⲗⲏⲗ .,sahidic,UD_Coptic-Scriptorium/dev.conllu#sahidica_mark-Mark_06_s0046 (CC BY 4.0),gold
"When evening had come, the boat was in the midst of the sea, and he was alone on the land.",ⲛⲧⲉⲣⲉⲣⲟⲩϩⲉ ⲇⲉ ϣⲱⲡⲉ ⲛⲉⲣⲉⲡϫⲟⲉⲓ ϩⲛⲧⲙⲏⲧⲉ ⲛⲧⲑⲁⲗⲁⲥⲥⲁ . ⲁⲩⲱ ⲛⲧⲟϥ ⲛⲉϥϩⲓⲡⲉⲕⲣⲟ ⲙⲁⲩⲁⲁϥ .,sahidic,UD_Coptic-Scriptorium/dev.conllu#sahidica_mark-Mark_06_s0047 (CC BY 4.0),gold
"Seeing them distressed in rowing, for the wind was contrary to them, about the fourth watch of the night he came to them, walking on the sea, and he would have passed by them,",ⲛⲧⲉⲣⲉϥⲛⲁⲩ ⲇⲉ ⲉⲣⲟⲟⲩ ⲉⲩϩⲟⲥⲉ ϩⲙⲡⲧⲣⲉⲩⲥϭⲏⲣ ⲡⲧⲏⲩ ⲅⲁⲣ ⲛⲉϥϯ ⲟⲩⲃⲏⲩ ϩⲙⲡⲙⲉϩϥⲧⲟⲟⲩ ⲛϣⲱⲡ ⲛⲧⲉⲩϣⲏ ⲁϥⲉⲓ ϣⲁⲣⲟⲟⲩ ⲉϥⲙⲟⲟϣⲉ ϩⲓϫⲛⲧϩⲁⲗⲁⲥⲥⲁ ⲁⲩⲱ ⲛⲉϥⲟⲩⲱϣ ⲉⲡⲁⲣⲁⲅⲉ ⲙⲙⲟⲟⲩ .,sahidic,UD_Coptic-Scriptorium/dev.conllu#sahidica_mark-Mark_06_s0048 (CC BY 4.0),gold
"but they, when they saw him walking on the sea, supposed that it was a ghost, and cried out;",ⲛⲧⲟⲟⲩ ⲇⲉ ⲛⲧⲉⲣⲟⲩⲛⲁⲩ ⲉⲣⲟϥ ⲉϥⲙⲟⲟϣⲉ ϩⲓϫⲛⲧϩⲁⲗⲁⲥⲥⲁ . ⲁⲩⲙⲉⲉⲩⲉ ϫⲉⲟⲩⲫⲁⲛⲧⲁⲥⲙⲁⲡⲉ . ⲁⲩⲱ ⲁⲩϫⲓϣⲕⲁⲕ ⲉⲃⲟⲗ,sahidic,UD_Coptic-Scriptorium/dev.conllu#sahidica_mark-Mark_06_s0049 (CC BY 4.0),gold
"for they all saw him, and were troubled. But he immediately spoke with them, and said to them, 'Cheer up! It is I! Don't be afraid.'",ⲁⲩⲉⲓⲟⲣϩϥ ⲅⲁⲣ ⲧⲏⲣⲟⲩ . ⲁⲩⲱ ⲁⲩϣⲧⲟⲣⲧⲣ . ⲛⲧⲟϥ ⲇⲉ ⲛⲧⲉⲩⲛⲟⲩ ⲁϥϣⲁϫⲉ ⲛⲙⲙⲁⲩ ⲉϥϫⲱ ⲙⲙⲟⲥ ϫⲉⲧⲱⲕ ⲛϩⲏⲧ ⲁⲛⲟⲕⲡⲉ ⲙⲡⲣⲣϩⲟⲧⲉ,sahidic,UD_Coptic-Scriptorium/dev.conllu#sahidica_mark-Mark_06_s0050 (CC BY 4.0),gold
"He got into the boat with them; and the wind ceased, and they were very amazed among themselves, and marveled;",ⲁⲩⲱ ⲁϥⲁⲗⲉ ⲉⲡϫⲟⲉⲓ ⲛⲙⲙⲁⲩ ⲁⲡⲧⲏⲩ ⲗⲟ ⲉⲃⲟⲗ . ⲁⲩⲣϣⲡⲏⲣⲉ ⲇⲉ ⲉⲙⲁⲧⲉ,sahidic,UD_Coptic-Scriptorium/dev.conllu#sahidica_mark-Mark_06_s0051 (CC BY 4.0),gold
"for they hadn't understood about the loaves, but their hearts were hardened.",ⲙⲡⲟⲩⲛⲟⲉⲓ ⲅⲁⲣ ϩⲓⲛⲟⲉⲓⲕ . ⲁⲗⲗⲁ ⲛⲉⲣⲉⲡⲉⲩϩⲏⲧ ⲧⲏⲙ,sahidic,UD_Coptic-Scriptorium/dev.conllu#sahidica_mark-Mark_06_s0052 (CC BY 4.0),gold
"When they had crossed over, they came to land at Gennesaret, and moored to the shore.",ⲛⲧⲉⲣⲟⲩⲙⲟⲟⲛⲉ ⲇⲉ ⲉⲡⲉⲕⲣⲟ ⲁⲩⲉⲓ ⲉⲅⲉⲛⲛⲏⲥⲁⲣⲉⲧ,sahidic,UD_Coptic-Scriptorium/dev.conllu#sahidica_mark-Mark_06_s0053 (CC BY 4.0),gold
"When they had come out of the boat, immediately the people recognized him,",ⲛⲧⲉⲣⲟⲩⲡⲉ ⲇⲉ ⲉⲡⲉⲕⲣⲟ ⲛⲧⲉⲩⲛⲟⲩ ⲁⲩⲥⲟⲩⲱⲛϥ,sahidic,UD_Coptic-Scriptorium/dev.conllu#sahidica_mark-Mark_06_s0054 (CC BY 4.0),gold
"and ran around that whole region, and began to bring those who were sick, on their mats, to where they heard he was.",ⲁⲩⲱ ⲁⲩⲡⲱⲧ ⲉⲃⲟⲗ ϩⲛⲧⲉⲭⲱⲣⲁ ⲧⲏⲣⲥ ⲉⲧⲙⲙⲁⲩ . ⲁⲩⲱ ⲁⲩⲁⲣⲭⲉⲓ ⲉⲉⲓⲛⲉ ϩⲓϫⲛⲛⲉϭⲗⲱϭ ⲛⲛⲉⲧⲙⲟⲕϩ ϩⲛⲛⲉⲩϣⲱⲛⲉ ⲉⲡⲙⲁ ⲉϣⲁⲩⲥⲱⲧⲙ ϫⲉϥⲛϩⲏⲧϥ .,sahidic,UD_Coptic-Scriptorium/dev.conllu#sahidica_mark-Mark_06_s0055 (CC BY 4.0),gold
"Wherever he entered, into villages, or into cities, or into the country, they laid the sick in the marketplaces, and begged him that they might touch just the fringe of his garment; and as many as touched him were made well.",ⲁⲩⲱ ⲡⲙⲁ ⲉⲧϥⲛⲁⲃⲱⲕ ⲉϩⲟⲩⲛ ⲉⲣⲟϥ ⲉϩⲉⲛϯⲙⲉ ⲏ ϩⲉⲛⲡⲟⲗⲓⲥ ⲏ ϩⲉⲛⲥⲱϣⲉ . ϣⲁⲩⲕⲁⲛⲉⲧϣⲱⲛⲉ ϩⲛⲛⲁⲅⲟⲣⲁ ⲛⲥⲉⲥⲉⲡⲥⲱⲡϥ ϫⲉⲕⲁⲁⲥ ⲉⲩⲉϫⲱϩ ⲉⲡⲧⲟⲡ ⲛⲧⲉϥϣⲧⲏⲛ ⲁⲩⲱ ⲛⲉϣⲁⲩϫⲱϩ ⲉⲣⲟϥ ϣⲁⲩⲗⲟ .,sahidic,UD_Coptic-Scriptorium/dev.conllu#sahidica_mark-Mark_06_s0056 (CC BY 4.0),gold
"Then the Pharisees, and some of the scribes gathered together to him, having come from Jerusalem.",ⲁⲩⲥⲱⲟⲩϩ ⲇⲉ ⲉⲣⲟϥ ⲛϭⲓⲛⲉⲫⲁⲣⲓⲥⲥⲁⲓⲟⲥ ⲁⲩⲱ ϩⲟⲓⲛⲉ ⲛⲛⲉⲅⲣⲁⲙⲙⲁⲧⲉⲩⲥ ⲉⲁⲩⲉⲓ ⲉⲃⲟⲗ ϩⲛⲧϩⲓⲉⲣⲟⲩⲥⲁⲗⲏⲙ,sahidic,UD_Coptic-Scriptorium/dev.conllu#sahidica_mark-Mark_07_s0001 (CC BY 4.0),gold
"Now when they saw some of his disciples eating bread with defiled, that is, unwashed, hands, they found fault.",ⲁⲩⲱ ⲛⲧⲉⲣⲟⲩⲛⲁⲩ ⲉϩⲟⲓⲛⲉ ⲛⲛⲉϥⲙⲁⲑⲏⲧⲏⲥ ϫⲉⲥⲉⲟⲩⲱⲙ ⲙⲡⲉⲩⲟⲉⲓⲕ ⲉⲙⲡⲟⲩⲉⲓⲁⲧⲟⲟⲧⲟⲩ,sahidic,UD_Coptic-Scriptorium/dev.conllu#sahidica_mark-Mark_07_s0002 (CC BY 4.0),gold
"(For the Pharisees, and all the Jews, don't eat unless they wash their hands and forearms, holding to the tradition of the elders.",ⲛⲉⲫⲁⲣⲓⲥⲥⲁⲓⲟⲥ ⲅⲁⲣ ⲙⲛⲛⲓⲟⲩⲇⲁⲓ ⲧⲏⲣⲟⲩ ⲉⲩⲧⲙⲓⲁⲧⲟⲟⲧⲟⲩ ⲙⲁⲩⲟⲩⲱⲙ ⲉⲩⲁⲙⲁϩⲧⲉ ⲛⲧⲡⲁⲣⲁⲇⲟⲥⲓⲥ ⲛⲛⲉⲡⲣⲉⲥⲃⲩⲧⲉⲣⲟⲥ,sahidic,UD_Coptic-Scriptorium/dev.conllu#sahidica_mark-Mark_07_s0003 (CC BY 4.0),gold
"They don't eat when they come from the marketplace, unless they bathe themselves, and there are many other things, which they have received to hold to: washings of cups, pitchers, bronze vessels, and couches.)",ⲁⲩⲱ ⲉⲩϣⲁⲛⲉⲓ ⲛⲧⲁⲅⲟⲣⲁ ⲉⲩⲧⲙϭⲉϣϭⲱϣⲟⲩ ⲙⲉⲩⲟⲩⲱⲙ . ⲁⲩⲱ ϩⲉⲛⲕⲉⲥⲙⲟⲧ ⲧⲏⲣⲟⲩ ⲉⲁⲩϫⲓⲧⲟⲩ ⲉⲁⲙⲁϩⲧⲉ ⲙⲙⲟⲟⲩ ϩⲉⲛⲁⲡⲟⲧ ⲉϩⲟⲣⲡⲟⲩ ⲛⲙϩⲉⲛⲝⲉⲥⲧⲏⲥ ⲛⲙϩⲉⲛⲭⲁⲗⲕⲓⲛ,sahidic,UD_Coptic-Scriptorium/dev.conllu#sahidica_mark-Mark_07_s0004 (CC BY 4.0),gold
"The Pharisees and the scribes asked him, 'Why don't your disciples walk according to the tradition of the elders, but eat their bread with unwashed hands?'",ⲁⲩϫⲛⲟⲩϥ ⲇⲉ ⲛϭⲓⲛⲉⲫⲁⲣⲓⲥⲥⲁⲓⲟⲥ ⲙⲛⲛⲉⲅⲣⲁⲙⲙⲁⲧⲉⲩⲥ ϫⲉⲉⲧⲃⲉⲟⲩ ⲛⲉⲕⲙⲁⲑⲏⲧⲏⲥ ⲛⲥⲉⲙⲟⲟϣⲉ ⲁⲛ ⲕⲁⲧⲁⲧⲡⲁⲣⲁⲇⲟⲥⲓⲥ ⲛⲛⲉⲡⲣⲉⲥⲃⲩⲧⲉⲣⲟⲥ . ⲁⲗⲗⲁ ⲥⲉⲟⲩⲱⲙ ⲙⲡⲉⲩⲟⲉⲓⲕ ⲉⲣⲉⲧⲟⲟⲧⲟⲩ ⲧⲟⲗⲙ .,sahidic,UD_Coptic-Scriptorium/dev.conllu#sahidica_mark-Mark_07_s0005 (CC BY 4.0),gold
"He answered them, 'Well did Isaiah prophesy of you hypocrites, as it is written, 'This people honors me with their lips, but their heart is far from me.",ⲛⲧⲟϥ ⲇⲉ ⲡⲉϫⲁϥ ⲛⲁⲩ ϫⲉⲕⲁⲗⲱⲥ ⲁⲏⲥⲁⲓⲁⲥ ⲡⲣⲟⲫⲏⲧⲉⲩⲉ ϩⲁⲣⲱⲧⲛ ⲛϩⲩⲡⲟⲕⲣⲓⲧⲏⲥ ⲛⲧϩⲉ ⲉⲧϥⲥⲏϩ ϫⲉⲡⲓⲗⲁⲟⲥ ⲧⲙⲁⲓⲟ ⲙⲙⲟⲓ ϩⲛⲛⲉϥⲥⲡⲟⲧⲟⲩ . ⲡⲉⲩϩⲏⲧ ⲇⲉ ⲟⲩⲏⲩ ⲉⲃⲟⲗ ⲙⲙⲟⲓ,sahidic,UD_Coptic-Scriptorium/dev.conllu#sahidica_mark-Mark_07_s0006 (CC BY 4.0),gold
"But in vain do they worship me, teaching as doctrines the commandments of men.'",ⲉⲩⲟⲩⲱϣⲧ ⲇⲉ ⲙⲙⲟⲓ ⲉⲡϫⲓⲛϫⲏ ⲉⲩϯⲥⲃⲱ ⲛϩⲉⲛⲥⲃⲟⲟⲩⲉ ⲛⲉⲛⲧⲟⲗⲏ ⲛⲣⲱⲙⲉ .,sahidic,UD_Coptic-Scriptorium/dev.conllu#sahidica_mark-Mark_07_s0007 (CC BY 4.0),gold
"For you set aside the commandment of God, and hold tightly to the tradition of men--the washing of pitchers and cups, and you do many other such things.'",ⲉⲁⲧⲉⲧⲛⲕⲱ ⲛⲥⲱⲧⲛ ⲛⲧⲉⲛⲧⲟⲗⲏ ⲙⲡⲛⲟⲩⲧⲉ ⲧⲉⲧⲛⲁⲙⲁϩⲧⲉ ⲛⲙⲡⲁⲣⲁⲇⲟⲥⲓⲥ ⲛⲛⲣⲱⲙⲉ,sahidic,UD_Coptic-Scriptorium/dev.conllu#sahidica_mark-Mark_07_s0008 (CC BY 4.0),gold
"He said to them, 'Full well do you reject the commandment of God, that you may keep your tradition.",ⲁⲩⲱ ⲛⲉϥϫⲱ ⲙⲙⲟⲥ ⲛⲁⲩ . ϫⲉⲕⲁⲗⲱⲥ ⲧⲉⲧⲛⲁⲑⲉⲧⲓ ⲛⲧⲉⲛⲧⲟⲗⲏ ⲙⲡⲛⲟⲩⲧⲉ ϫⲉⲉⲧⲉⲧⲛⲉϩⲁⲣⲉϩ ⲉⲧⲉⲧⲛⲡⲁⲣⲁⲇⲟⲥⲓⲥ,sahidic,UD_Coptic-Scriptorium/dev.conllu#sahidica_mark-Mark_07_s0009 (CC BY 4.0),gold
"For Moses said, 'Honor your father and your mother;'",ⲙⲱⲩⲥⲏⲥ ⲅⲁⲣ ⲁϥϫⲟⲟⲥ ϫⲉⲙⲁⲧⲁⲓⲉⲡⲉⲕⲉⲓⲱⲧ ⲛⲙⲧⲉⲕⲙⲁⲁⲩ ⲁⲩⲱ ⲡⲉⲧⲛⲁϫⲓϣⲁϫⲉ ⲉϥϩⲟⲟⲩ ⲛⲥⲁⲡⲉϥⲉⲓⲱⲧ ⲏ ⲧⲉϥⲙⲁⲁⲩ ϩⲛⲟⲩⲙⲟⲩ ⲙⲁⲣⲉϥⲙⲟⲩ .,sahidic,UD_Coptic-Scriptorium/dev.conllu#sahidica_mark-Mark_07_s0010 (CC BY 4.0),gold
"But you say, 'If a man tells his father or his mother, 'Whatever profit you might have received from me is Corban, that is to say, given to God;''",ⲛⲧⲱⲧⲛ ⲇⲉ ⲧⲉⲧⲛϫⲱ ⲙⲙⲟⲥ ϫⲉⲉⲣϣⲁⲛⲡⲣⲱⲙⲉ ϫⲟⲟⲥ ⲙⲡⲉϥⲉⲓⲱⲧ ⲏ ⲧⲉϥⲙⲁⲁⲩ ϫⲉⲕⲟⲣⲃⲁⲛ . ⲉⲧⲉⲡⲁⲓ ⲡⲉ ϫⲉⲟⲩⲇⲱⲣⲟⲛ ⲡⲉ ⲉⲕϣⲁⲛϯϩⲏⲩ ⲙⲙⲟϥ ⲉⲃⲟⲗ ⲛϩⲏⲧ,sahidic,UD_Coptic-Scriptorium/dev.conllu#sahidica_mark-Mark_07_s0011 (CC BY 4.0),gold
"then you no longer allow him to do anything for his father or his mother,",ⲙⲁⲧⲉⲧⲛⲕⲁⲁϥ ϭⲉ ⲉⲣⲗⲁⲁⲩ ⲛϩⲱⲃ ⲙⲡⲉϥⲉⲓⲱⲧ ⲏ ⲧⲉϥⲙⲁⲁⲩ,sahidic,UD_Coptic-Scriptorium/dev.conllu#sahidica_mark-Mark_07_s0012 (CC BY 4.0),gold
"making void the word of God by your tradition, which you have handed down. You do many things like this.'",ⲉⲧⲉⲧⲛⲧⲥⲧⲟ ⲉⲃⲟⲗ ⲙⲡϣⲁϫⲉ ⲙⲡⲛⲟⲩⲧⲉ ϩⲛⲧⲉⲧⲛⲡⲁⲣⲁⲇⲟⲥⲓⲥ ⲛⲧⲁⲧⲉⲧⲛⲧⲁⲁⲥ ⲉⲧⲟⲟⲧⲟⲩ ⲁⲩⲱ ϩⲉⲛⲕⲉϩⲃⲏⲩⲉ ⲧⲏⲣⲟⲩ ⲉⲩⲧⲛⲧⲱⲛ ⲉⲛⲁⲓ ⲧⲉⲧⲛⲉⲓⲣⲉ ⲙⲙⲟⲟⲩ .,sahidic,UD_Coptic-Scriptorium/dev.conllu#sahidica_mark-Mark_07_s0013 (CC BY 4.0),gold
"He called all the multitude to himself, and said to them, 'Hear me, all of you, and understand.",ⲁⲩⲱ ⲁϥⲙⲟⲩⲧⲉ ⲟⲛ ⲉⲡⲙⲏⲏϣⲉ ⲡⲉϫⲁϥ ⲛⲁⲩ . ϫⲉⲥⲱⲧⲙ ⲉⲣⲟⲓ ⲧⲏⲣⲧⲛ ⲛⲧⲉⲧⲛⲛⲟⲉⲓ,sahidic,UD_Coptic-Scriptorium/dev.conllu#sahidica_mark-Mark_07_s0014 (CC BY 4.0),gold
"There is nothing from outside of the man, that going into him can defile him; but the things which proceed out of the man are those that defile the man.",ⲙⲙⲛⲗⲁⲁⲩ ⲉϥⲙⲡⲃⲟⲗ ⲙⲡⲣⲱⲙⲉ ⲉϥⲛⲁⲃⲱⲕ ⲉϩⲟⲩⲛ ⲉⲣⲟϥ ⲉϥⲛⲁϣϫⲁϩⲙⲉϥ ⲁⲗⲗⲁ ⲛⲉⲧⲛⲏⲩ ⲉⲃⲟⲗ ⲙⲡⲣⲱⲙⲉ ⲛⲧⲟⲟⲩ ⲛⲉⲧϫⲱϩⲙ ⲙⲡⲣⲱⲙⲉ .,sahidic,UD_Coptic-Scriptorium/dev.conllu#sahidica_mark-Mark_07_s0015 (CC BY 4.0),gold
"If anyone has ears to hear, let him hear!'",[..],sahidic,UD_Coptic-Scriptorium/dev.conllu#sahidica_mark-Mark_07_s0016 (CC BY 4.0),gold
"When he had entered into a house away from the multitude, his disciples asked him about the parable.",ⲁⲩⲱ ⲛⲧⲉⲣⲉϥⲕⲁⲡⲙⲏⲏϣⲉ ⲁϥⲃⲱⲕ ⲉϩⲟⲩⲛ ⲉⲡⲏⲓ ⲁⲩϫⲛⲟⲩϥ ⲛϭⲓⲛⲉϥⲙⲁⲑⲏⲧⲏⲥ ⲉⲧⲡⲁⲣⲁⲃⲟⲗⲏ,sahidic,UD_Coptic-Scriptorium/dev.conllu#sahidica_mark-Mark_07_s0017 (CC BY 4.0),gold
"He said to them, 'Are you thus without understanding also? Don't you perceive that whatever goes into the man from outside can't defile him,",ⲛⲧⲟϥ ⲇⲉ ⲡⲉϫⲁϥ ⲛⲁⲩ ϫⲉⲛⲧⲱⲧⲛ ϩⲱⲧⲧⲏⲩⲧⲛ ⲧⲉⲧⲛⲟ ⲛⲁⲧϩⲏⲧ ϩⲓⲛⲁⲓ . ⲛⲧⲉⲧⲛⲛⲟⲉⲓ ⲁⲛ ϫⲉⲛⲕⲁ ⲛⲓⲙ ⲉϥⲙⲡⲃⲟⲗ ⲙⲡⲣⲱⲙⲉ ⲉϥⲛⲁⲃⲱⲕ ⲉϩⲟⲩⲛ ⲉⲣⲟϥ ⲛϥⲛⲁϣϫⲁϩⲙⲉϥ ⲁⲛ,sahidic,UD_Coptic-Scriptorium/dev.conllu#sahidica_mark-Mark_07_s0018 (CC BY 4.0),gold
"because it doesn't go into his heart, but into his stomach, then into the latrine, thus making all foods clean?'",ⲉⲃⲟⲗ ϫⲉ ⲛⲉϥⲃⲏⲕ ⲁⲛ ⲉϩⲟⲩⲛ ⲉⲡϩⲏⲧ . ⲁⲗⲗⲁ ⲉϩⲣⲁⲓ ⲉⲧϩⲏ . ⲁⲩⲱ ϥⲃⲏⲕ ⲉⲃⲟⲗ ⲉⲡⲙⲁ ⲛⲣⲙⲏ ⲉϥⲕⲁⲑⲁⲣⲓⲍⲉ ⲛⲛϭⲓⲛⲟⲩⲟⲟⲙ ⲧⲏⲣⲟⲩ .,sahidic,UD_Coptic-Scriptorium/dev.conllu#sahidica_mark-Mark_07_s0019 (CC BY 4.0),gold
"He said, 'That which proceeds out of the man, that defiles the man.",ⲛⲉϥϫⲱ ⲇⲉ ⲙⲙⲟⲥ ϫⲉⲡⲉⲧⲛⲏⲩ ⲇⲉ ⲉⲃⲟⲗ ⲙⲡⲣⲱⲙⲉ ⲡⲉⲧⲙⲙⲁⲩ ⲡⲉ ϣⲁϥϫⲁϩⲙ ⲡⲣⲱⲙⲉ .,sahidic,UD_Coptic-Scriptorium/dev.conllu#sahidica_mark-Mark_07_s0020 (CC BY 4.0),gold
"For from within, out of the hearts of men, proceed evil thoughts, adulteries, sexual sins, murders, thefts,",ⲉϥⲛⲏⲩ ⲅⲁⲣ ⲉⲃⲟⲗ ϩⲓϩⲟⲩⲛ ⲙⲡϩⲏⲧ ⲛⲛⲣⲱⲙⲉ ⲛϭⲓⲙⲙⲉⲉⲩⲉ ⲉⲧϩⲟⲟⲩ ϩⲉⲛⲡⲟⲣⲛⲉⲓⲁ ϩⲉⲛϫⲓⲟⲩⲉ .,sahidic,UD_Coptic-Scriptorium/dev.conllu#sahidica_mark-Mark_07_s0021 (CC BY 4.0),gold
"covetings, wickedness, deceit, lustful desires, an evil eye, blasphemy, pride, and foolishness.",ϩⲉⲛϩⲱⲧⲃ ϩⲉⲛⲙⲛⲧⲛⲟⲉⲓⲕ . ϩⲉⲛⲙⲛⲧⲙⲁⲓⲧⲟ ⲛϩⲟⲩⲟ ϩⲉⲛⲡⲟⲛⲏⲣⲓⲁ ⲟⲩⲙⲛⲧⲣⲉϥϫⲱϩⲙ ⲟⲩⲃⲁⲗ ⲉϥϩⲟⲟⲩ ⲟⲩⲙⲛⲧⲣⲉϥϫⲓⲟⲩⲁ ⲟⲩⲙⲛⲧϫⲁⲥⲓϩⲏⲧ ⲟⲩⲙⲛⲧⲁⲧϩⲏⲧ,sahidic,UD_Coptic-Scriptorium/dev.conllu#sahidica_mark-Mark_07_s0022 (CC BY 4.0),gold
"All these evil things come from within, and defile the man.'",ⲛⲁⲓ ⲧⲏⲣⲟⲩ ⲉⲧϩⲟⲟⲩ ⲉⲩⲛⲏⲩ ⲉⲃⲟⲗ ϩⲓϩⲟⲩⲛ ⲉⲩϫⲱϩⲙ ⲙⲡⲣⲱⲙⲉ .,sahidic,UD_Coptic-Scriptorium/dev.conllu#sahidica_mark-Mark_07_s0023 (CC BY 4.0),gold
"From there he arose, and went away into the borders of Tyre and Sidon. He entered into a house, and didn't want anyone to know it, but he couldn't escape notice.",ⲛⲧⲉⲣⲉϥⲡⲱⲱⲛⲉ ⲇⲉ ⲉⲃⲟⲗ ⲙⲡⲙⲁ ⲉⲧⲙⲙⲁⲩ ⲁϥⲃⲱⲕ ⲉϩⲣⲁⲓ ⲉⲛⲧⲟϣ ⲛⲧⲩⲣⲟⲥ ⲛⲙⲥⲓⲇⲱⲛ ⲁⲩⲱ ⲛⲧⲉⲣⲉϥⲃⲱⲕ ⲉϩⲟⲩⲛ ⲉⲡⲏⲓ ⲙⲡϥⲟⲩⲱϣ ⲉⲧⲣⲉⲗⲁⲁⲩ ⲉⲓⲙⲉ . ⲁⲩⲱ ⲙⲡⲉϥⲉϣϩⲱⲡ,sahidic,UD_Coptic-Scriptorium/dev.conllu#sahidica_mark-Mark_07_s0024 (CC BY 4.0),gold
"For a woman, whose little daughter had an unclean spirit, having heard of him, came and fell down at his feet.",ⲁⲗⲗⲁ ⲛⲧⲉⲩⲛⲟⲩ ⲛⲧⲉⲣⲉⲥⲥⲱⲧⲙ ⲉⲧⲃⲏⲏⲧϥ ⲛϭⲓⲟⲩⲥϩⲓⲙⲉ ⲉⲩⲛⲧⲥⲟⲩϣⲉⲉⲣⲉ ⲙⲙⲁⲩ ⲉⲣⲉⲟⲩⲡⲛⲉⲩⲙⲁ ⲛⲁⲕⲁⲑⲁⲣⲧⲟⲛ ⲛⲙⲙⲁⲥ ⲁⲥⲉⲓ ⲁⲥⲡⲁϩⲧⲥ ϩⲁⲣⲁⲧϥ,sahidic,UD_Coptic-Scriptorium/dev.conllu#sahidica_mark-Mark_07_s0025 (CC BY 4.0),gold
"Now the woman was a Greek, a Syrophoenician by race. She begged him that he would cast the demon out of her daughter.",ⲧⲉⲥϩⲓⲙⲉ ⲇⲉ ⲛⲉⲩϩⲉⲗⲗⲏⲛ ⲧⲉ ⲛⲣⲙ ⲧⲉ ⲫⲟⲓⲛⲓⲕⲏ ⲛⲧⲥⲩⲣⲓⲁ . ⲁⲩⲱ ⲁⲥⲥⲉⲡⲥⲱⲡϥ ϫⲉⲕⲁⲁⲥ ⲉϥⲉⲛⲉϫⲡⲇⲁⲓⲙⲱⲛⲓⲟⲛ ⲉⲃⲟⲗ ϩⲓⲧⲉⲥϣⲉⲉⲣⲉ,sahidic,UD_Coptic-Scriptorium/dev.conllu#sahidica_mark-Mark_07_s0026 (CC BY 4.0),gold
"But Jesus said to her, 'Let the children be filled first, for it is not appropriate to take the children's bread and throw it to the dogs.'",ⲡⲉϫⲁϥ ⲇⲉ ⲛⲁⲥ ϫⲉⲕⲁⲛϣⲏⲣⲉ ⲉⲧⲣⲉⲩⲥⲉⲓ ⲛϣⲟⲣⲡ . ⲛⲛⲁⲛⲟⲩⲥ ⲅⲁⲣ ⲁⲛ ⲉϫⲓ ⲙⲡⲟⲉⲓⲕ ⲛⲛϣⲏⲣⲉ ⲉⲛⲟϫϥ ⲛⲛⲉⲩϩⲟⲟⲣ .,sahidic,UD_Coptic-Scriptorium/dev.conllu#sahidica_mark-Mark_07_s0027 (CC BY 4.0),gold
"But she answered him, 'Yes, Lord. Yet even the dogs under the table eat the children's crumbs.'",ⲛⲧⲟⲥ ⲇⲉ ⲁⲥⲟⲩⲱϣⲃ ⲉⲥϫⲱ ⲙⲙⲟⲥ ⲛⲁϥ ϫⲉ ⲥⲉ ⲡϫⲟⲉⲓⲥ . ⲛⲕⲉⲟⲩϩⲟⲟⲣ ϣⲁⲩⲟⲩⲱⲙ ⲉⲃⲟⲗ ϩⲛⲛⲥⲣⲉϥⲣⲓϥⲉ ϩⲁⲧⲉⲧⲣⲁⲡⲉⲍⲁ ⲛⲛϣⲏⲣⲉ .,sahidic,UD_Coptic-Scriptorium/dev.conllu#sahidica_mark-Mark_07_s0028 (CC BY 4.0),gold
"He said to her, 'For this saying, go your way. The demon has gone out of your daughter.'",ⲁⲩⲱ ⲡⲉϫⲁϥ ⲛⲁⲥ ϫⲉⲃⲱⲕ ⲉⲧⲃⲉⲡⲉⲓϣⲁϫⲉ ⲁⲡⲇⲁⲓⲙⲱⲛⲓⲟⲛ ⲉⲓ ⲉⲃⲟⲗ ϩⲛⲧⲟⲩϣⲉⲉⲣⲉ .,sahidic,UD_Coptic-Scriptorium/dev.conllu#sahidica_mark-Mark_07_s0029 (CC BY 4.0),gold
"She went away to her house, and found the child having been laid on the bed, with the demon gone out.",ⲛⲧⲉⲣⲉⲥⲃⲱⲕ ⲇⲉ ⲉⲡⲉⲥⲏⲓ ⲁⲥϩⲉ ⲉⲧⲉϣⲉⲉⲣⲉ ⲉⲥⲛⲏϫ ϩⲓⲡⲉϭⲗⲟϭ ⲉⲁⲡⲇⲁⲓⲙⲱⲛⲓⲟⲛ ⲗⲟ ϩⲓⲱⲱⲥ .,sahidic,UD_Coptic-Scriptorium/dev.conllu#sahidica_mark-Mark_07_s0030 (CC BY 4.0),gold
"Again he departed from the borders of Tyre and Sidon, and came to the sea of Galilee, through the midst of the region of Decapolis.",ⲛⲧⲉⲣⲉϥⲉⲓ ⲟⲛ ⲉⲃⲟⲗ ϩⲛⲛⲧⲟϣ ⲛⲧⲩⲣⲟⲥ . ⲁϥⲃⲱⲕ ⲉⲃⲟⲗ ϩⲓⲧⲛⲥⲓⲇⲱⲛ ⲉⲑⲁⲗⲁⲥⲥⲁ ⲛⲧⲅⲁⲗⲓⲗⲁⲓⲁ ϩⲛⲧⲙⲏⲧⲉ ⲛⲛⲧⲟϣ ⲛⲧⲇⲉⲕⲁⲡⲟⲗⲓⲥ,sahidic,UD_Coptic-Scriptorium/dev.conllu#sahidica_mark-Mark_07_s0031 (CC BY 4.0),gold
They brought to him one who was deaf and had an impediment in his speech. They begged him to lay his hand on him.,ⲁⲩⲱ ⲁⲩⲉⲓⲛⲉ ⲛⲁϥ ⲛⲟⲩⲁⲗ ⲛⲙⲡⲟ . ⲁⲩⲱ ⲁⲩⲥⲉⲡⲥⲱⲡϥ ϫⲉⲕⲁⲁⲥ ⲉϥⲉⲕⲁⲧⲟⲟⲧϥ ϩⲓϫⲱϥ .,sahidic,UD_Coptic-Scriptorium/dev.conllu#sahidica_mark-Mark_07_s0032 (CC BY 4.0),gold
"He took him aside from the multitude, privately, and put his fingers into his ears, and he spat, and touched his tongue.",ⲛⲧⲉⲣⲉϥⲛⲧϥ ⲇⲉ ⲉⲃⲟⲗ ⲟⲩⲧⲉⲡⲙⲏⲏϣⲉ . ⲁϥϫⲓⲧϥ ⲉⲩⲥⲁ ⲁϥⲛⲉϫⲛⲉϥⲧⲏⲏⲃⲉ ⲉϩⲟⲩⲛ ⲉⲛⲉϥⲙⲁⲁϫⲉ . ⲁⲩⲱ ⲛⲧⲉⲣⲉϥⲛⲉϫⲧⲁϥ ⲉϩⲟⲩⲛ ⲉϩⲣⲁϥ ⲁϥϫⲱϩ ⲉⲡⲉϥⲗⲁⲥ,sahidic,UD_Coptic-Scriptorium/dev.conllu#sahidica_mark-Mark_07_s0033 (CC BY 4.0),gold
"Looking up to heaven, he sighed, and said to him, 'Ephphatha!' that is, 'Be opened!'",ⲁⲩⲱ ⲛⲧⲉⲣⲉϥϥⲓⲉⲓⲁⲧϥ ⲉϩⲣⲁⲓ ⲉⲧⲡⲉ ⲁϥⲁϣⲁϩⲟⲙ ⲁⲩⲱ ⲡⲉϫⲁϥ ⲛⲁϥ ϫⲉⲉⲡⲫⲁⲑⲁ . ⲉⲧⲉⲡⲁⲓ ⲡⲉ ⲟⲩⲱⲛ .,sahidic,UD_Coptic-Scriptorium/dev.conllu#sahidica_mark-Mark_07_s0034 (CC BY 4.0),gold
"Immediately his ears were opened, and the impediment of his tongue was released, and he spoke clearly.",ⲁⲩⲱ ⲛⲉϥⲙⲁⲁϫⲉ ⲁⲩⲟⲩⲱⲛ ⲁⲩⲱ ⲁⲥⲟⲩⲱⲛ ⲛϭⲓⲧⲙⲣⲣⲉ ⲙⲡⲉϥⲗⲁⲥ ⲁϥϣⲁϫⲉ ⲕⲁⲗⲱⲥ,sahidic,UD_Coptic-Scriptorium/dev.conllu#sahidica_mark-Mark_07_s0035 (CC BY 4.0),gold
"He commanded them that they should tell no one, but the more he commanded them, so much the more widely they proclaimed it.",ⲁⲩⲱ ⲁϥϩⲱⲛ ⲉⲧⲟⲟⲧⲟⲩ ϫⲉⲕⲁⲁⲥ ⲛⲛⲉⲩϫⲟⲟⲥ ⲗⲁⲁⲩ ϩⲟⲥⲟⲛ ⲇⲉ ⲁϥϩⲱⲛ ⲉⲧⲟⲟⲧⲟⲩ ⲛⲧⲟⲟⲩ ⲛϩⲟⲩⲟ ⲟⲛ ⲉⲩϯ ⲙⲡⲉϥⲥⲟⲉⲓⲧ,sahidic,UD_Coptic-Scriptorium/dev.conllu#sahidica_mark-Mark_07_s0036 (CC BY 4.0),gold
"They were astonished beyond measure, saying, 'He has done all things well. He makes even the deaf hear, and the mute speak!'",ⲁⲩⲱ ⲛⲉⲩⲣϣⲡⲏⲣⲉ ⲉⲙⲁⲧⲉ ⲉⲩϫⲱ ⲙⲙⲟⲥ ϫⲉⲕⲁⲗⲱⲥ ϩⲱⲃ ⲛⲓⲙ ⲁϥⲁⲁⲩ ϩⲱⲥⲧⲉ ⲛϥⲧⲉⲛⲕⲉⲁⲗ ⲥⲱⲧⲙ ⲁⲩⲱ ⲛⲉⲙⲡⲟ ⲛϥⲧⲣⲉⲩϣⲁϫⲉ .,sahidic,UD_Coptic-Scriptorium/dev.conllu#sahidica_mark-Mark_07_s0037 (CC BY 4.0),gold
"Paul, called to be an apostle of Jesus Christ through the will of God, and our brother Sosthenes,",ⲡⲁⲩⲗⲟⲥ ⲡⲁⲡⲟⲥⲧⲟⲗⲟⲥ ⲉⲧⲧⲁϩⲙ ⲙⲡⲉⲭⲣⲓⲥⲧⲟⲥ ⲓⲏⲥⲟⲩⲥ ϩⲓⲧⲙⲡⲟⲩⲱϣ ⲙⲡⲛⲟⲩⲧⲉ ⲙⲛⲥⲱⲥⲑⲉⲛⲏⲥ ⲡⲥⲟⲛ,sahidic,UD_Coptic-Scriptorium/dev.conllu#sahidica_1corinthians-1Cor_01_s0001 (CC BY 4.0),gold
"to the assembly of God which is at Corinth; those who are sanctified in Christ Jesus, called to be saints, with all who call on the name of our Lord Jesus Christ in every place, both theirs and ours:",ⲉⲩⲥϩⲁⲓ ⲛⲧⲉⲕⲕⲗⲏⲥⲓⲁ ⲙⲡⲛⲟⲩⲧⲉ ⲧⲁⲓ ⲉⲧϣⲟⲟⲡ ϩⲛⲕⲟⲣⲓⲛⲑⲟⲥ . ⲛⲉⲧⲧⲃⲃⲏⲩ ϩⲙⲡⲉⲭⲣⲓⲥⲧⲟⲥ ⲓⲏⲥⲟⲩⲥ ⲛⲉⲧⲧⲁϩⲙ ⲉⲧⲟⲩⲁⲁⲃ . ⲙⲛⲟⲩⲟⲛ ⲛⲓⲙ ⲉⲧⲉⲡⲓⲕⲁⲗⲉⲓ ⲙⲡⲣⲁⲛ ⲙⲡⲉⲛϫⲟⲉⲓⲥ ⲓⲏⲥⲟⲩⲥ ⲡⲉⲭⲣⲓⲥⲧⲟⲥ ϩⲙⲙⲁ ⲛⲓⲙ ⲛⲧⲁⲩ ⲛⲙⲙⲁⲛ .,sahidic,UD_Coptic-Scriptorium/dev.conllu#sahidica_1corinthians-1Cor_01_s0002 (CC BY 4.0),gold
Grace to you and peace from God our Father and the Lord Jesus Christ.,ⲧⲉⲭⲁⲣⲓⲥ ⲛⲏⲧⲛ ⲙⲛⲧⲉⲓⲣⲏⲛⲏ ⲉⲃⲟⲗ ϩⲓⲧⲙⲡⲛⲟⲩⲧⲉ ⲡⲉⲛⲉⲓⲱⲧ ⲙⲛⲡⲉⲛϫⲟⲉⲓⲥ ⲓⲏⲥⲟⲩⲥ ⲡⲉⲭⲣⲓⲥⲧⲟⲥ .,sahidic,UD_Coptic-Scriptorium/dev.conllu#sahidica_1corinthians-1Cor_01_s0003 (CC BY 4.0),gold
"I always thank my God concerning you, for the grace of God which was given you in Christ Jesus;",ϯϣⲡϩⲙⲟⲧ ⲛⲧⲙⲡⲁⲛⲟⲩⲧⲉ ⲛⲟⲩⲟⲉⲓϣ ⲛⲓⲙ ϩⲁⲣⲱⲧⲛ ⲉϩⲣⲁⲓ ⲉϫⲛⲧⲉⲭⲁⲣⲓⲥ ⲙⲡⲛⲟⲩⲧⲉ ⲧⲁⲓ ⲉⲛⲧⲁⲩⲧⲁⲁⲥ ⲛⲏⲧⲛ ϩⲙⲡⲉⲭⲣⲓⲥⲧⲟⲥ ⲓⲏⲥⲟⲩⲥ .,sahidic,UD_Coptic-Scriptorium/dev.conllu#sahidica_1corinthians-1Cor_01_s0004 (CC BY 4.0),gold
"that in everything you were enriched in him, in all speech and all knowledge;",ϫⲉϩⲛϩⲱⲃ ⲛⲓⲙ ⲁⲧⲉⲧⲛⲣⲣⲙⲙⲁⲟ ⲛϩⲏⲧϥ . ϩⲛϣⲁϫⲉ ⲛⲓⲙ ⲙⲛⲥⲟⲟⲩⲛ ⲛⲓⲙ,sahidic,UD_Coptic-Scriptorium/dev.conllu#sahidica_1corinthians-1Cor_01_s0005 (CC BY 4.0),gold
even as the testimony of Christ was confirmed in you:,ⲕⲁⲧⲁⲧϩⲉ ⲉⲛⲧⲁⲧⲙⲛⲧⲙⲛⲧⲣⲉ ⲙⲡⲛⲟⲩⲧⲉ ⲧⲁϫⲣⲟ ⲛϩⲏⲧⲧⲏⲩⲧⲛ .,sahidic,UD_Coptic-Scriptorium/dev.conllu#sahidica_1corinthians-1Cor_01_s0006 (CC BY 4.0),gold
so that you come behind in no gift; waiting for the revelation of our Lord Jesus Christ;,ϩⲱⲥⲧⲉ ⲉⲧⲙⲧⲣⲉⲧⲛϣⲱⲱⲧ ⲛⲗⲁⲁⲩ ⲛϩⲙⲟⲧ ⲉⲧⲉⲧⲛϭⲱϣⲧ ϩⲏⲧϥ ⲙⲡϭⲱⲗⲡ ⲉⲃⲟⲗ ⲙⲡⲉⲛϫⲟⲉⲓⲥ ⲓⲏⲥⲟⲩⲥ ⲡⲉⲭⲣⲓⲥⲧⲟⲥ,sahidic,UD_Coptic-Scriptorium/dev.conllu#sahidica_1corinthians-1Cor_01_s0007 (CC BY 4.0),gold
"who will also confirm you until the end, blameless in the day of our Lord Jesus Christ.",ⲡⲁⲓ ⲉⲧⲛⲁⲧⲁϫⲣⲉⲧⲏⲩⲧⲛ ⲉⲧⲉⲧⲛϫⲏⲕ ⲉⲃⲟⲗ ⲉⲙⲛⲛⲟⲃⲉ ϫⲓ ⲉϩⲟⲩⲛ ⲉⲣⲱⲧⲛ ϣⲁⲡⲉϩⲟⲟⲩ ⲙⲡⲉⲛϫⲟⲉⲓⲥ ⲓⲏⲥⲟⲩⲥ ⲡⲉⲭⲣⲓⲥⲧⲟⲥ .,sahidic,UD_Coptic-Scriptorium/dev.conllu#sahidica_1corinthians-1Cor_01_s0008 (CC BY 4.0),gold
"God is faithful, through whom you were called into the fellowship of his Son, Jesus Christ, our Lord.",ⲟⲩⲡⲓⲥⲧⲟⲥ ⲡⲉ ⲡⲛⲟⲩⲧⲉ ⲡⲁⲓ ⲉⲛⲧⲁϥⲧⲉϩⲙⲧⲏⲩⲧⲛ ⲉⲃⲟⲗ ϩⲓⲧⲟⲟⲧϥ ⲉⲧⲕⲟⲓⲛⲱⲛⲓⲁ ⲙⲡⲉϥϣⲏⲣⲉ ⲓⲏⲥⲟⲩⲥ ⲡⲉⲭⲣⲓⲥⲧⲟⲥ ⲡⲉⲛϫⲟⲉⲓⲥ .,sahidic,UD_Coptic-Scriptorium/dev.conllu#sahidica_1corinthians-1Cor_01_s0009 (CC BY 4.0),gold
"Now I beg you, brothers, through the name of our Lord, Jesus Christ, that you all speak the same thing and that there be no divisions among you, but that you be perfected together in the same mind and in the same judgment.",ⲧⲛⲡⲁⲣⲁⲕⲁⲗⲉⲓ ⲇⲉ ⲙⲙⲱⲧⲛ ⲛⲉⲥⲛⲏⲩ ϩⲓⲧⲙⲡⲣⲁⲛ ⲙⲡⲉⲛϫⲟⲉⲓⲥ ⲓⲏⲥⲟⲩⲥ ⲡⲉⲭⲣⲓⲥⲧⲟⲥ ϫⲉⲕⲁⲁⲥ ⲉⲧⲉⲧⲛⲉϫⲱ ⲙⲡⲓϣⲁϫⲉ ⲛⲟⲩⲱⲧ ⲧⲏⲣⲧⲛ . ⲛⲧⲉⲧⲙⲡⲱⲣϫ ϣⲱⲡⲉ ⲛϩⲏⲧⲧⲏⲩⲧⲛ . ⲛⲧⲉⲧⲛϣⲱⲡⲉ ⲇⲉ ⲉⲧⲉⲧⲛⲥⲃⲧⲱⲧ ϩⲙⲡⲓϩⲏⲧ ⲛⲟⲩⲱⲧ ⲙⲛϯⲅⲛⲱⲙⲏ ⲛⲟⲩⲱⲧ .,sahidic,UD_Coptic-Scriptorium/dev.conllu#sahidica_1corinthians-1Cor_01_s0010 (CC BY 4.0),gold
"For it has been reported to me concerning you, my brothers, by those who are from Chloe's household, that there are contentions among you.",ⲁⲩⲧⲁⲙⲟⲓ ⲅⲁⲣ ⲉⲧⲃⲉⲧⲏⲩⲧⲛ ⲛⲁⲥⲛⲏⲩ ⲉⲃⲟⲗ ϩⲓⲧⲟⲟⲧⲟⲩ ⲛⲛⲁⲭⲗⲟⲏ ϫⲉⲟⲩⲛϩⲉⲛϯⲧⲱⲛ ⲛϩⲏⲧⲧⲏⲩⲧⲛ .,sahidic,UD_Coptic-Scriptorium/dev.conllu#sahidica_1corinthians-1Cor_01_s0011 (CC BY 4.0),gold
"Now I mean this, that each one of you says, 'I follow Paul,' 'I follow Apollos,' 'I follow Cephas,' and, 'I follow Christ.'",ϯϫⲱ ⲇⲉ ⲙⲡⲁⲓ ϫⲉⲡⲟⲩⲁ ⲡⲟⲩⲁ ⲙⲙⲱⲧⲛ ϫⲱ ⲙⲙⲟⲥ ϫⲉⲁⲛⲟⲕ ⲙⲉⲛ ⲁⲛⲅⲡⲁⲡⲁⲩⲗⲟⲥ ⲁⲛⲟⲕ ⲇⲉ ⲁⲛⲅⲡⲁⲁⲡⲟⲗⲗⲱ ⲁⲛⲟⲕ ⲇⲉ ⲁⲛⲅⲡⲁⲕⲏⲫⲁⲥ ⲁⲛⲟⲕ ⲇⲉ ⲁⲛⲅⲡⲁⲡⲉⲭⲣⲓⲥⲧⲟⲥ .,sahidic,UD_Coptic-Scriptorium/dev.conllu#sahidica_1corinthians-1Cor_01_s0012 (CC BY 4.0),gold
Is Christ divided? Was Paul crucified for you? Or were you baptized into the name of Paul?,ⲙⲏ ⲛⲧⲁⲩⲡⲱϣ ⲙⲡⲉⲭⲣⲓⲥⲧⲟⲥ . ⲙⲏ ⲛⲧⲁⲩⲥⲧⲁⲩⲣⲟⲩ ⲙⲡⲁⲩⲗⲟⲥ ϩⲁⲣⲱⲧⲛ . ⲏ ⲛⲧⲁⲧⲉⲧⲛϫⲓⲃⲁⲡⲧⲓⲥⲙⲁ ⲉⲡⲣⲁⲛ ⲙⲡⲁⲩⲗⲟⲥ .,sahidic,UD_Coptic-Scriptorium/dev.conllu#sahidica_1corinthians-1Cor_01_s0013 (CC BY 4.0),gold
"I thank God that I baptized none of you, except Crispus and Gaius,",ϯϣⲡϩⲙⲟⲧ ϫⲉⲙⲡⲓⲃⲁⲡⲧⲓⲍⲉ ⲛⲗⲁⲁⲩ ⲙⲙⲱⲧⲛ ⲛⲥⲁⲕⲣⲓⲥⲡⲟⲥ ⲙⲛⲅⲁⲓⲟⲥ .,sahidic,UD_Coptic-Scriptorium/dev.conllu#sahidica_1corinthians-1Cor_01_s0014 (CC BY 4.0),gold
so that no one should say that I had baptized you into my own name.,ϫⲉⲕⲁⲁⲥ ⲛⲛⲉⲟⲩⲁ ϫⲟⲟⲥ ϫⲉⲛⲧⲁⲧⲉⲧⲛⲃⲁⲡⲧⲓⲍⲉ ⲉⲡⲁⲣⲁⲛ .,sahidic,UD_Coptic-Scriptorium/dev.conllu#sahidica_1corinthians-1Cor_01_s0015 (CC BY 4.0),gold
"(I also baptized the household of Stephanas; besides them, I don't know whether I baptized any other.)",ⲁⲓⲃⲁⲡⲧⲓⲍⲉ ⲇⲉ ⲙⲡⲕⲉⲏⲓ ⲛⲥⲧⲉⲫⲁⲛⲁ ⲙⲛⲛⲥⲱⲥ ϭⲉ ⲛϯⲥⲟⲟⲩⲛ ⲁⲛ ϫⲉ ⲁⲓⲃⲁⲡⲧⲓⲍⲉ ⲛϭⲉ .,sahidic,UD_Coptic-Scriptorium/dev.conllu#sahidica_1corinthians-1Cor_01_s0016 (CC BY 4.0),gold
"For Christ sent me not to baptize, but to preach the Good News--not in wisdom of words, so that the cross of Christ wouldn't be made void.",ⲛⲧⲁⲡⲉⲭⲣⲓⲥⲧⲟⲥ ⲅⲁⲣ ⲧⲛⲛⲟⲟⲩⲧ ⲁⲛ ⲉⲃⲁⲡⲧⲓⲍⲉ ⲁⲗⲗⲁ ⲉⲉⲩⲁⲅⲅⲉⲗⲓⲍⲉ ϩⲛⲟⲩⲥⲟⲫⲓⲁ ⲁⲛ ⲛϣⲁϫⲉ ϫⲉⲕⲁⲁⲥ ⲛⲛⲉϥϣⲱⲡⲉ ⲉϥϣⲟⲩⲉⲓⲧ ⲛϭⲓⲡⲉⲥⲧⲁⲩⲣⲟⲥ ⲙⲡⲉⲭⲣⲓⲥⲧⲟⲥ .,sahidic,UD_Coptic-Scriptorium/dev.conllu#sahidica_1corinthians-1Cor_01_s0017 (CC BY 4.0),gold
"For the word of the cross is foolishness to those who are dying, but to us who are saved it is the power of God.",ⲡϣⲁϫⲉ ⲅⲁⲣ ⲙⲡⲉⲥⲧⲁⲩⲣⲟⲥ ⲟⲩⲙⲛⲧⲥⲟϭ ⲙⲉⲛ ⲡⲉ ⲛⲛⲉⲧⲛⲁϩⲉ ⲉⲃⲟⲗ . ⲛⲁⲛ ⲇⲉ ⲛⲉⲧⲛⲁⲟⲩϫⲁⲓ . ⲟⲩϭⲟⲙ ⲛⲧⲉⲡⲛⲟⲩⲧⲉ ⲡⲉ .,sahidic,UD_Coptic-Scriptorium/dev.conllu#sahidica_1corinthians-1Cor_01_s0018 (CC BY 4.0),gold
"For it is written, 'I will destroy the wisdom of the wise, I will bring the discernment of the discerning to nothing.'",ϥⲥⲏϩ ⲅⲁⲣ ϫⲉϯⲛⲁⲧⲁⲕⲟ ⲛⲧⲥⲟⲫⲓⲁ ⲛⲛⲥⲟⲫⲟⲥ . ⲧⲁⲁⲑⲉⲧⲉⲓ ⲛⲧⲙⲛⲧⲥⲁⲃⲉ ⲛⲛⲥⲁⲃⲉⲉⲩ .,sahidic,UD_Coptic-Scriptorium/dev.conllu#sahidica_1corinthians-1Cor_01_s0019 (CC BY 4.0),gold
Where is the wise? Where is the scribe? Where is the lawyer of this world? Hasn't God made foolish the wisdom of this world?,ⲉϥⲧⲱⲛ ⲥⲟⲫⲟⲥ ⲉϥⲧⲱⲛ ⲅⲣⲁⲙⲙⲁⲧⲉⲩⲥ ⲉϥⲧⲱⲛ ⲥⲩⲛⲍⲏⲧⲏⲧⲏⲥ ⲛⲧⲉⲡⲉⲓⲁⲓⲱⲛ ⲙⲏ ⲙⲡⲉⲡⲛⲟⲩⲧⲉ ⲉⲓⲣⲉ ⲛⲧⲥⲟⲫⲓⲁ ⲙⲡⲕⲟⲥⲙⲟⲥ ⲛⲥⲟϭ .,sahidic,UD_Coptic-Scriptorium/dev.conllu#sahidica_1corinthians-1Cor_01_s0020 (CC BY 4.0),gold
"For seeing that in the wisdom of God, the world through its wisdom didn't know God, it was God's good pleasure through the foolishness of the preaching to save those who believe.",ⲉⲡⲉⲓⲇⲏ ⲅⲁⲣ ϩⲛⲧⲥⲟⲫⲓⲁ ⲙⲡⲛⲟⲩⲧⲉ ⲙⲡⲉⲡⲕⲟⲥⲙⲟⲥ ⲥⲟⲩⲛ ⲡⲛⲟⲩⲧⲉ ϩⲓⲧⲛⲧⲥⲟⲫⲓⲁ . ⲁϥⲣϩⲛⲁϥ ⲇⲉ ⲛϭⲓⲡⲛⲟⲩⲧⲉ ⲉⲧⲟⲩϫⲉⲛⲉⲧⲡⲓⲥⲧⲉⲩⲉ ϩⲓⲧⲛⲧⲙⲛⲧⲥⲟϭ ⲙⲡⲧⲁϣⲉⲟⲉⲓϣ .,sahidic,UD_Coptic-Scriptorium/dev.conllu#sahidica_1corinthians-1Cor_01_s0021 (CC BY 4.0),gold
"For Jews ask for signs, Greeks seek after wisdom,",ⲉⲡⲉⲓⲇⲏ ⲛⲓⲟⲩⲇⲁⲓ ϩⲉⲛⲙⲁⲉⲓⲛ ⲛⲉⲧⲟⲩⲁⲓⲧⲉⲓ ⲙⲙⲟⲟⲩ . ⲛϩⲉⲗⲗⲏⲛ ⲇⲉ ⲉⲩϣⲓⲛⲉ ⲛⲥⲁⲟⲩⲥⲟⲫⲓⲁ .,sahidic,UD_Coptic-Scriptorium/dev.conllu#sahidica_1corinthians-1Cor_01_s0022 (CC BY 4.0),gold
"but we preach Christ crucified; a stumbling block to Jews, and foolishness to Greeks,",ⲁⲛⲟⲛ ⲇⲉ ⲉⲛⲧⲁϣⲉⲟⲉⲓϣ ⲙⲡⲉⲭⲣⲓⲥⲧⲟⲥ ⲉⲁⲩⲥⲧⲁⲩⲣⲟⲩ ⲙⲙⲟϥ . ⲛⲓⲟⲩⲇⲁⲓ ⲙⲉⲛ ⲟⲩⲥⲕⲁⲛⲇⲁⲗⲟⲛ ⲛⲁⲩ ⲡⲉ . ⲟⲩⲙⲛⲧⲥⲟϭ ⲇⲉ ⲡⲉ ⲛⲛϩⲉⲑⲛⲟⲥ .,sahidic,UD_Coptic-Scriptorium/dev.conllu#sahidica_1corinthians-1Cor_01_s0023 (CC BY 4.0),gold
"but to those who are called, both Jews and Greeks, Christ is the power of God and the wisdom of God.",ⲛⲓⲟⲩⲇⲁⲓ ⲇⲉ ⲉⲧⲧⲁϩⲙ ⲙⲛⲛϩⲉⲗⲗⲏⲛ ⲡⲉⲭⲣⲓⲥⲧⲟⲥ ⲟⲩϭⲟⲙ ⲛⲁⲩ ⲛⲧⲉⲡⲛⲟⲩⲧⲉ ⲡⲉ . ⲁⲩⲱ ⲥⲟⲫⲓⲁ ⲛⲧⲉⲡⲛⲟⲩⲧⲉ ⲡⲉ .,sahidic,UD_Coptic-Scriptorium/dev.conllu#sahidica_1corinthians-1Cor_01_s0024 (CC BY 4.0),gold
"Because the foolishness of God is wiser than men, and the weakness of God is stronger than men.",ϫⲉⲧⲙⲛⲧⲥⲟϭ ⲛⲧⲉⲡⲛⲟⲩⲧⲉ ⲟⲩⲙⲛⲧⲥⲁⲃⲉ ⲧⲉ ⲛϩⲟⲩⲟ ⲉⲛⲣⲱⲙⲉ . ⲁⲩⲱ ⲧⲙⲛⲧϭⲱⲃ ⲛⲧⲉⲡⲛⲟⲩⲧⲉ ⲥϫⲟⲟⲣ ⲛϩⲟⲩⲟ ⲉⲛⲣⲱⲙⲉ .,sahidic,UD_Coptic-Scriptorium/dev.conllu#sahidica_1corinthians-1Cor_01_s0025 (CC BY 4.0),gold
"For you see your calling, brothers, that not many are wise according to the flesh, not many mighty, and not many noble;",ⲧⲉⲧⲛϭⲱϣⲧ ⲅⲁⲣ ⲉⲡⲉⲧⲛⲧⲱϩⲙ ⲛⲁⲥⲛⲏⲩ ϫⲉⲙⲛϩⲁϩ ⲛⲥⲟⲫⲟⲥ ⲛϩⲏⲧϥ ⲕⲁⲧⲁⲥⲁⲣⲝ . ⲙⲛϩⲁϩ ⲛⲇⲩⲛⲁⲧⲟⲥ . ⲙⲛϩⲁϩ ⲛⲉⲩⲅⲉⲛⲏⲥ .,sahidic,UD_Coptic-Scriptorium/dev.conllu#sahidica_1corinthians-1Cor_01_s0026 (CC BY 4.0),gold
"but God chose the foolish things of the world that he might put to shame those who are wise. God chose the weak things of the world, that he might put to shame the things that are strong;",ⲁⲗⲗⲁ ⲛⲥⲟϭ ⲛⲧⲉⲡⲕⲟⲥⲙⲟⲥ ⲛⲉⲛⲧⲁⲡⲛⲟⲩⲧⲉ ⲥⲟⲧⲡⲟⲩ ϫⲉⲕⲁⲁⲥ ⲉϥⲉϯϣⲓⲡⲉ ⲛⲛⲥⲁⲃⲉⲉⲩ . ⲁⲩⲱ ⲛϭⲱⲃ ⲛⲧⲉⲡⲕⲟⲥⲙⲟⲥ ⲛⲉⲛⲧⲁⲡⲛⲟⲩⲧⲉ ⲥⲟⲧⲡⲟⲩ . ϫⲉⲕⲁⲁⲥ ⲉϥⲉϯϣⲓⲡⲉ ⲛⲛϫⲱⲱⲣⲉ .,sahidic,UD_Coptic-Scriptorium/dev.conllu#sahidica_1corinthians-1Cor_01_s0027 (CC BY 4.0),gold
"and God chose the lowly things of the world, and the things that are despised, and the things that are not, that he might bring to nothing the things that are:",ⲁⲩⲱ ⲛϩⲏⲕⲉ ⲛⲧⲉⲡⲕⲟⲥⲙⲟⲥ ⲙⲛⲛⲉⲧⲥⲟϣϥ ⲛⲉⲛⲧⲁⲡⲛⲟⲩⲧⲉ ⲥⲟⲧⲡⲟⲩ . ⲛⲉⲧⲉⲛⲥⲉϣⲟⲟⲡ ⲁⲛ . ϫⲉⲕⲁⲁⲥ ⲉϥⲉⲕⲁⲧⲁⲣⲅⲉⲓ ⲛⲛⲉⲧϣⲟⲟⲡ .,sahidic,UD_Coptic-Scriptorium/dev.conllu#sahidica_1corinthians-1Cor_01_s0028 (CC BY 4.0),gold
that no flesh should boast before God.,ϫⲉⲛⲛⲉⲗⲁⲁⲩ ⲛⲥⲁⲣⲝ ϣⲟⲩϣⲟⲩ ⲙⲙⲟϥ ⲙⲡⲉⲙⲧⲟ ⲉⲃⲟⲗ ⲙⲡⲛⲟⲩⲧⲉ .,sahidic,UD_Coptic-Scriptorium/dev.conllu#sahidica_1corinthians-1Cor_01_s0029 (CC BY 4.0),gold
"But of him, you are in Christ Jesus, who was made to us wisdom from God, and righteousness and sanctification, and redemption:",ⲛⲧⲱⲧⲛ ⲇⲉ ⲛⲧⲉⲧⲛ ϩⲉⲛⲉⲃⲟⲗ ⲛϩⲏⲧϥ ϩⲙⲡⲉⲭⲣⲓⲥⲧⲟⲥ ⲓⲏⲥⲟⲩⲥ ⲡⲁⲓ ⲉⲛⲧⲁϥϣⲱⲡⲉ ⲛⲁⲛ ⲛⲥⲟⲫⲓⲁ ⲉⲃⲟⲗ ϩⲓⲧⲙⲡⲛⲟⲩⲧⲉ ⲛⲇⲓⲕⲁⲓⲟⲥⲩⲛⲏ ⲁⲩⲱ ⲛⲧⲃⲃⲟ ⲁⲩⲱ ⲛⲥⲱⲧⲉ .,sahidic,UD_Coptic-Scriptorium/dev.conllu#sahidica_1corinthians-1Cor_01_s0030 (CC BY 4.0),gold
"that, according as it is written, 'He who boasts, let him boast in the Lord.'",ϫⲉⲕⲁⲁⲥ ⲕⲁⲧⲁⲧϩⲉ ⲉⲧⲥⲏϩ ϫⲉⲡⲉⲧϣⲟⲩϣⲟⲩ ⲙⲙⲟϥ ⲙⲁⲣⲉϥϣⲟⲩϣⲟⲩ ⲙⲙⲟϥ ϩⲙⲡϫⲟⲉⲓⲥ .,sahidic,UD_Coptic-Scriptorium/dev.conllu#sahidica_1corinthians-1Cor_01_s0031 (CC BY 4.0),gold
"When I came to you, brothers, I didn't come with excellence of speech or of wisdom, proclaiming to you the testimony of God.",ⲁⲛⲟⲕ ⲇⲉ ϩⲱ ⲛⲧⲉⲣⲓⲉⲓ ϣⲁⲣⲱⲧⲛ ⲛⲁⲥⲛⲏⲩ ⲛⲧⲁⲓⲉⲓ ϩⲛⲟⲩϫⲓⲥⲉ ⲁⲛ ⲛϣⲁϫⲉ ⲏ ⲛⲥⲟⲫⲓⲁ ⲉⲓϫⲱ ⲉⲣⲱⲧⲛ ⲛⲧⲙⲛⲧⲙⲛⲧⲣⲉ ⲙⲡⲛⲟⲩⲧⲉ .,sahidic,UD_Coptic-Scriptorium/dev.conllu#sahidica_1corinthians-1Cor_02_s0001 (CC BY 4.0),gold
"For I determined not to know anything among you, except Jesus Christ, and him crucified.",ⲙⲡⲓⲙⲉⲉⲩⲉ ⲅⲁⲣ ϫⲉϯⲥⲟⲟⲩⲛ ⲛⲗⲁⲁⲩ ⲛϩⲏⲧⲧⲏⲩⲧⲛ ⲛⲥⲁⲓⲏⲥⲟⲩⲥ ⲡⲉⲭⲣⲓⲥⲧⲟⲥ ⲁⲩⲱ ⲡⲁⲓ ⲉⲁⲩⲥⲧⲁⲩⲣⲟⲩ ⲙⲙⲟϥ .,sahidic,UD_Coptic-Scriptorium/dev.conllu#sahidica_1corinthians-1Cor_02_s0002 (CC BY 4.0),gold
"I was with you in weakness, in fear, and in much trembling.",ⲁⲛⲟⲕ ϩⲱ ⲛⲧⲁⲓⲉⲓ ϣⲁⲣⲱⲧⲛ ϩⲛⲟⲩⲙⲛⲧϭⲱⲃ . ⲙⲛⲟⲩϩⲟⲧⲉ . ⲙⲛⲟⲩⲥⲧⲱⲧ ⲉⲛⲁϣⲱϥ .,sahidic,UD_Coptic-Scriptorium/dev.conllu#sahidica_1corinthians-1Cor_02_s0003 (CC BY 4.0),gold
"My speech and my preaching were not in persuasive words of human wisdom, but in demonstration of the Spirit and of power,",ⲁⲩⲱ ⲡⲁϣⲁϫⲉ ⲙⲛⲡⲁⲧⲁϣⲉⲟⲉⲓϣ ⲛⲧⲁϥϣⲱⲡⲉ ⲁⲛ ϩⲛⲟⲩⲡⲉⲓⲑⲉ ⲛⲥⲟⲫⲓⲁ ⲛϣⲁϫⲉ . ⲁⲗⲗⲁ ϩⲛⲟⲩⲟⲩⲱⲛϩ ⲉⲃⲟⲗ ⲙⲡⲛⲉⲩⲙⲁ ϩⲓϭⲟⲙ .,sahidic,UD_Coptic-Scriptorium/dev.conllu#sahidica_1corinthians-1Cor_02_s0004 (CC BY 4.0),gold
"that your faith wouldn't stand in the wisdom of men, but in the power of God.",ϫⲉⲕⲁⲁⲥ ⲛⲛⲉⲛⲉⲧⲛⲡⲓⲥⲧⲓⲥ ϣⲱⲡⲉ ϩⲛⲟⲩⲡⲉⲓⲑⲉ ⲛⲥⲟⲫⲓⲁ ⲛⲣⲱⲙⲉ ⲁⲗⲗⲁ ϩⲛⲟⲩϭⲟⲙ ⲛⲧⲉⲡⲛⲟⲩⲧⲉ .,sahidic,UD_Coptic-Scriptorium/dev.conllu#sahidica_1corinthians-1Cor_02_s0005 (CC BY 4.0),gold
"We speak wisdom, however, among those who are full grown; yet a wisdom not of this world, nor of the rulers of this world, who are coming to nothing.",ⲉⲛϣⲁϫⲉ ⲇⲉ ⲛⲟⲩⲥⲟⲫⲓⲁ ϩⲛⲛⲧⲉⲗⲉⲓⲟⲥ ⲟⲩⲥⲟⲫⲓⲁ ⲇⲉ ⲉⲛⲧⲁⲡⲉⲓⲁⲓⲱⲛ ⲁⲛ ⲧⲉ ⲟⲩⲇⲉ ⲛⲧⲁⲛⲁⲣⲭⲱⲛ ⲁⲛ ⲧⲉ ⲙⲡⲉⲓⲁⲓⲱⲛ ⲛⲁⲓ ⲉⲧⲛⲁⲟⲩⲱⲥϥ .,sahidic,UD_Coptic-Scriptorium/dev.conllu#sahidica_1corinthians-1Cor_02_s0006 (CC BY 4.0),gold
"But we speak God's wisdom in a mystery, the wisdom that has been hidden, which God foreordained before the worlds for our glory,",ⲁⲗⲗⲁ ⲉⲛϣⲁϫⲉ ⲛⲟⲩⲥⲟⲫⲓⲁ ⲛⲧⲉⲡⲛⲟⲩⲧⲉ ϩⲛⲟⲩⲙⲩⲥⲧⲏⲣⲓⲟⲛ . ⲧⲁⲓ ⲉⲧϩⲏⲡ ⲧⲉⲛⲧⲁⲡⲛⲟⲩⲧⲉ ⲡⲟⲣϫⲥ ⲉⲃⲟⲗ ϩⲁⲧϩⲏ ⲛⲛⲁⲓⲱⲛ ⲉⲡⲉⲛⲉⲟⲟⲩ .,sahidic,UD_Coptic-Scriptorium/dev.conllu#sahidica_1corinthians-1Cor_02_s0007 (CC BY 4.0),gold
"which none of the rulers of this world has known. For had they known it, they wouldn't have crucified the Lord of glory.",ⲧⲁⲓ ⲉⲧⲉⲙⲡⲉⲗⲁⲁⲩ ⲛⲁⲣⲭⲱⲛ ⲛⲧⲉⲡⲉⲓⲁⲓⲱⲛ ⲥⲟⲩⲱⲛⲥ . ⲉⲛⲉⲛⲧⲁⲩⲥⲟⲩⲱⲛⲥ ⲅⲁⲣ ⲛⲉⲩⲛⲁⲥⲧⲁⲩⲣⲟⲩ ⲁⲛ ⲡⲉ ⲙⲡϫⲟⲉⲓⲥ ⲙⲡⲉⲟⲟⲩ .,sahidic,UD_Coptic-Scriptorium/dev.conllu#sahidica_1corinthians-1Cor_02_s0008 (CC BY 4.0),gold
"But as it is written, 'Things which an eye didn't see, and an ear didn't hear, which didn't enter into the heart of man, these God has prepared for those who love him.'",ⲁⲗⲗⲁ ⲕⲁⲧⲁⲧϩⲉ ⲉⲧⲥⲏϩ ϫⲉⲛⲉⲧⲉⲙⲡⲉⲃⲁⲗ ⲛⲁⲩ ⲉⲣⲟⲟⲩ . ⲛⲉⲧⲉⲙⲡⲉⲙⲁⲁϫⲉ ⲥⲟⲧⲙⲟⲩ . ⲛⲉⲧⲉⲙⲡⲟⲩⲁⲗⲉ ⲉϩⲣⲁⲓ ⲉϫⲙⲡϩⲏⲧ ⲛⲣⲱⲙⲉ ⲛⲁⲓ ⲉⲛⲧⲁⲡⲛⲟⲩⲧⲉ ⲥⲃⲧⲱⲧⲟⲩ ⲛⲛⲉⲧⲙⲉ ⲙⲙⲟϥ .,sahidic,UD_Coptic-Scriptorium/dev.conllu#sahidica_1corinthians-1Cor_02_s0009 (CC BY 4.0),gold
"But to us, God revealed them through the Spirit. For the Spirit searches all things, yes, the deep things of God.",ⲁⲡⲛⲟⲩⲧⲉ ⲅⲁⲣ ϭⲟⲗⲡⲟⲩ ⲛⲁⲛ ⲉⲃⲟⲗ ϩⲓⲧⲙⲡⲉⲡⲛⲉⲩⲙⲁ . ⲡⲉⲡⲛⲉⲩⲙⲁ ⲅⲁⲣ ϩⲟⲧϩⲧ ⲛⲛⲕⲁ ⲛⲓⲙ ⲁⲩⲱ ⲛⲉⲧϩⲏⲡ ⲛⲧⲉⲡⲛⲟⲩⲧⲉ .,sahidic,UD_Coptic-Scriptorium/dev.conllu#sahidica_1corinthians-1Cor_02_s0010 (CC BY 4.0),gold
"For who among men knows the things of a man, except the spirit of the man, which is in him? Even so, no one knows the things of God, except God's Spirit.",ⲛⲓⲙ ⲅⲁⲣ ⲛⲣⲱⲙⲉ ⲡⲉⲧⲥⲟⲟⲩⲛ ⲛⲛⲁⲡⲣⲱⲙⲉ ⲉⲓⲙⲏⲧⲓ ⲡⲉⲡⲛⲉⲩⲙⲁ ⲙⲡⲣⲱⲙⲉ ⲉⲧⲛϩⲏⲧϥ . ⲧⲁⲓ ⲟⲛ ⲧⲉ ⲧϩⲉ ⲛⲛⲁⲡⲛⲟⲩⲧⲉ ⲙⲡⲉⲗⲁⲁⲩ ⲥⲟⲩⲱⲛⲟⲩ ⲛⲥⲁⲡⲉⲡⲛⲉⲩⲙⲁ ⲙⲡⲛⲟⲩⲧⲉ .,sahidic,UD_Coptic-Scriptorium/dev.conllu#sahidica_1corinthians-1Cor_02_s0011 (CC BY 4.0),gold
"But we received, not the spirit of the world, but the Spirit which is from God, that we might know the things that were freely given to us by God.",ⲁⲛⲟⲛ ⲇⲉ ⲛⲧⲁⲛϫⲓ ⲁⲛ ⲙⲡⲉⲡⲛⲉⲩⲙⲁ ⲙⲡⲉⲓⲕⲟⲥⲙⲟⲥ . ⲁⲗⲗⲁ ⲡⲉⲡⲛⲉⲩⲙⲁ ⲡⲉⲃⲟⲗ ⲙⲡⲛⲟⲩⲧⲉ . ϫⲉⲕⲁⲁⲥ ⲉⲛⲉⲉⲓⲙⲉ ⲉⲛⲉⲛⲧⲁⲡⲛⲟⲩⲧⲉ ⲭⲁⲣⲓⲍⲉ ⲙⲙⲟⲟⲩ ⲛⲁⲛ .,sahidic,UD_Coptic-Scriptorium/dev.conllu#sahidica_1corinthians-1Cor_02_s0012 (CC BY 4.0),gold
"Which things also we speak, not in words which man's wisdom teaches, but which the Holy Spirit teaches, comparing spiritual things with spiritual things.",ⲉⲧⲉⲛⲁⲓ ⲛⲉⲧⲛϣⲁϫⲉ ⲛϩⲏⲧⲟⲩ ϩⲛϩⲉⲛϣⲁϫⲉ ⲁⲛ ⲛϯⲥⲃⲱ ⲛⲥⲟⲫⲓⲁ ⲛⲣⲱⲙⲉ ⲁⲗⲗⲁ ϩⲛϩⲉⲛϯⲥⲃⲱ ⲙⲡⲛⲉⲩⲙⲁ ⲉⲛϣⲱⲛⲃ ⲛϩⲉⲛⲡⲛⲉⲩⲙⲁⲧⲓⲕⲟⲛ ⲉϩⲉⲛⲡⲛⲉⲩⲙⲁⲧⲓⲕⲟⲥ .,sahidic,UD_Coptic-Scriptorium/dev.conllu#sahidica_1corinthians-1Cor_02_s0013 (CC BY 4.0),gold
"Now the natural man doesn't receive the things of God's Spirit, for they are foolishness to him, and he can't know them, because they are spiritually discerned.",ⲟⲩⲯⲩⲭⲓⲕⲟⲥ ⲇⲉ ⲛⲣⲱⲙⲉ ⲙⲉϥϣⲱⲡ ⲉⲣⲟϥ ⲛⲛⲁⲡⲉⲡⲛⲉⲩⲙⲁ ⲙⲡⲛⲟⲩⲧⲉ . ⲟⲩⲙⲛⲧⲥⲟϭ ⲅⲁⲣ ⲛⲁϥ ⲧⲉ . ⲁⲩⲱ ⲙⲛϭⲟⲙ ⲙⲙⲟϥ ⲉⲉⲓⲙⲉ ϫⲉⲥⲉⲁⲛⲁⲕⲣⲓⲛⲉ ⲙⲙⲟϥ ⲡⲛⲉⲩⲙⲁⲧⲓⲕⲱⲥ .,sahidic,UD_Coptic-Scriptorium/dev.conllu#sahidica_1corinthians-1Cor_02_s0014 (CC BY 4.0),gold
"But he who is spiritual discerns all things, and he himself is judged by no one.",ⲡⲉⲡⲛⲉⲩⲙⲁⲧⲓⲕⲟⲥ ⲇⲉ ϣⲁϥⲁⲛⲁⲕⲣⲓⲛⲉ ⲙⲉⲛ ⲛⲟⲩⲟⲛ ⲛⲓⲙ . ⲛⲧⲟϥ ⲇⲉ ⲙⲉⲣⲉⲗⲁⲁⲩ ⲁⲛⲁⲕⲣⲓⲛⲉ ⲙⲙⲟϥ .,sahidic,UD_Coptic-Scriptorium/dev.conllu#sahidica_1corinthians-1Cor_02_s0015 (CC BY 4.0),gold
"For who has known the mind of the Lord, that he should instruct him?' But we have Christ's mind.",ⲛⲓⲙ ⲅⲁⲣ ⲡⲉⲛⲧⲁϥⲥⲟⲩⲛ ⲡϩⲏⲧ ⲙⲡϫⲟⲉⲓⲥ ⲡⲁⲓ ⲉⲧⲛⲁⲧⲥⲉⲃⲉⲉⲓⲁⲧϥ ⲉⲃⲟⲗ . ⲁⲛⲟⲛ ⲇⲉ ⲟⲩⲛⲧⲁⲛ ⲙⲙⲁⲩ ⲙⲡⲙⲉⲉⲩⲉ ⲙⲡⲉⲭⲣⲓⲥⲧⲟⲥ .,sahidic,UD_Coptic-Scriptorium/dev.conllu#sahidica_1corinthians-1Cor_02_s0016 (CC BY 4.0),gold
[Why] do you subject [yourselves] to laws in the world as the living do:,ⲧⲛⲇⲟⲅⲙⲁⲧⲓⲍⲉ ϩⲙⲡⲕⲟⲥⲙⲟⲥ ⲛⲧϩⲉ ⲛⲛⲉⲧⲟⲛϩ ·,sahidic,UD_Coptic-Scriptorium/dev.conllu#besa_letters-on_vigilance_s0001 (CC BY 4.0),gold
"'Do not touch, do not taste, do not approach.' This means: we have escaped the sins of the world by leaving them behind us.",ⲙⲡⲣϫⲱϩ ⲟⲩⲧⲉ ⲙⲡⲣϫⲓϯⲡⲉ . ⲟⲩⲧⲉ ⲙⲡⲣϩⲱⲛ ⲉϩⲟⲩⲛ · ⲉⲧⲉⲡⲁⲓ ⲡⲉ ϫⲉⲁⲛⲉⲓ ⲉⲃⲟⲗ ϩⲛⲛⲛⲟⲃⲉ ⲙⲡⲕⲟⲥⲙⲟⲥ ⲉⲁⲛⲕⲁⲁⲩ ⲛⲥⲱⲛ ·,sahidic,UD_Coptic-Scriptorium/dev.conllu#besa_letters-on_vigilance_s0002 (CC BY 4.0),gold
Why do we now turn around and entangle us in them?,ⲁϩⲣⲟⲛ ⲟⲛ ⲉⲛⲕⲧⲟ ⲙⲙⲟⲛ ⲉⲛϭⲗⲟⲙⲗⲙ ϩⲣⲁⲓ ⲛϩⲏⲧⲟⲩ ·,sahidic,UD_Coptic-Scriptorium/dev.conllu#besa_letters-on_vigilance_s0003 (CC BY 4.0),gold
"And he has also said, at that time you were dark, but now you are light in the Lord.",ϩⲙⲡⲁⲓ ⲟⲛ ⲉⲛⲧⲁϥϫⲟⲟⲥ ϫⲉⲙⲡⲓⲟⲩⲟⲉⲓϣ ⲅⲁⲣ ⲛⲉⲧⲉⲧⲛⲟ ⲛⲕⲁⲕⲉ ⲡⲉ · ⲧⲉⲛⲟⲩ ⲇⲉ ⲛⲟⲩⲟⲉⲓⲛ ϩⲙⲡϫⲟⲉⲓⲥ ·,sahidic,UD_Coptic-Scriptorium/dev.conllu#besa_letters-on_vigilance_s0004 (CC BY 4.0),gold
Walk as children of the light.,ⲙⲟⲟϣⲉ ϩⲱⲥ ϣⲏⲣⲉ ⲙⲡⲟⲩⲟⲉⲓⲛ ·,sahidic,UD_Coptic-Scriptorium/dev.conllu#besa_letters-on_vigilance_s0005 (CC BY 4.0),gold
"For the fruit of the light consists purely in good things, in justice and truth.",ⲉⲣⲉⲡⲕⲁⲣⲡⲟⲥ ⲅⲁⲣ ⲙⲡⲟⲩⲟⲉⲓⲛ ϩⲙⲡⲉⲧⲛⲁⲛⲟⲩϥ ⲛⲓⲙ ⲙⲛⲧⲇⲓⲕⲁⲓⲟⲥⲩⲛⲏ ⲙⲛⲧⲙⲉ ·,sahidic,UD_Coptic-Scriptorium/dev.conllu#besa_letters-on_vigilance_s0006 (CC BY 4.0),gold
"Examine what pleases the Lord and do not take part in the fruitless deeds of darkness, which bear no fruit, but expose them instead.",ⲉⲧⲉⲧⲛⲇⲟⲕⲓⲙⲁⲍⲉ ϫⲉⲟⲩ ⲡⲉⲉⲧⲣⲁⲛⲁϥ ⲙⲡϫⲟⲉⲓⲥ · ⲁⲩⲱ ⲙⲡⲣⲕⲟⲓⲛⲱⲛⲉⲓ ⲉⲛⲉϩⲃⲏⲩⲉ ⲙⲡⲕⲁⲕⲉ ⲉⲧⲉⲙⲙⲛⲧⲟⲩ ⲕⲁⲣⲡⲟⲥ · ⲛⲧⲉⲧⲛϫⲡⲓⲟⲟⲩ ⲇⲉ ⲛⲧⲟϥ ⲛϩⲟⲩⲟ ·,sahidic,UD_Coptic-Scriptorium/dev.conllu#besa_letters-on_vigilance_s0007 (CC BY 4.0),gold
For what they do in secret is shameful to even mention.,"ⲛⲉⲧⲟⲩⲉⲓⲣⲉ ⲅⲁⲣ ⲙⲙⲟⲟⲩ ⲛϫⲓⲟⲩⲉ , ϩⲉⲛϣⲗⲟϥ ⲛⲉ ⲉⲣⲡⲕⲉ ⲉϫⲟⲟⲩ ·",sahidic,UD_Coptic-Scriptorium/dev.conllu#besa_letters-on_vigilance_s0008 (CC BY 4.0),gold
But each filthy work is exposed by the light.,ϣⲁⲣⲉϩⲱⲃ ⲇⲉ ⲛⲓⲙ ⲟⲩⲱⲛϩ ⲉⲃⲟⲗ ⲉⲧⲟⲩϫⲡⲓⲟ ⲙⲙⲟⲟⲩ ϩⲓⲧⲙⲡⲟⲩⲟⲉⲓⲛ ·,sahidic,UD_Coptic-Scriptorium/dev.conllu#besa_letters-on_vigilance_s0009 (CC BY 4.0),gold
For everything which is manifest is light.,ϩⲱⲃ ⲅⲁⲣ ⲛⲓⲙ ⲉⲧⲟⲩⲟⲛϩ ⲉⲃⲟⲗ ϩⲉⲛⲟⲩⲟⲉⲓⲛ ⲛⲉ ·,sahidic,UD_Coptic-Scriptorium/dev.conllu#besa_letters-on_vigilance_s0010 (CC BY 4.0),gold
"Therefore, let us denounce our foolish notions and all inspirations by the devil, unbelief and hatred, as they inspire us to devise evil against each other, which will cause there to be no true connection among us.",ⲉⲧⲃⲉⲡⲁⲓ ϩⲱⲱⲛ ⲙⲁⲣⲛϫⲡⲓⲟ ⲛⲛⲉⲛⲙⲛⲧⲥⲟϭ ϩⲣⲁⲓ ⲛϩⲏⲧⲛ ⲙⲛⲙⲙⲉⲉⲩⲉ ⲧⲏⲣⲟⲩ ⲙⲡⲇⲓⲁⲃⲟⲗⲟⲥ ⲉⲧϥⲛⲟⲩϫⲉ ⲙⲙⲟⲟⲩ ⲉϩⲟⲩⲛ ⲉⲣⲟⲛ · ⲙⲛⲙⲙⲛⲧⲁⲧⲛⲁϩⲧⲉ · ⲙⲛⲙⲙⲟⲥⲧⲉ · ⲛⲧϩⲉ ⲉϣⲁⲩⲧⲣⲉⲛⲙⲉⲉⲩⲉ ⲉⲡⲡⲉⲧϩⲟⲟⲩ ⲉϩⲟⲩⲛ ⲉⲛⲉⲛⲉⲣⲏⲩ ⲉⲛⲧⲛϩⲁⲧⲛⲛⲉⲛⲉⲣⲏⲩ ⲁⲛ ⲉⲡⲧⲏⲣϥ ·,sahidic,UD_Coptic-Scriptorium/dev.conllu#besa_letters-on_vigilance_s0011 (CC BY 4.0),gold
"And we blame each other and not ourselves, as if our struggle were to be against each other and not against the principalities and powers, against the world rulers of darkness, against the spiritual forces of evil that are under heaven – our fight should be against them, but not against flesh and blood.",ⲁⲩⲱ ⲉⲛϭⲛⲁⲣⲓⲕⲉ ⲉⲛⲉⲛⲉⲣⲏⲩ . ⲁⲩⲱ ⲉⲣⲟⲛ ⲁⲛ ⲙⲙⲓⲛⲙⲙⲟⲛ · ϩⲱⲥ ⲉⲣⲉⲡⲉⲛⲙⲓϣⲉ ϣⲟⲟⲡ ⲉϩⲟⲩⲛ ⲉⲛⲉⲛⲉⲣⲏⲩ · ⲁⲩⲱ ⲉϥϣⲟⲟⲡ ⲁⲛ ⲟⲩⲃⲉⲛⲁⲣⲭⲏ ⲙⲛⲛⲉⲝⲟⲩⲥⲓⲁ · ⲟⲩⲃⲉⲛⲕⲟⲥⲙⲟⲕⲣⲁⲧⲱⲣ ⲙⲡⲕⲁⲕⲉ · ⲟⲩⲃⲉⲛⲉⲡⲛⲉⲩⲙⲁⲧⲓⲕⲟⲛ ⲛⲧⲡⲟⲛⲏⲣⲓⲁ ⲉⲧϩⲁⲙⲡⲏⲩⲉ · ⲁⲩⲱ ⲟⲩⲃⲉⲥⲛⲟϥ ⲁⲛ ϩⲓⲥⲁⲣⲝ ·,sahidic,UD_Coptic-Scriptorium/dev.conllu#besa_letters-on_vigilance_s0012 (CC BY 4.0),gold
"As the Apostle said: Reach for the armor of God, so that you can resist the crafty snares of the devil, because not against flesh and blood is our fight.",ⲛⲧϩⲉ ⲉⲛⲧⲁⲡⲁⲡⲟⲥⲧⲟⲗⲟⲥ ϫⲟⲟⲥ ϫⲉϫⲓ ⲛⲏⲧⲛ ⲛⲧⲡⲁⲛϩⲟⲡⲗⲓⲁ ⲙⲡⲛⲟⲩⲧⲉ ϫⲉⲉⲧⲉⲧⲛⲛⲁϣϭⲙϭⲟⲙ ⲉⲁϩⲉⲣⲁⲧⲧⲏⲩⲧⲛ ⲛⲛⲁϩⲣⲛⲛⲕⲟⲧⲥ ⲙⲡⲇⲓⲁⲃⲟⲗⲟⲥ · ϫⲉⲉⲣⲉⲡⲉⲛⲙⲓϣⲉ ϣⲟⲟⲡ ⲛⲁⲛ ⲁⲛ ⲟⲩⲃⲉⲥⲛⲟϥ ϩⲓⲥⲁⲣⲝ ·,sahidic,UD_Coptic-Scriptorium/dev.conllu#besa_letters-on_vigilance_s0013 (CC BY 4.0),gold
"Therefore, be vigilant and let us hold onto the good, because although many are together in the flesh, they are far apart in the heart and in terms of love.",ⲉⲧⲃⲉⲡⲁⲓ ϭⲉ ⲣⲟⲉⲓⲥ ⲁⲩⲱ ⲛⲧⲛⲁⲙⲁϩⲧⲉ ⲙⲡⲡⲉⲧⲛⲁⲛⲟⲩϥ · ⲉⲃⲟⲗ ϫⲉⲟⲩⲛϩⲁϩ ⲉⲩϩⲁⲧⲛⲛⲉⲩⲉⲣⲏⲩ ϩⲙⲡⲥⲱⲙⲁ · ⲉⲩⲟⲩⲏⲩ ⲇⲉ ⲉⲃⲟⲗ ⲛⲛⲉⲩⲉⲣⲏⲩ ϩⲙⲡϩⲏⲧ ⲁⲩⲱ ⲧⲁⲅⲁⲡⲏ ·,sahidic,UD_Coptic-Scriptorium/dev.conllu#besa_letters-on_vigilance_s0014 (CC BY 4.0),gold
"Many, however, who are not together in the flesh, they are together in the love of Christ and the Spirit and the desire for Jesus.",ⲟⲩⲛϩⲁϩ ⲇⲉ ⲟⲛ ⲉⲩϩⲁⲧⲛⲛⲉⲩⲉⲣⲏⲩ ⲁⲛ ϩⲙⲡⲥⲱⲙⲁ · ⲉⲩϩⲁⲧⲛⲛⲉⲩⲉⲣⲏⲩ ⲛⲛⲁⲩ ⲛⲓⲙ ϩⲛⲧⲁⲅⲁⲡⲏ ⲙⲡⲉⲭⲣⲓⲥⲧⲟⲥ ⲙⲛⲧⲁⲅⲁⲡⲏ ⲙⲡⲉⲡⲛⲉⲩⲙⲁ ⲁⲩⲱ ⲡⲟⲩⲱϣ ⲛⲓⲏⲥⲟⲩⲥ :,sahidic,UD_Coptic-Scriptorium/dev.conllu#besa_letters-on_vigilance_s0015 (CC BY 4.0),gold
"But you, brethren, pay attention to yourselves and do not deviate from what we have learned.",ⲛⲧⲱⲧⲛ ⲇⲉ ⲛⲉⲥⲛⲏⲩ ϩⲁⲣⲉϩ ⲁⲩⲱ ⲙⲟⲩⲛ ⲉⲃⲟⲗ ϩⲛⲛⲉⲛⲧⲁⲛⲧⲥⲁⲃⲟ ⲉⲣⲟⲟⲩ ·,sahidic,UD_Coptic-Scriptorium/dev.conllu#besa_letters-on_vigilance_s0016 (CC BY 4.0),gold
"Then many will learn and profit from you, as he has said, your good works shall be seen, and your Father in heaven be praised.",ⲁⲩⲱ ⲟⲩⲛϩⲁϩ ⲛⲁϫⲓⲥⲃⲱ ⲁⲩⲱ ⲛⲥⲉϯϩⲏⲩ ⲉⲃⲟⲗ ⲙⲙⲱⲧⲛ · ⲛⲧϩⲉ ⲉⲛⲧⲁϥϫⲟⲟⲥ ϫⲉⲙⲁⲣⲟⲩⲛⲁⲩ ⲉⲛⲉⲧⲛϩⲃⲏⲩⲉ ⲉⲧⲛⲁⲛⲟⲩⲟⲩ ⲛⲥⲉϯⲉⲟⲟⲩ ⲙⲡⲉⲧⲛⲉⲓⲱⲧ ⲉⲧϩⲛⲙⲡⲏⲩⲉ ·,sahidic,UD_Coptic-Scriptorium/dev.conllu#besa_letters-on_vigilance_s0017 (CC BY 4.0),gold
"For just as you have modeled yourself after all the saints through your Christian way of life, as he said: But you, you have followed my teaching, my example, my purpose, my faith, my patience, my love, my steadfastness, my persecutions, my suffering, continue to imitate them by preserving for yourselves the fruits of your efforts.",ⲛⲧϩⲉ ⲅⲁⲣ ⲉⲛⲧⲁⲧⲉⲧⲛⲟⲩⲉϩⲧⲏⲩⲧⲛ ⲛⲥⲁⲛⲉⲧⲟⲩⲁⲁⲃ ⲧⲏⲣⲟⲩ ϩⲛⲛⲉⲧⲛⲡⲣⲁⲝⲓⲥ · ⲛⲧϩⲉ ⲉⲛⲧⲁϥϫⲟⲟⲥ ϫⲉⲛⲧⲟⲕ ⲇⲉ ⲁⲕⲟⲩⲁϩⲕ ⲛⲥⲁⲧⲁⲥⲃⲱ . ⲡⲁⲥⲙⲟⲧ ⲡⲁⲧⲱϣ ⲧⲁⲡⲓⲥⲧⲓⲥ · ⲧⲁⲙⲛⲧϩⲁⲣϣϩⲏⲧ · ⲧⲁⲁⲅⲁⲡⲏ · ⲧⲁϩⲩⲡⲟⲙⲟⲛⲏ · ⲛⲁⲇⲓⲱⲅⲙⲟⲥ · ⲛⲁϩⲓⲥⲉ · ⲟⲩⲉϩ ⲧⲏⲩⲧⲛ ⲟⲛ ⲛⲥⲱⲟⲩ ϩⲙⲡϩⲁⲣⲉϩ ⲉⲛⲉⲧⲛϩⲓⲥⲉ ⲛⲏⲧⲛ ·,sahidic,UD_Coptic-Scriptorium/dev.conllu#besa_letters-on_vigilance_s0018 (CC BY 4.0),gold
"After all, who has imperishable riches in Christ, must also assure themselves of this wealth.",ⲛⲉⲧⲉⲟⲩⲛⲧⲁⲩ ⲅⲁⲣ ⲙⲙⲁⲩ ⲛⲧⲙⲛⲧⲣⲙⲙⲁⲟ ⲛⲁⲧⲧⲁⲕⲟ ϩⲙⲡⲉⲭⲣⲓⲥⲧⲟⲥ . ⲛⲧⲟⲟⲩ ⲟⲛ ⲛⲉⲧⲏⲡ ⲉⲣⲟⲉⲓⲥ ⲉⲣⲟⲥ ⲛⲁⲩ ·,sahidic,UD_Coptic-Scriptorium/dev.conllu#besa_letters-on_vigilance_s0019 (CC BY 4.0),gold
"If already those who have earthly goods, gold, silver and other possessions, are vigilant so that robbers do not carry them off in secret, then we must watch all the more so that the enemy does not secretly carry off our merits: our prayers, our fasting practices, our chastity and our steadfastness.",ⲉϣϫⲉ ⲛⲉⲧⲉⲟⲩⲛⲧⲁⲩ ⲙⲙⲁⲩ ⲛⲟⲩⲭⲣⲏⲙⲁ · ⲟⲩⲛⲟⲩⲃ ⲙⲛⲟⲩϩⲁⲧ ⲙⲛϩⲉⲛϩⲩⲡⲁⲣⲭⲟⲛⲧⲁ · ϣⲁⲩⲣⲟⲉⲓⲥ ϫⲉⲛⲛⲉⲛⲗⲏⲥⲧⲏⲥ ϥⲓⲧⲟⲩ ⲛϫⲓⲟⲩⲉ ⲉⲓⲉ ϣϣⲉ ⲉⲣⲟⲛ ⲛⲟⲩⲏⲣ ⲉⲣⲟⲉⲓⲥ ϫⲉⲛⲛⲉⲡϫⲁϫⲉ ϥⲓ ⲛϫⲓⲟⲩⲉ ⲙⲡⲉⲛⲡⲉⲧⲛⲁⲛⲟⲩϥ ⲉⲧⲛⲉⲓⲣⲉ ⲙⲙⲟϥ · : ⲛⲉⲛϣⲗⲏⲗ · ⲙⲛⲛⲉⲛⲛⲏⲥⲧⲉⲓⲁ · ⲙⲛⲡⲉⲛⲧⲃⲃⲟ · ⲁⲩⲱ ⲧⲉⲛϩⲩⲡⲟⲙⲟⲛⲏ ·,sahidic,UD_Coptic-Scriptorium/dev.conllu#besa_letters-on_vigilance_s0020 (CC BY 4.0),gold
"The theft of silver and gold is not quite comparable to this, but the more respected virginity and the monastic life are, the more the enemy strives also to capture them unnoticed.",ⲙⲡⲓϣⲱϣ ⲅⲁⲣ ⲁⲛ ⲛⲟⲩⲱⲧ ⲡⲉ ⲡϫⲓⲟⲩⲉ ⲛⲟⲩϩⲁⲧ ⲙⲛⲟⲩⲛⲟⲩⲃ · ⲁⲗⲗⲁ ⲛⲧϩⲉ ⲉⲧⲉⲣⲉⲧⲙⲛⲧⲡⲁⲣⲑⲉⲛⲟⲥ ⲁⲩⲱ ⲧⲙⲛⲧⲙⲟⲛⲁⲭⲟⲥ ⲧⲁⲓⲏⲩ ⲙⲙⲟⲥ · ⲛⲧⲉⲓϩⲉ ⲟⲛ ϥⲥⲡⲟⲩⲇⲁⲍⲉ ⲉϥⲓⲧⲟⲩ ⲛϫⲓⲟⲩⲉ ⲛϭⲓⲡϫⲁϫⲉ ·,sahidic,UD_Coptic-Scriptorium/dev.conllu#besa_letters-on_vigilance_s0021 (CC BY 4.0),gold
"Who has obtained pearls or gold, stands guard.",ⲡⲉⲛⲧⲁϥϫⲡⲟ ⲇⲉ ⲛⲁϥ ⲛϩⲉⲛⲙⲁⲣⲅⲁⲣⲓⲧⲏⲥ . ⲏ ⲟⲩⲛⲟⲩⲃ . ϣⲁϥⲣⲟⲩϣⲏ ⲛⲣⲟⲉⲓⲥ ·,sahidic,UD_Coptic-Scriptorium/dev.conllu#besa_letters-on_vigilance_s0022 (CC BY 4.0),gold
"If even the enemy remains awake at night to commit a villainy, then the owner of the wealth will watch all the more so that they don’t fall victim to any attack.",ⲉϣϫⲉ ϣⲁⲣⲉⲡϫⲁϫⲉ ⲣⲟⲩϣⲏ ⲛⲣⲟ ⲉⲧⲃⲉⲟⲩⲡⲟⲛⲏⲣⲓⲁ · ⲉⲓⲉ ϥⲛⲁⲣⲟⲉⲓⲥ ⲛⲟⲩⲏⲣ ⲛϭⲓⲡⲉⲧⲉⲟⲩⲛⲧϥ ⲛⲉⲭⲣⲏⲙⲁ · ϫⲉⲛⲛⲉⲩⲉⲡⲓⲃⲟⲩⲗⲉⲩⲉ ⲉⲣⲟⲟⲩ ·,sahidic,UD_Coptic-Scriptorium/dev.conllu#besa_letters-on_vigilance_s0023 (CC BY 4.0),gold
"We want to remind ourselves of what our father said, brothers according to our way of life fast and pray and hold vigils, but they also lie, argue, are defiant, grumble and slander, hate, are hostile, fornicate and are devious: they commit every imaginable evil.","ⲙⲁⲣⲛⲣⲡⲙⲉⲉⲩⲉ ⲛⲛⲉⲛⲧⲁⲡⲉⲛⲉⲓⲱⲧ ϫⲟⲟⲩ ϫⲉϩⲉⲛⲥⲛⲏⲩ ⲕⲁⲧⲁⲡⲉⲛⲃⲓⲟⲥ , ⲉⲩⲛⲏⲥⲧⲉⲩⲉ ⲉⲩϣⲗⲏⲗ ⲇⲉ ⲟⲛ · ⲉⲩⲟ ⲛⲟⲩϣⲏ ⲛⲣⲟⲉⲓⲥ · ⲉⲩϫⲓϭⲟⲗ ⲇⲉ ⲟⲛ · ⲉⲩⲙⲓϣⲉ · ⲉⲩϯⲧⲱⲛ · ⲉⲩⲕⲣⲙⲣⲙ ⲁⲩⲱ ⲉⲩⲕⲁⲧⲁⲗⲁⲗⲉⲓ · ⲉⲩⲙⲟⲥⲧⲉ · ⲉⲩⲙⲟⲟϣⲉ ϩⲛⲟⲩϩⲏⲧ ⲙⲙⲛⲧϣⲙⲙⲟ · ⲉⲩϫⲱϩⲙ ⲙⲙⲟⲟⲩ · ⲁⲩⲱ ⲉⲩⲟ ⲛⲕⲣⲟϥ . ⲉⲩⲉⲓⲣⲉ ⲛϩⲱⲃ ⲛⲓⲙ ⲉϥϩⲟⲟⲩ ·",sahidic,UD_Coptic-Scriptorium/dev.conllu#besa_letters-on_vigilance_s0024 (CC BY 4.0),gold
"Such people toil for nothing, and nothing good will happen to them.",ⲛⲁⲓ ⲛⲧⲉⲓⲙⲓⲛⲉ ⲉⲩϣⲡϩⲓⲥⲉ ⲉⲡϫⲓⲛϫⲏ · ⲁⲩⲱ ⲙⲙⲛⲗⲁⲁⲩ ⲛⲛⲟϥⲣⲉ ⲛⲁϣⲱⲡⲉ ⲛⲁⲩ ·,sahidic,UD_Coptic-Scriptorium/dev.conllu#besa_letters-on_vigilance_s0025 (CC BY 4.0),gold
Their steadfastness is of no benefit to them.,ⲉⲡϫⲓⲛϫⲏ ⲛⲁⲩ ⲟⲛ ⲧⲉ ⲧⲉⲩϩⲩⲡⲟⲙⲟⲛⲏ ·,sahidic,UD_Coptic-Scriptorium/dev.conllu#besa_letters-on_vigilance_s0026 (CC BY 4.0),gold
As has been said: He is not a full sheaf that he could give flour.,"ⲕⲁⲧⲁⲡⲉⲛⲧⲁⲩϫⲟⲟϥ ϫⲉⲟⲩⲕⲛⲁⲁⲩ ⲉϥⲙⲉϩ ⲁⲛ ⲡⲉ , ⲉⲧⲣⲉϥⲣⲛⲟⲉⲓⲧ .",sahidic,UD_Coptic-Scriptorium/dev.conllu#besa_letters-on_vigilance_s0027 (CC BY 4.0),gold
"In this regard has also been said: Sow wheat, and reap thorns.",ϩⲙⲡⲁⲓ ⲟⲛ ⲉⲛⲧⲁⲩϫⲟⲟⲥ ϫⲉϫⲟ ⲛϩⲉⲛⲥⲟⲩⲟ · ⲛⲧⲉⲧⲛⲱϩⲥ ⲛϩⲉⲛϣⲟⲛⲧⲉ ·,sahidic,UD_Coptic-Scriptorium/dev.conllu#besa_letters-on_vigilance_s0028 (CC BY 4.0),gold
Their fields will bring them no harvest.,ⲛⲉⲩⲕⲗⲏⲣⲟⲥ ⲛⲥⲉⲛⲁϯϩⲏⲩ ⲛⲁⲩ ⲁⲛ ·,sahidic,UD_Coptic-Scriptorium/dev.conllu#besa_letters-on_vigilance_s0029 (CC BY 4.0),gold
Therefore keep watch and do not let the enemy destroy our merit while we make it.,ⲉⲧⲃⲉⲡⲁⲓ ϭⲉ ⲣⲟⲉⲓⲥ ⲙⲡⲣⲕⲁ ⲡϫⲁϫⲉ ⲉⲧⲁⲕⲟ ⲙⲡⲉⲛⲡⲉⲧⲛⲁⲛⲟⲩϥ ⲉⲧⲛⲉⲓⲣⲉ ⲙⲙⲟϥ .,sahidic,UD_Coptic-Scriptorium/dev.conllu#besa_letters-on_vigilance_s0030 (CC BY 4.0),gold
"Instead, we want to adamantly preserve our minds from any impure thought from the devil to become worthy to hear this with satisfaction (p 3): 'From now on, they will no longer work on an agency basis,",ⲁⲗⲗⲁ ϩⲛϩⲁⲣⲉϩ ⲛⲓⲙ ϩⲁⲣⲉϩ ⲉⲡⲉⲛϩⲏⲧ ⲉⲃⲟⲗ ϩⲛⲙⲉⲉⲩⲉ ⲛⲓⲙ ⲉϥϫⲁϩⲙ ⲛⲧⲉⲡⲇⲓⲁⲃⲟⲗⲟⲥ · ϫⲉⲕⲁⲥ ⲉⲛⲛⲁⲣⲙⲡϣⲁ ⲛⲥⲱⲧⲙ ⲉⲡⲁⲓ ϩⲛⲟⲩⲧⲱⲧ ⲛϩⲏⲧ ϫⲉⲛⲥⲉⲛⲁⲣϩⲱⲃ ⲁⲛ ⲛϣⲙⲙⲟ ϫⲓⲛⲙⲡⲓⲛⲁⲩ ·,sahidic,UD_Coptic-Scriptorium/dev.conllu#besa_letters-on_vigilance_s0031 (CC BY 4.0),gold
"but they will work for the Lord, their God.",ⲁⲗⲗⲁ ⲉⲩⲛⲁⲣϩⲱⲃ ⲙⲡϫⲟⲉⲓⲥ ⲡⲉⲩⲛⲟⲩⲧⲉ ·,sahidic,UD_Coptic-Scriptorium/dev.conllu#besa_letters-on_vigilance_s0032 (CC BY 4.0),gold
"Because thieves do not break into a house or anywhere else where there are no valuables, but only where they would find valuables.","ⲕⲁⲓ ⲅⲁⲣ ⲉϣⲁⲣⲉⲛⲗⲏⲥⲧⲏⲥ ϭⲱⲧϩ ⲁⲛ ⲉⲟⲩⲏⲓ , ⲏ ⲟⲩⲙⲁ ⲉⲙⲛⲭⲣⲏⲙⲁ ⲛϩⲏⲧϥ · ⲁⲗⲗⲁ ⲉϣⲁⲩϭⲱⲧϩ ⲉⲡⲙⲁ ⲉⲧⲟⲩⲛⲁϭⲛⲭⲣⲏⲙⲁ ⲙⲙⲁⲩ ·",sahidic,UD_Coptic-Scriptorium/dev.conllu#besa_letters-on_vigilance_s0033 (CC BY 4.0),gold
"They also do not break into a place guarded against thieves, but where they know that no one watches, but everyone is asleep,",ⲟⲩⲧⲉ ⲉϣⲁⲩϭⲱⲧϩ ⲁⲛ ⲉⲡⲙⲁ ⲉⲧⲟⲩⲣⲟⲉⲓⲥ ⲛϩⲏⲧϥ ⲉⲧⲣⲉⲩϣⲱⲗ · ⲁⲗⲗⲁ ⲡⲙⲁ ⲉⲧⲟⲩⲥⲟⲟⲩⲛ ϫⲉ ⲛⲥⲉⲣⲟⲉⲓⲥ ⲁⲛ ⲛϩⲏⲧϥ ⲁⲩⲱ ⲥⲉⲟⲃϣ .,sahidic,UD_Coptic-Scriptorium/dev.conllu#besa_letters-on_vigilance_s0034 (CC BY 4.0),gold
"it is there that they break in and rob, whatever they find,",ⲛⲧⲟⲟⲩ ⲛⲉⲧⲉϣⲁⲩϭⲱⲧϩ ⲉⲣⲟⲟⲩ ⲛⲥⲉⲧⲱⲣⲡ ⲙⲡⲉⲧⲟⲩⲛⲁϭⲛⲧϥ ·,sahidic,UD_Coptic-Scriptorium/dev.conllu#besa_letters-on_vigilance_s0035 (CC BY 4.0),gold
"In the same way the devil does not rob the one who is vigilant and preserves the fruits of his effort, but the one whom he finds careless and without fear of God, not considering, in which state he will come into the hands of God, driven back and forth by every wind,",ⲛⲧⲉⲓ ϩⲉ ⲟⲛ ⲉϣⲁⲣⲉⲡⲇⲓⲁⲃⲟⲗⲟⲥ ⲧⲱⲣⲡ ⲁⲛ ⲙⲡⲉⲧⲣⲟⲉⲓⲥ ⲁⲩⲱ ⲉⲧϩⲁⲣⲉϩ ⲉⲡⲉϥϩⲓⲥⲉ ⲛⲁϥ . ⲁⲗⲗⲁ ⲡⲉⲧϥⲛⲁϭⲛⲧϥ ⲉϥⲣⲟⲉⲓⲥ ⲁⲛ · ⲟⲩⲧⲉ ⲛϥⲣϩⲟⲧⲉ ⲁⲛ ϩⲏⲧϥ ⲙⲡⲛⲟⲩⲧⲉ · ⲟⲩⲧⲉ ⲛϥⲉⲓⲣⲉ ⲁⲛ ⲙⲡⲙⲉⲉⲩⲉ ϫⲉⲉϥⲛⲏⲩ ⲉϩⲣⲁⲓ ⲉⲛϭⲓϫ ⲙⲡⲛⲟⲩⲧⲉ ⲛⲁϣ ⲛϩⲉ · ⲁⲗⲗⲁ ⲉϥϣⲉⲉⲓ ⲙⲛⲧⲏⲩ ⲛⲓⲙ ·,sahidic,UD_Coptic-Scriptorium/dev.conllu#besa_letters-on_vigilance_s0036 (CC BY 4.0),gold
this is the one whose fruits he robs ruthlessly.,ⲛⲧⲟϥ ⲡⲉⲧⲉϣⲁϥⲧⲱⲣⲡ ⲙⲡⲉϥⲡⲉⲧⲛⲁⲛⲟⲩϥ ⲉⲧϥⲉⲓⲣⲉ ⲙⲙⲟϥ ⲁϫⲛϯⲥⲟ ·,sahidic,UD_Coptic-Scriptorium/dev.conllu#besa_letters-on_vigilance_s0037 (CC BY 4.0),gold
"Therefore now take courage and be vigilant, brothers, everyone who is of one mind with God and our fathers, and also with us, whether man or woman, young or old, here with us or with you, we will not allow our eyes sleep and our eyelids slumber until the Lord saves us from any temptation by the enemy.","ⲉⲧⲃⲉⲡⲁⲓ ϭⲉ ⲛⲉⲥⲛⲏⲩ ⲟⲩⲟⲛ ⲛⲓⲙ ⲉⲧⲟ ⲛⲟⲩϩⲏⲧ ⲛⲟⲩⲱⲧ ⲙⲛⲡⲛⲟⲩⲧⲉ ⲁⲩⲱ ⲙⲛⲛⲉⲛⲉⲓⲟⲧⲉ , ⲁⲩⲱ ⲛⲙⲙⲁⲛ ϩⲱⲱⲛ ⲟⲛ, ⲉⲓⲧⲉ ϩⲟⲟⲩⲧ ⲉⲓⲧⲉ ⲥϩⲓⲙⲉ . ⲉⲓⲧⲉ ⲛⲟϭ ⲉⲓⲧⲉ ⲕⲟⲩⲓ · ϩⲁⲧⲏⲛ , ⲁⲩⲱ ϩⲁⲧⲉⲧⲏⲩⲧⲛ ⲧⲱⲕ ⲛϩⲏⲧ ⲁⲩⲱ ⲣⲟⲉⲓⲥ ⲙⲡⲣϯϩⲓⲛⲏⲃ ⲛⲛⲉⲛⲃⲁⲗ · ⲟⲩⲧⲉ ⲣⲉⲕⲣⲓⲕⲉ ⲛⲛⲉⲛⲃⲟⲩϩⲉ · ϣⲁⲛⲧⲉⲡϫⲟⲉⲓⲥ ⲛⲁϩⲙⲛ ⲉⲡⲉⲓⲣⲁⲥⲙⲟⲥ ⲛⲓⲙ ⲛⲧⲉⲡϫⲁϫⲉ ·",sahidic,UD_Coptic-Scriptorium/dev.conllu#besa_letters-on_vigilance_s0038 (CC BY 4.0),gold
Because there are many who envy us.,ⲛⲁϣⲉⲛⲉⲧⲫⲑⲟⲛⲉⲓ ⲅⲁⲣ ⲉⲣⲟⲛ ·,sahidic,UD_Coptic-Scriptorium/dev.conllu#besa_letters-on_vigilance_s0039 (CC BY 4.0),gold
"And give no heed to brothers, who are often involved in strife and rebellion, and disown their steadfastness. Do not let them become a stumbling block to you!",ⲁⲩⲱ ⲙⲡⲣⲛⲁⲩ ⲉϩⲉⲛⲥⲛⲏⲩ ⲉⲩϣⲧⲣⲧⲱⲣ ⲛϩⲁϩ ⲛⲥⲟⲡ ϩⲙⲡⲙⲓϣⲉ ⲙⲛⲡϯⲧⲱⲛ ⲁⲩⲱ ⲉⲩⲁⲣⲛⲁ ⲛⲧⲉⲩϩⲩⲡⲟⲙⲟⲛⲏ · ⲛⲥⲉⲥⲕⲁⲛⲇⲁⲗⲓⲍⲉ ⲙⲙⲱⲧⲛ ·,sahidic,UD_Coptic-Scriptorium/dev.conllu#besa_letters-on_vigilance_s0040 (CC BY 4.0),gold
"God shall never be able to say that they are a stumbling block to the righteous, those who have complete faith in Christ and wait for the Spirit of God.",ⲁⲗⲗⲁ ⲛⲛⲉⲡⲛⲟⲩⲧⲉ ϫⲟⲟϥ ⲉⲧⲣⲉⲩⲥⲕⲁⲛⲇⲁⲗⲓⲍⲉ ⲛⲙⲙⲁⲓⲛⲟⲩⲧⲉ ⲉⲛⲉϩ . ⲛⲁⲓ ⲉⲧⲉⲟⲩⲛⲧⲁⲩ ⲙⲙⲁⲩ ⲛⲧⲉⲩⲡⲓⲥⲧⲓⲥ ⲉⲥϫⲏⲕ ⲉⲃⲟⲗ ⲉϩⲟⲩⲛ ⲉⲡⲉⲭⲣⲓⲥⲧⲟⲥ · ⲁⲩⲱ ⲉⲧⲁϩⲉ ⲉⲡⲉⲡⲛⲉⲩⲙⲁ ⲙⲡⲛⲟⲩⲧⲉ ·,sahidic,UD_Coptic-Scriptorium/dev.conllu#besa_letters-on_vigilance_s0041 (CC BY 4.0),gold
"But woe to you sinners who disown your steadfastness and throw the communities into turmoil through cowardice, envy, hatred, strife, rebellion and intrigue!",ⲛⲧⲱⲧⲛ ⲇⲉ ⲛⲉⲧⲣⲛⲟⲃⲉ ⲁⲩⲱ ⲉⲧⲁⲣⲛⲁ ⲛⲧⲉⲩϩⲩⲡⲟⲙⲟⲛⲏ ⲁⲩⲱ ⲉⲧϣⲧⲟⲣⲧⲣ ⲛⲛⲥⲩⲛⲁⲅⲱⲅⲏ ϩⲛⲧⲙⲛⲧϩⲏⲧ ϣⲏⲙ · ⲙⲛⲡⲕⲱϩ · ⲙⲛⲡⲙⲟⲥⲧⲉ · ⲙⲛⲡⲙⲓϣⲉ · ⲙⲛⲡϯⲧⲱⲛ · ⲙⲛⲡⲉⲕⲣⲟϥ · ⲟⲩⲟⲉⲓ ⲛⲏⲧⲛ .,sahidic,UD_Coptic-Scriptorium/dev.conllu#besa_letters-on_vigilance_s0042 (CC BY 4.0),gold
What are you going to do on the day of your visitation?,ⲉⲧⲉⲧⲛⲁⲣⲟⲩ ϩⲙⲡⲉϩⲟⲟⲩ ⲙⲡⲉⲧⲛϭⲙⲡϣⲓⲛⲉ ·,sahidic,UD_Coptic-Scriptorium/dev.conllu#besa_letters-on_vigilance_s0043 (CC BY 4.0),gold
For your trouble comes from afar.,ⲧⲉⲧⲛⲑⲗⲓⲯⲓⲥ ⲅⲁⲣ ⲛⲏⲩ ⲙⲡⲟⲩⲉ ·,sahidic,UD_Coptic-Scriptorium/dev.conllu#besa_letters-on_vigilance_s0044 (CC BY 4.0),gold
"Or is it no judgment for us that we - after we have left behind what we have left behind, and have entered into a contract with whom which we have entered into a contract, affirming under oath, 'We will not steal, lie, commit sexual misconduct, bear false witness, commit fraud secretly ', and all the points that come hereafter - that we then do these again [... 2 sheets ...]",ⲏ ⲟⲩⲕⲣⲓⲙⲁ ⲛⲁⲛ ⲁⲛ ⲡⲉ ⲙⲛⲛⲥⲁⲧⲣⲉⲛⲁⲡⲟⲧⲁⲥⲥⲉ ⲙⲡⲉⲛⲧⲁⲛⲁⲡⲟⲧⲁⲥⲥⲉ ⲙⲙⲟϥ . ⲁⲩⲱ ⲛⲧⲛⲥⲙⲛⲧⲟⲟⲧⲛ ⲙⲛⲡⲉⲛⲧⲁⲛⲥⲙⲛⲧⲟⲟⲧⲛ ⲛⲙⲙⲁϥ ϩⲛⲟⲩⲇⲓⲁⲑⲏⲕⲏ ⲉⲛϩⲟⲙⲟⲗⲟⲅⲉⲓ ϫⲉⲛⲛⲉⲛϫⲓⲟⲩⲉ · ⲛⲛⲉⲛϫⲓϭⲟⲗ · ⲛⲛⲉⲛϫⲉϩⲙⲡⲉⲛⲥⲱⲙⲁ ⲕⲁⲧⲁⲗⲁⲁⲩ ⲛⲥⲙⲟⲧ · ⲛⲛⲉⲛⲣⲙⲛⲧⲣⲉ ⲛⲛⲟⲩϫ · ⲛⲛⲉⲛⲣⲗⲁⲁⲩ ⲛⲕⲣⲟϥ ϩⲛⲟⲩϩⲱⲡ · ⲙⲛⲛⲕⲉϣⲁϫⲉ ⲉⲧⲛⲏⲩ ⲙⲛⲛⲥⲁⲛⲁⲓ · ⲡⲁⲗⲓⲛ ⲛⲧⲛⲕⲧⲟⲛ ⲛⲧⲛⲁⲁⲩ ⲛⲕⲉⲥⲟⲡ ·,sahidic,UD_Coptic-Scriptorium/dev.conllu#besa_letters-on_vigilance_s0045 (CC BY 4.0),gold
"It is by those who are bound and suffering that you are troubled,",ⲉⲧⲉⲧⲛϣⲡϩⲓⲥⲉ ⲙⲛⲛⲉⲧⲙⲏⲣ ⲉⲧⲉⲛⲉⲧⲙⲟⲕϩ ⲛⲉ ·,sahidic,UD_Coptic-Scriptorium/dev.conllu#besa_letters-on_lack_of_food_s0001 (CC BY 4.0),gold
"in the manner that they live on the herb of the field, because they did not find what they shall eat,",ⲛⲧϩⲉ ⲉⲧⲉⲩⲟⲛϩ ⲉⲡⲟⲩⲟⲧⲟⲩⲉⲧ ⲛⲧⲥⲱϣⲉ ϫⲉⲙⲡⲟⲩϭⲛⲡⲉⲧⲟⲩⲛⲁⲟⲩⲟⲙϥ ·,sahidic,UD_Coptic-Scriptorium/dev.conllu#besa_letters-on_lack_of_food_s0002 (CC BY 4.0),gold
and in the manner that we hear,ⲛⲧϩⲉ ⲉⲧⲉⲧⲛⲥⲱⲧⲙ ·,sahidic,UD_Coptic-Scriptorium/dev.conllu#besa_letters-on_lack_of_food_s0003 (CC BY 4.0),gold
and those who see agree about their difficulty.,ⲁⲩⲱ ⲉⲣⲉⲛⲉⲧⲛⲁⲩ ϩⲟⲙⲟⲗⲟⲅⲉⲓ ⲙⲡⲉⲩϩⲓⲥⲉ ·,sahidic,UD_Coptic-Scriptorium/dev.conllu#besa_letters-on_lack_of_food_s0004 (CC BY 4.0),gold
"Hence, let us all pray, everyone who fears God, that Christ may put his blessing and that it may remain in his congregations",ⲉⲧⲃⲉⲡⲁⲓ ⲙⲁⲣⲛϣⲗⲏⲗ ⲧⲏⲣⲛ ⲟⲩⲟⲛ ⲛⲓⲙ ⲉⲧⲣϩⲟⲧⲉ ϩⲏⲧϥ ⲙⲡⲛⲟⲩⲧⲉ ⲉⲧⲣⲉⲡⲉⲭⲣⲓⲥⲧⲟⲥ ⲕⲁⲡⲉϥⲥⲙⲟⲩ ⲉϥⲙⲏⲛ ⲉⲃⲟⲗ ϩⲣⲁⲓ ϩⲛⲛⲉϥⲥⲩⲛⲁⲅⲱⲅⲏ ·,sahidic,UD_Coptic-Scriptorium/dev.conllu#besa_letters-on_lack_of_food_s0005 (CC BY 4.0),gold
and that he may not let his monasteries (lit. places) lack anything.,ⲁⲩⲱ ⲛϥⲧⲙⲕⲁⲛⲉϥⲧⲟⲡⲟⲥ ⲉϣⲱⲱⲧ ⲛⲗⲁⲁⲩ :,sahidic,UD_Coptic-Scriptorium/dev.conllu#besa_letters-on_lack_of_food_s0006 (CC BY 4.0),gold
"[HERE BEGINNETH] THE MARTYRDOM OF SAINT BIKTÔR (VICTOR), THE GENERAL AND MARTYR, THE MAN GLORIOUS IN CHRIST, THE WEARER OF THE CROWN IN VERY TRUTH, WHO COMPLETED HIS GLORIOUS STRIFE ON THE SEVEN AND TWENTIETH DAY OF THE MONTH PHARMOUTE.",ⲧⲙⲁⲣⲧⲩⲣⲓⲁ ⲙⲡϩⲁⲅⲓⲟⲥ ⲃⲓⲕⲧⲱⲣ ⲡⲉⲥⲧⲣⲁⲧⲏⲗⲁⲧⲏⲥ ⲁⲩⲱ ⲡⲙⲁⲣⲧⲩⲣⲟⲥ ⲉⲧⲧⲁⲓⲏⲩ ⲙⲡⲉⲭⲣⲓⲥⲧⲟⲥ · ⲁⲩⲱ ⲡϥⲁⲓⲕⲗⲟⲙ ⲛⲁⲙⲉ · ⲛⲧⲁϥϫⲱⲕ ϫⲉⲉⲃⲟⲗ ⲙⲡⲉϥⲁⲅⲱⲛ ⲉⲧⲧⲁⲓⲏⲩ · ⲛⲥⲟⲩϫⲟⲩⲧⲥⲁϣϥⲉ ⲙⲡⲉⲃⲟⲧ ⲫⲁⲣⲙⲟⲩⲧⲉ ·,sahidic,UD_Coptic-Scriptorium/dev.conllu#martyrdom_victor-martyrdom_victor_01_s0001 (CC BY 4.0),gold
"IN THE PEACE OF GOD. MAY HIS HOLY BLESSING COME UPON US, AND MAY WE ALL BE SAVED TOGETHER. AMEN.",ϩⲛⲟⲩⲉⲓⲣⲏⲛⲏ ⲛⲧⲉⲡⲛⲟⲩⲧⲉ · ⲉⲣⲉⲛⲉϥⲥⲙⲟⲩ ⲉⲧⲟⲩⲁⲁⲃ ⲛⲁⲉⲓ ⲉϩⲣⲁⲓ ⲉϩⲣⲁⲓ ⲉϫⲱⲛ ⲛⲧⲛⲟⲩϫⲁⲓ ⲧⲏⲣⲛ ϩⲓⲟⲩⲥⲟⲡ ϩⲁⲙⲏⲛ : — —,sahidic,UD_Coptic-Scriptorium/dev.conllu#martyrdom_victor-martyrdom_victor_01_s0002 (CC BY 4.0),gold
"And it came to pass in the kingdom (i. e. reign) of the Emperor Diocletian in the third year of his reign, in the first month, that the Devil led his heart astray from God, and made him to do the things that were not seemly.",ⲁⲥϣⲱⲡⲉ ⲇⲉ ϩⲛⲧⲙⲛⲧⲣⲣⲟ ⲛⲇⲓⲟⲕⲗⲏϯⲁⲛⲟⲥ ⲡⲣⲣⲟ ϩⲛⲧⲙⲉϩϣⲟⲙⲧⲉ ⲛⲣⲟⲙⲡⲉ ⲛⲧⲉϥⲙⲛⲧⲣⲣⲟ · ϩⲙⲡϣⲟⲣⲡ ⲛⲉⲃⲟⲧ · ⲡⲇⲓⲁⲃⲟⲗⲟⲥ ⲁϥⲥⲱⲣⲙ ⲙⲡⲉϥϩⲏⲧ ⲛⲥⲁⲃⲟⲗ ⲙⲡⲛⲟⲩⲧⲉ · ⲉⲧⲣⲉϥⲉⲓⲣⲉ ⲛⲛⲉⲧⲉⲙⲉϣϣⲉ ·,sahidic,UD_Coptic-Scriptorium/dev.conllu#martyrdom_victor-martyrdom_victor_01_s0003 (CC BY 4.0),gold
"And Diocletian worshipped idols, and thrust the God of heaven behind his back, for the sake of [creatures made of] wood and stones, and for the sake of the vain things that were fashioned by the hands of men.",ⲁϥϣⲙϣⲉ ⲛⲛⲉⲓⲇⲱⲗⲟⲛ · ⲁϥⲕⲱ ⲛⲥⲱϥ ⲙⲡⲛⲟⲩⲧⲉ ⲛⲧⲡⲉ · ⲉⲧⲃⲉϩⲉⲛϣⲉ ⲙⲛϩⲉⲛⲱⲛⲉ · ⲙⲛϩⲉⲛⲙⲟⲩⲛⲅ ⲛϭⲓϫ ⲉⲩϣⲟⲩⲉⲓⲧ ⁛,sahidic,UD_Coptic-Scriptorium/dev.conllu#martyrdom_victor-martyrdom_victor_01_s0004 (CC BY 4.0),gold
Hearken [ye] now to [the account of] the valour of the young man [called] Victor.,ⲥⲱⲧⲙ ϭⲉ ⲧⲉⲛⲟⲩ ⲉⲧⲙⲛⲧϫⲱⲱⲣⲉ ⲛⲟⲩϣⲏⲣⲉ ϣⲏⲙ ϫⲉⲃⲓⲕⲧⲱⲣ ·,sahidic,UD_Coptic-Scriptorium/dev.conllu#martyrdom_victor-martyrdom_victor_01_s0005 (CC BY 4.0),gold
"And the Emperor Diocletian took counsel and decided to do the things that were unseemly before God, Jesus the Christ; and this is what he did.",ⲇⲓⲟⲕⲗⲏϯⲁⲛⲟⲥ ⲇⲉ ⲡⲣⲣⲟ · ⲁϥⲥⲩⲙⲃⲟⲩⲗⲉⲩⲉ ⲉⲣⲛⲉⲧⲉⲙⲉϣϣⲉ ⲙⲡⲙⲧⲟ ⲉⲃⲟⲗ ⲙⲡⲛⲟⲩⲧⲉ ⲓⲏⲥⲟⲩⲥ ⲡⲉⲭⲣⲓⲥⲧⲟⲥ · ⲁⲩⲱ ⲛⲁⲓ ⲛⲉ ⲛⲧⲁϥⲁⲁⲩ ·,sahidic,UD_Coptic-Scriptorium/dev.conllu#martyrdom_victor-martyrdom_victor_01_s0006 (CC BY 4.0),gold
"He made seventy images of gold, and gave unto them the name of gods which they certainly were not.",ⲁϥⲧⲁⲙⲓⲟ ⲛⲥⲁϣϥⲉ ⲛⲧⲟⲩⲱⲧ ⲛⲛⲟⲩⲃ · ⲁϥϯⲣⲁⲛ ⲉⲣⲟⲟⲩ ϫⲉⲛⲟⲩⲧⲉ ⲛϩⲟⲓⲛⲉ ⲁⲛ ⲛⲉ ·,sahidic,UD_Coptic-Scriptorium/dev.conllu#martyrdom_victor-martyrdom_victor_01_s0007 (CC BY 4.0),gold
"To thirty-five of these he gave names of gods, and to thirty-five the names of goddesses;",ⲁϥⲙⲟⲩⲧⲉ ⲉⲙⲁⲁⲃⲧⲏ ⲛⲛⲟⲩⲧⲉ ⲛϩⲟⲟⲩⲧ · ⲁⲩⲱ ⲙⲁⲁⲃⲧⲏ ⲛⲛⲟⲩⲧⲉ ⲛⲥϩⲓⲙⲉ ·,sahidic,UD_Coptic-Scriptorium/dev.conllu#martyrdom_victor-martyrdom_victor_01_s0008 (CC BY 4.0),gold
now the number of his other gods and goddesses amounted to one hundred and forty.,ⲁⲩⲱ ⲡⲥⲉⲉⲡⲉ ⲛⲛⲉϥⲛⲟⲩⲧⲉ ⲛϩⲟⲟⲩⲧ ϩⲓⲥϩⲓⲙⲉ · ⲥⲉⲉⲓⲣⲉ ⲛϣⲉϩⲙⲉ ϩⲛⲧⲉⲩⲏⲡⲉ ·,sahidic,UD_Coptic-Scriptorium/dev.conllu#martyrdom_victor-martyrdom_victor_01_s0009 (CC BY 4.0),gold
And the Emperor Diocletian affixed a decree on the outside of the door of the Palace^ wherein it was written thus :,ⲇⲓⲟⲕⲗⲏϯⲁⲛⲟⲥ ⲇⲉ ⲡⲣⲣⲟ · ⲁϥⲧⲱϭⲉ ⲛⲟⲩⲥϩⲁⲓ ⲉⲃⲟⲗ ϩⲓⲣⲙⲡⲣⲟ ⲙⲡⲡⲁⲗⲗⲁϯⲟⲛ · ⲉϥⲥⲏϩ ⲛⲧⲉⲓϩⲉ ·,sahidic,UD_Coptic-Scriptorium/dev.conllu#martyrdom_victor-martyrdom_victor_01_s0010 (CC BY 4.0),gold
"I, the Emperor Diocletian, [hereby] command that from Romania [in the north] to Pelak (Philac) in the south, every man, whether he be eparch, or general, or count, or bishop, or elder, or deacon, or reader, or servant, or free man, or soldier, or countryman, shall worship my gods.",ⲁⲛⲟⲕ ⲇⲓⲟⲕⲗⲏϯⲁⲛⲟⲥ ⲡⲣⲣⲟ · ϯⲕⲉⲗⲉⲩⲉ ϫⲓⲛⲧⲉϩⲣⲱⲙⲁⲛⲓⲁ ϣⲁⲣⲏⲥ ⲉⲡⲉⲗⲁⲕ · ϫⲉⲉⲓⲧⲉ ⲉⲡⲁⲣⲭⲟⲥ · ⲉⲓⲧⲉ ⲥⲧⲣⲁⲧⲏⲗⲁⲧⲏⲥ · ⲉⲓⲧⲉ ⲕⲟⲙⲉⲥ · ⲉⲓⲧⲉ ⲉⲡⲓⲥⲕⲟⲡⲟⲥ · ⲉⲓⲧⲉ ⲡⲣⲉⲥⲃⲩⲧⲉⲣⲟⲥ · ⲉⲓⲧⲉ ⲇⲓⲁⲕⲟⲛⲟⲥ · ⲉⲓⲧⲉ ⲁⲛⲁⲅⲛⲱⲥⲧⲏⲥ · ⲉⲓⲧⲉ ϩⲙϩⲁⲗ · ⲉⲓⲧⲉ ⲣⲙϩⲉ · ⲉⲓⲧⲉ ⲙⲁⲧⲟⲓ · ⲉⲓⲧⲉ ⲡⲁⲅⲁⲛⲱⲥ ⲉⲩⲉϣⲙϣⲉ ⲧⲏⲣⲟⲩ ⲛⲛⲁⲛⲟⲩⲧⲉ ·,sahidic,UD_Coptic-Scriptorium/dev.conllu#martyrdom_victor-martyrdom_victor_01_s0011 (CC BY 4.0),gold
"And any one among these who shall say, 'I am a Christian,' shall be remembered, and he shall die by the sword.",ⲁⲩⲱ ⲡⲉⲧⲛⲁϫⲟⲟⲥ ⲛϩⲏⲧⲟⲩ ϫⲉⲁⲛⲅ ⲟⲩⲭⲣⲓⲥϯⲁⲛⲟⲥ · ⲉⲩⲉϯⲙⲉⲉⲩⲉ ⲙⲙⲟϥ ⲛϥⲙⲟⲩ ϩⲛⲧⲥⲏϥⲉ ·,sahidic,UD_Coptic-Scriptorium/dev.conllu#martyrdom_victor-martyrdom_victor_01_s0012 (CC BY 4.0),gold
"And as for you, O all ye noblemen of high senatorial rank, who hold office in connection with the Palace, ye shall give effect to | this decree in such a way that every man shall worship my gods ;",ⲛⲧⲱⲧⲛ ϭⲉ ⲧⲏⲣⲧⲛ ⲛⲥⲩⲛⲕⲗⲓϯⲕⲟⲥ ⲙⲡⲡⲁⲗⲗⲁϯⲟⲛ · ⲉⲧⲉⲧⲛⲁⲉⲓⲣⲉ ⲕⲁⲧⲁⲡⲇⲓⲁⲧⲁⲅⲙⲁ · ϫⲉⲕⲁⲥ ⲉⲣⲉⲣⲱⲙⲉ ⲛⲓⲙ ⲛⲁϣⲙϣⲉ ⲛⲛⲁⲛⲟⲩⲧⲉ ·,sahidic,UD_Coptic-Scriptorium/dev.conllu#martyrdom_victor-martyrdom_victor_01_s0013 (CC BY 4.0),gold
"for these are the gods who give us victory in battle, and it is they who are the protectors of you yourselves, and they give strength unto you and unto the whole army.",ϫⲉⲛⲁⲓ ⲛⲉ ⲛⲛⲟⲩⲧⲉ ⲉⲧϯ ⲛⲁⲛ ⲙⲡⲉϫⲣⲟ ϩⲙⲡⲡⲟⲗⲉⲙⲟⲥ · ⲁⲩⲱ ⲛⲧⲱⲧⲛ ϩⲱⲧⲧⲏⲩⲧⲛ ⲛⲥⲉϣⲱⲡⲉ ⲛⲏⲧⲛ ⲛⲛⲁϣⲧⲉ · ⲉⲩϯϭⲟⲙ ⲛⲏⲧⲛ ⲙⲛⲡⲉⲥⲧⲣⲁⲧⲉⲩⲙⲁ ⲧⲏⲣϥ ·,sahidic,UD_Coptic-Scriptorium/dev.conllu#martyrdom_victor-martyrdom_victor_01_s0014 (CC BY 4.0),gold
"Therefore, he that doth not rise up early in the morning, and come at dawn [to me so] that we may go into the temple together and offer up sacrifices to the gods,",ϫⲉⲕⲁⲥ ⲡⲉⲧⲉⲛϥⲛⲁϣⲟⲣⲡϥ ⲁⲛ · ⲛϥⲉⲓ ⲉϩⲧⲟⲟⲩⲉ ⲛⲧⲛⲃⲱⲕ ⲉⲡⲣⲡⲉ ϩⲓⲟⲩⲥⲟⲡ · ⲛⲧⲛⲑⲩⲥⲓⲁⲍⲉ ⲛⲛⲛⲟⲩⲧⲉ ·,sahidic,UD_Coptic-Scriptorium/dev.conllu#martyrdom_victor-martyrdom_victor_01_s0015 (CC BY 4.0),gold
"he, I say, that doth not come [hither] shall be cast into the sea, so that [all men] may know that I am king, and that there is no other king besides me.'",ⲁⲩⲱ ⲡⲉⲧⲉⲛϥⲛⲏⲩ ⲁⲛ · ⲉⲩⲉⲕⲁⲧⲁⲡⲟⲛϯⲍⲉ ⲙⲙⲟϥ ⲉⲧⲑⲁⲗⲁⲥⲥⲁ · ϣⲁⲛⲧⲟⲩⲉⲓⲙⲉ ϫⲉⲁⲛⲟⲕ ⲡⲉ ⲡⲣⲣⲟ ⲉⲧⲉⲙⲛⲕⲉⲟⲩⲁ ⲛⲃⲗⲗⲁϥ ·,sahidic,UD_Coptic-Scriptorium/dev.conllu#martyrdom_victor-martyrdom_victor_01_s0016 (CC BY 4.0),gold
"And it came to pass at dawn, on the first day of the month Parmoute, that the Emperor Diocletian, and all his army, and the eparchs, and the generals went into the temple.",ϩⲧⲟⲟⲩⲉ ⲇⲉ ⲛⲥⲟⲩⲟⲩⲁ ⲙⲡⲁⲣⲙⲟⲩⲧⲉ · ⲁⲇⲓⲟⲕⲗⲏϯⲁⲛⲟⲥ ⲡⲣⲣⲟ ⲙⲛⲡⲉϥⲥⲧⲣⲁⲧⲉⲩⲙⲁ ⲧⲏⲣϥ · ⲙⲛⲛⲉⲡⲁⲣⲭⲟⲥ ⲙⲛⲛⲉⲥⲧⲣⲁⲧⲏⲗⲁⲧⲏⲥ · ⲁⲩⲃⲱⲕ ⲉⲡⲣⲡⲉ : —,sahidic,UD_Coptic-Scriptorium/dev.conllu#martyrdom_victor-martyrdom_victor_01_s0017 (CC BY 4.0),gold
"And the Emperor took his seat upon the throne, and he caused the herald to make a proclamation, saying,",ⲡⲣⲣⲟ ⲇⲉ ⲁϥϩⲙⲟⲟⲥ ⲉϫⲙⲡⲉⲑⲣⲟⲛⲟⲥ · ⲁϥⲧⲣⲉⲡⲓⲕⲩⲣⲓⲝ ⲱϣ ⲉⲃⲟⲗ ·,sahidic,UD_Coptic-Scriptorium/dev.conllu#martyrdom_victor-martyrdom_victor_01_s0018 (CC BY 4.0),gold
"O [all] ye Roman people, come ye and offer up sacrifice.'",ϫⲉⲁⲙⲏⲓⲧⲛ ⲁⲣⲓⲑⲩⲥⲓⲁⲍⲉ ⲱ ⲛⲣⲱⲙⲉ ⲛϩⲣⲱⲙⲁⲓⲟⲥ ·,sahidic,UD_Coptic-Scriptorium/dev.conllu#martyrdom_victor-martyrdom_victor_01_s0019 (CC BY 4.0),gold
And the Emperor made an altar of silver and a vessel wherein to burn incense of gold ;,ⲁⲡⲣⲣⲟ ⲧⲁⲙⲓⲉⲟⲩⲛⲟϭ ⲛⲃⲟⲙⲱⲥ ⲛϩⲁⲧ ⲙⲛⲟⲩϣⲟⲩⲣⲏ ⲛⲛⲟⲩⲃ :,sahidic,UD_Coptic-Scriptorium/dev.conllu#martyrdom_victor-martyrdom_victor_01_s0020 (CC BY 4.0),gold
"and he made a great pedestal of gold,",ⲁⲩⲱ ⲁϥⲧⲁⲙⲓⲉⲟⲩⲛⲟϭ ⲛⲥⲧⲩⲗⲗⲟⲥ ⲛⲛⲟⲩⲃ ·,sahidic,UD_Coptic-Scriptorium/dev.conllu#martyrdom_victor-martyrdom_victor_01_s0021 (CC BY 4.0),gold
and he placed it before the altar so that the [statue of] Apollo might be set upon it.,ⲁϥⲕⲁⲁϥ ⲙⲡⲙⲧⲟ ⲉⲃⲟⲗ ⲛⲧϣⲏⲩⲉ ϫⲉⲕⲁⲥ ⲉⲩⲉⲧⲁⲗⲉⲡⲁⲡⲟⲗⲗⲱⲛ ⲉϫⲱϥ ·,sahidic,UD_Coptic-Scriptorium/dev.conllu#martyrdom_victor-martyrdom_victor_01_s0022 (CC BY 4.0),gold
"And the Emperor commanded them to bring frankincense, and the finest flour of wheat, and the purest oil, and rare old wine, and to pour them out upon the altar whereon was blazing fire.",ⲁϥⲕⲉⲗⲉⲩⲉ ⲛϭⲓⲡⲣⲣⲟ · ⲉⲧⲣⲉⲩⲛⲗⲓⲃⲁⲛⲟⲥ ϩⲓⲥⲁⲙⲓⲧ · ϩⲓⲛⲉϩ ⲙⲙⲉ · ϩⲓⲕⲟⲛϯⲧⲟⲛ · ⲉⲥⲉⲡⲱϩⲧ ⲉϫⲛⲧϣⲏⲩⲉ ⲉⲧⲙⲟⲩϩ ·,sahidic,UD_Coptic-Scriptorium/dev.conllu#martyrdom_victor-martyrdom_victor_01_s0023 (CC BY 4.0),gold
"And afterwards they lighted two hundred candles on golden candlesticks, and four hundred candles on silver candlesticks, and two hundred white horses drew his gods into the temple.",ⲙⲛⲛⲥⲱⲥ ⲁϥϫⲉⲣⲟ ⲛϣⲏⲧ ⲛⲕⲉⲣⲱⲛ ⲛⲛⲟⲩⲃ · ⲙⲛϥⲧⲟⲟⲩϣⲉ ⲛⲕⲉⲣⲱⲛ ⲛϩⲁⲧ · ⲙⲛϣⲏⲧ ⲛϩⲧⲟ ⲉⲩⲟⲩⲟⲃϣ · ⲁⲩⲥⲱⲕ ϩⲏⲧⲟⲩ ⲛⲛⲉϥⲛⲟⲩⲧⲉ ϣⲁⲡⲣⲡⲉ ·,sahidic,UD_Coptic-Scriptorium/dev.conllu#martyrdom_victor-martyrdom_victor_01_s0024 (CC BY 4.0),gold
"'And when they had brought his gods into the temple the Emperor Diocletian stood up on his throne,",ⲡⲣⲣⲟ ⲇⲉ ⲇⲓⲟⲕⲗⲏϯⲁⲛⲟⲥ · ⲛⲧⲉⲣⲟⲩⲉⲓⲛⲉ ⲉϩⲟⲩⲛ ⲛⲛⲉϥⲛⲟⲩⲧⲉ ⲉⲡⲣⲡⲉ · ⲁϥⲟⲛⲕϥ ⲉϩⲣⲁⲓ ϩⲓⲡⲉϥⲑⲣⲟⲛⲟⲥ ·,sahidic,UD_Coptic-Scriptorium/dev.conllu#martyrdom_victor-martyrdom_victor_01_s0025 (CC BY 4.0),gold
"and he lifted his crown off his head, and set it upon the head of [the statue of] Apollo, and he bowed down and worshipped it three times, saying,",ⲁϥϥⲓ ⲙⲡⲉϥⲕⲗⲟⲙ ϩⲓϫⲱϥ · ⲁϥⲧⲁⲁϥ ⲉϫⲛⲧⲁⲡⲉ ⲙⲡⲁⲡⲟⲗⲗⲱⲛ · ⲁϥⲟⲩⲱϣⲧ ⲛⲁϥ ⲛϣⲟⲙⲛⲧ ⲛⲥⲟⲡ ⲉϥϫⲱ ⲙⲙⲟⲥ ·,sahidic,UD_Coptic-Scriptorium/dev.conllu#martyrdom_victor-martyrdom_victor_01_s0026 (CC BY 4.0),gold
"Thou art the god who livest, O Apollo, the greatest of the gods, who dost give unto us victory in war.",ϫⲉⲛⲧⲕⲟⲩⲛⲟⲩⲧⲉ ⲉϥⲟⲛϩ ⲱ ⲡⲁⲡⲟⲗⲗⲱⲛ ⲡⲛⲟϭ ⲛⲛⲟⲩⲧⲉ · ⲡⲁⲓ ⲉⲧϯ ⲛⲁⲛ ⲙⲡⲉϫⲣⲟ ϩⲙⲡⲡⲟⲗⲉⲙⲟⲥ ·,sahidic,UD_Coptic-Scriptorium/dev.conllu#martyrdom_victor-martyrdom_victor_01_s0027 (CC BY 4.0),gold
"And after the Emperor had worshipped Apollo, his three fellow [Caesars], Romanus, Basileides, and Euaios, came and worshipped Apollo also.",ⲡⲣⲣⲟ ⲇⲉ ⲛⲧⲉⲣⲉϥⲟⲩⲱϣⲧ · ⲁⲡⲉϥⲕⲉϣⲟⲙⲛⲧ ⲛϣⲃⲏⲣ ⲉⲓ ⲉⲧⲣⲉⲩⲟⲩⲱϣⲧ · ϩⲣⲱⲙⲁⲛⲟⲥ · ⲙⲛⲃⲁⲥⲓⲗⲉⲓⲧⲏⲥ · ⲙⲛⲉⲩϩⲁⲓⲟⲥ ·,sahidic,UD_Coptic-Scriptorium/dev.conllu#martyrdom_victor-martyrdom_victor_01_s0028 (CC BY 4.0),gold
"Now these | held equal rank and power with the Fol. 2 « Emperor, and he loved them exceedingly.",ⲛⲁⲓ ⲉϩⲉⲛ ϩⲓⲥⲱⲛ ϩⲱⲟⲩ ⲛⲉ ⲛⲣⲣⲟ · ⲁⲩⲱ ⲉⲣⲉⲡⲣⲣⲟ ⲙⲉ ⲙⲙⲟⲟⲩ ⲉⲙⲁⲧⲉ ·,sahidic,UD_Coptic-Scriptorium/dev.conllu#martyrdom_victor-martyrdom_victor_01_s0029 (CC BY 4.0),gold
"And he had given ^ unto each one of them fifty centenarii ^ of gold, in addition to the most noble rank of generals in the army and the other honours which he had bestowed upon them.",ⲁϥϯ ⲇⲉ ⲛⲁⲩ ⲛⲧⲁⲉⲓⲟⲩ ⲛⲕⲉⲛⲧⲏⲛⲁⲣⲓⲟⲛ ⲛⲛⲟⲩⲃ ⲉⲡⲟⲩⲁ ⲭⲱⲣⲓⲥⲛⲁⲝⲓⲱⲙⲁ ⲛⲧⲙⲛⲧⲥⲧⲣⲁⲧⲏⲗⲁⲧⲏⲥ ⲙⲛⲛⲧⲁⲉⲓⲟ ⲛⲧⲁϥⲧⲁⲁⲩ ⲛⲁⲩ ·,sahidic,UD_Coptic-Scriptorium/dev.conllu#martyrdom_victor-martyrdom_victor_01_s0030 (CC BY 4.0),gold
"And Diocletian said unto them, 'O my fellow [Caesars], I pray you to be persuaded by me, and to worship my gods.",ⲇⲓⲟⲕⲗⲏϯⲁⲛⲟⲥ ⲇⲉ ⲡⲉϫⲁϥ ⲛⲁⲩ · ϫⲉⲱ ⲛⲁϣⲃⲏⲣ ⲡⲉⲓⲑⲉ ⲙⲙⲟⲓ ϩⲱⲧⲧⲏⲩⲧⲛ ⲛⲧⲉⲧⲛⲟⲩⲱϣⲧ ⲛⲛⲁⲛⲟⲩⲧⲉ ·,sahidic,UD_Coptic-Scriptorium/dev.conllu#martyrdom_victor-martyrdom_victor_01_s0031 (CC BY 4.0),gold
Ye yourselves can see this great festival which hath spread abroad everywhere this day.,ⲧⲉⲧⲛⲛⲁⲩ ⲛⲧⲱⲧⲛ ⲉⲛⲉⲓⲛⲟϭ ⲛϣⲁ ⲉⲧⲡⲟⲣϣ ⲉⲃⲟⲗ ⲙⲡⲟⲟⲩ ·,sahidic,UD_Coptic-Scriptorium/dev.conllu#martyrdom_victor-martyrdom_victor_01_s0032 (CC BY 4.0),gold
"I swear by the salvation of my strength, and by the salvation of the seventy gods, and by the strength of the great god Apollo, that I will make the whole world worship my gods,",ϣⲉⲡⲟⲩϫⲁⲓ ⲙⲡⲁⲕⲣⲁⲧⲟⲥ · ⲙⲛⲡⲟⲩϫⲁⲓ ⲙⲡⲉⲥϣϥⲉ ⲛⲛⲟⲩⲧⲉ ⲙⲛⲡⲛⲟϭ ⲛⲛⲟⲩⲧⲉ ⲡⲁⲡⲟⲗⲗⲱⲛ · ϯⲛⲁⲧⲣⲉⲡⲕⲟⲥⲙⲟⲥ ⲟⲩⲱϣⲧ ⲛⲛⲁⲛⲟⲩⲧⲉ ·,sahidic,UD_Coptic-Scriptorium/dev.conllu#martyrdom_victor-martyrdom_victor_01_s0033 (CC BY 4.0),gold
and the festival which is being celebrated this day shall be proclaimed throughout the whole world.,ⲁⲩⲱ ⲛⲥⲉⲧⲁϣⲉⲟⲉⲓϣ ⲙⲡϣⲁ ⲙⲡⲟⲟⲩ ϩⲙⲡⲕⲟⲥⲙⲟⲥ ⲧⲏⲣϥ ·,sahidic,UD_Coptic-Scriptorium/dev.conllu#martyrdom_victor-martyrdom_victor_01_s0034 (CC BY 4.0),gold
"And ye yourselves shall give propitiatory offerings and gifts to the temple of Apollo, besides those which the eparch and the generals shall give.'",ⲁⲩⲱ ⲛⲧⲱⲧⲛ ϩⲱⲧⲧⲏⲩⲧⲛ ⲧⲉⲧⲛⲁϯ ⲛϩⲉⲛⲭⲁⲣⲓⲥⲙⲁ ⲛⲇⲱⲣⲟⲛ ⲉⲡⲣⲡⲉ ⲙⲡⲁⲡⲟⲗⲗⲱⲛ · ⲭⲱⲣⲓⲥⲛⲉⲧⲉⲣⲉⲛⲉⲡⲁⲣⲭⲟⲥ ⲛⲁⲧⲁⲁⲩ ⲙⲛⲛⲉⲥⲧⲣⲁⲧⲏⲗⲁⲧⲏⲥ ·,sahidic,UD_Coptic-Scriptorium/dev.conllu#martyrdom_victor-martyrdom_victor_01_s0035 (CC BY 4.0),gold
"And Romanus gave thirty centenarii of gold, and Basileides gave twenty, and Euaios gave ten, and the Emperor gave sixty ;",ϩⲣⲱⲙⲁⲛⲟⲥ ⲇⲉ ⲁϥϯⲙⲁⲁⲃ ⲛⲕⲉⲛⲧⲏⲛⲁⲣⲓⲟⲛ ⲛⲛⲟⲩⲃ · ⲃⲁⲥⲓⲗⲉⲓⲧⲏⲥ ⲇⲉ ⲁϥϯϫⲟⲩⲱⲧ · ⲉⲩϩⲁⲓⲟⲥ ⲁϥϯⲙⲏⲧ · ⲡⲣⲣⲟ ⲇⲉ ⲁϥϯⲥⲉ ·,sahidic,UD_Coptic-Scriptorium/dev.conllu#martyrdom_victor-martyrdom_victor_01_s0036 (CC BY 4.0),gold
in all they gave as free-will offerings to [the temple of] Apollo one hundred and twenty centenarii of gold.,ϩⲱⲥⲧⲉ · ϣⲉ ϫⲟⲩⲱⲧ ⲛⲕⲉⲛⲧⲏⲛⲁⲣⲓⲟⲛ ⲛⲛⲟⲩⲃ ⲛⲥⲉⲧⲁⲁⲩ ⲛⲭⲁⲣⲓⲥⲙⲁ ⲙⲡⲁⲡⲟⲗⲗⲱⲛ ·,sahidic,UD_Coptic-Scriptorium/dev.conllu#martyrdom_victor-martyrdom_victor_01_s0037 (CC BY 4.0),gold
And the Emperor also gave three precious jewels [to be set] in the crown of Apollo^ and they were of exceedingly great price.,ⲁϥϯϣⲟⲙⲛⲧ ⲛⲱⲛⲉ ⲙⲙⲉ ⲉⲡⲉⲕⲗⲟⲙ ⲙⲡⲁⲡⲟⲗⲗⲱⲛ ⲉⲛⲁϣⲉⲥⲟⲩⲉⲛⲧⲟⲩ ·,sahidic,UD_Coptic-Scriptorium/dev.conllu#martyrdom_victor-martyrdom_victor_01_s0038 (CC BY 4.0),gold
"And the Emperor said unto Romanus, the general o£ the army^",ⲡⲣⲣⲟ ⲇⲉ ⲡⲉϫⲁϥ ⲛϩⲣⲱⲙⲁⲛⲟⲥ ⲡⲉⲥⲧⲣⲁⲧⲏⲗⲁⲧⲏⲥ ·,sahidic,UD_Coptic-Scriptorium/dev.conllu#martyrdom_victor-martyrdom_victor_01_s0039 (CC BY 4.0),gold
'Offer thou up sacrifice to my gods' ;,ϫⲉⲑⲩⲥⲓⲁⲍⲉ ⲛⲛⲁⲛⲟⲩⲧⲉ ·,sahidic,UD_Coptic-Scriptorium/dev.conllu#martyrdom_victor-martyrdom_victor_01_s0040 (CC BY 4.0),gold
"and Romanus went forward and offered up sacrifice together with his two fellow [Caesars],",ⲁϥϯⲡⲉϥⲟⲩⲟⲓ ⲁϥⲑⲩⲥⲓⲁⲍⲉ ⲙⲛⲡⲉϥⲕⲉϣⲃⲏⲣ ⲥⲛⲁⲩ : —,sahidic,UD_Coptic-Scriptorium/dev.conllu#martyrdom_victor-martyrdom_victor_01_s0041 (CC BY 4.0),gold
as did also the other nobles who were attached to the Palace.,ⲁⲩⲱ ⲡⲕⲉⲥⲉⲉⲡⲉ ⲛⲛⲛⲟϭ ⲉⲧϩⲙⲡⲡⲁⲗⲗⲁϯⲟⲛ ·,sahidic,UD_Coptic-Scriptorium/dev.conllu#martyrdom_victor-martyrdom_victor_01_s0042 (CC BY 4.0),gold
"On that day six hundred thousand soldiers and two millions of the people of the country worshipped [Apollo], and all the multitudes of the people were gathered together at the sacrifice of the Emperor.",ϩⲙⲡⲉϩⲟⲟⲩ ⲉⲧⲙⲙⲁⲩ · ⲁⲥⲉ ⲛⲧⲃⲁ ⲙⲙⲁⲧⲟⲓ ⲟⲩⲱϣⲧ ⲙⲛϣⲏⲧ ⲛⲧⲃⲁ ⲙⲡⲁⲅⲁⲛⲱⲥ · ⲉⲣⲉⲙⲙⲏⲏϣⲉ ⲧⲏⲣⲟⲩ ⲥⲟⲟⲩϩ ⲉⲧⲉⲑⲩⲥⲓⲁ ⲙⲡⲣⲣⲟ ·,sahidic,UD_Coptic-Scriptorium/dev.conllu#martyrdom_victor-martyrdom_victor_01_s0043 (CC BY 4.0),gold
"And it came to pass that when the turn of the Protector had come to offer up sacrifice, now his name was Basileides",ⲛⲧⲉⲣⲉⲡⲟⲣⲇⲓⲛⲟⲛ ⲇⲉ ⲛⲟⲩⲡⲣⲟⲧⲉⲕⲧⲱⲣ ⲧⲁϩⲟϥ · ⲉⲡⲉϥⲣⲁⲛ ⲡⲉ ⲃⲁⲥⲓⲗⲉⲓⲧⲏⲥ ·,sahidic,UD_Coptic-Scriptorium/dev.conllu#martyrdom_victor-martyrdom_victor_01_s0044 (CC BY 4.0),gold
he would not worship the gods of the Emperor ;,ⲙⲡⲉϥⲑⲩⲥⲓⲁⲍⲉ ⲛⲛⲛⲟⲩⲧⲉ ⲙⲡⲣⲣⲟ ·,sahidic,UD_Coptic-Scriptorium/dev.conllu#martyrdom_victor-martyrdom_victor_01_s0045 (CC BY 4.0),gold
and Diocletian put him to death together with all his house.,ⲁⲗⲗⲁ ⲁⲇⲓⲟⲕⲗⲏϯⲁⲛⲟⲥ ⲙⲟⲟⲩⲧ ⲙⲙⲟϥ ⲙⲛⲛⲁⲡⲉϥⲏⲓ ⲧⲏⲣⲟⲩ ·,sahidic,UD_Coptic-Scriptorium/dev.conllu#martyrdom_victor-martyrdom_victor_01_s0046 (CC BY 4.0),gold
"And the whole city was greatly shaken by the thronging of the multitude,",ⲧⲡⲟⲗⲓⲥ ⲇⲉ ⲧⲏⲣⲥ ⲁⲥⲛⲟⲉⲓⲛ ϩⲓⲧⲛⲧⲁⲫⲟⲣⲙⲏ ⲙⲡⲙⲏⲏϣⲉ ·,sahidic,UD_Coptic-Scriptorium/dev.conllu#martyrdom_victor-martyrdom_victor_01_s0047 (CC BY 4.0),gold
"and men died, being choked by the fumes of the frankincense^ and by the smell of the incense which the people were offering up upon the altar",ⲁⲩⲱ ⲁⲛⲣⲱⲙⲉ ⲣⲁⲡⲟⲡⲛⲓⲅⲉ ϩⲓⲧⲙⲡⲉⲥⲧⲟⲓ ⲙⲡⲗⲓⲃⲁⲛⲟⲥ · ⲙⲛⲡϣⲟⲩϩⲏⲛⲉ ⲉⲧⲉⲣⲉⲛⲣⲱⲙⲉ ⲧⲁⲗⲟ ⲙⲙⲟϥ ⲉϩⲣⲁⲓ : —,sahidic,UD_Coptic-Scriptorium/dev.conllu#martyrdom_victor-martyrdom_victor_01_s0048 (CC BY 4.0),gold
"And those who died through being^ crushed by the multitudes were five thousand in number, in addi tion to those who died in the temple, who were also five thousand in number, excepting the ones who died in the temple.",ⲛⲉⲛⲧⲁⲩⲙⲟⲩ ⲅⲁⲣ ϩⲙⲡϩⲟϫϩϫ ⲛⲙⲙⲏⲏϣⲉ · ⲉⲩⲛⲁⲣϯⲟⲩ ⲛϣⲟ · ⲭⲱⲣⲓⲥⲛⲉⲛⲧⲁⲩⲙⲟⲩ ϩⲙⲡⲣⲡⲉ · ⲉⲩⲛⲁⲣⲕⲉϥⲧⲟⲟⲩϣⲉ ·,sahidic,UD_Coptic-Scriptorium/dev.conllu#martyrdom_victor-martyrdom_victor_01_s0049 (CC BY 4.0),gold
"And the Emperor Diocletian went about throughout the whole city, saying,",ⲡⲣⲣⲟ ⲇⲉ ⲇⲓⲟⲕⲗⲏϯⲁⲛⲟⲥ ⲁϥϩⲣⲟⲕⲉⲩⲉ ⲛⲧⲡⲟⲗⲓⲥ ⲧⲏⲣⲥ · ⲉϥϫⲱ ⲙⲙⲟⲥ,sahidic,UD_Coptic-Scriptorium/dev.conllu#martyrdom_victor-martyrdom_victor_01_s0050 (CC BY 4.0),gold
"'When ye shall have finished offering up your sacrifices, [ye shall] eat and ye shall drink at the door of [the temple of] Apollo and Artemis,",ϫⲉⲉⲧⲉⲧⲛϣⲁⲛⲟⲩⲱ ⲉⲧⲉⲧⲛⲑⲩⲥⲓⲁⲍⲉ · ⲟⲩⲱⲙ ⲛⲧⲉⲧⲛⲥⲱ ϩⲓⲣⲙⲡⲣⲟ ⲙⲡⲁⲡⲟⲗⲗⲱⲛ ⲙⲛⲧⲁⲣⲧⲉⲙⲓⲥ ·,sahidic,UD_Coptic-Scriptorium/dev.conllu#martyrdom_victor-martyrdom_victor_01_s0051 (CC BY 4.0),gold
"and ye shall glorify them, for it is they who have made the heavens, and the earth, and the sea, and mankind.^",ⲛⲧⲉⲧⲛϯⲉⲟⲟⲩ ⲛⲁⲩ · ϫⲉⲛⲧⲟⲟⲩ ⲛⲉ ⲛⲧⲁⲩⲧⲁⲙⲓⲉⲧⲡⲉ ⲙⲛⲡⲕⲁϩ · ⲙⲛⲧⲑⲁⲗⲁⲥⲥⲁ ⲙⲛⲛⲣⲱⲙⲉ ·,sahidic,UD_Coptic-Scriptorium/dev.conllu#martyrdom_victor-martyrdom_victor_01_s0052 (CC BY 4.0),gold
"And the Emperor went back to the Palace at the time of the morning meal,",ⲡⲣⲣⲟ ⲇⲉ ⲁϥⲁⲛⲁⲭⲱⲣⲉⲓ ⲉⲡⲡⲁⲗⲗⲁϯⲟⲛ ⲙⲡⲛⲁⲩ ⲙⲡⲁⲣⲓⲥⲧⲟⲛ ·,sahidic,UD_Coptic-Scriptorium/dev.conllu#martyrdom_victor-martyrdom_victor_01_s0053 (CC BY 4.0),gold
"and he called Romanus the general and said unto him,",ⲁϥⲙⲟⲩⲧⲉ ⲉϩⲣⲱⲙⲁⲛⲟⲥ ⲡⲉⲥⲧⲣⲁⲧⲏⲗⲁⲧⲏⲥ ⲡⲉϫⲁϥ ⲛⲁϥ ·,sahidic,UD_Coptic-Scriptorium/dev.conllu#martyrdom_victor-martyrdom_victor_01_s0054 (CC BY 4.0),gold
"'Take this edict, and make the rest of the multitude offer up sacrifice before thou dost leave them.'",ϫⲉϫⲓ ⲙⲡⲉⲓⲇⲓⲁⲧⲁⲅⲙⲁ · ⲙⲁⲣⲉⲛⲕⲉⲥⲉⲉⲡⲉ ⲙⲙⲏⲏϣⲉ ⲑⲩⲥⲓⲁⲍⲉ ⲙⲡⲁⲧⲕⲁⲛⲁⲭⲱⲣⲉⲓ ·,sahidic,UD_Coptic-Scriptorium/dev.conllu#martyrdom_victor-martyrdom_victor_01_s0055 (CC BY 4.0),gold
"Then Romanus the general took the edict from the hand of the Emperor,",ϩⲣⲱⲙⲁⲛⲟⲥ ⲇⲉ ⲡⲉⲥⲧⲣⲁⲧⲏⲗⲁⲧⲏⲥ ⲁϥϫⲓ ⲙⲡⲇⲓⲁⲧⲁⲅⲙⲁ ⲛⲧⲟⲟⲧϥ ⲙⲡⲣⲣⲟ ·,sahidic,UD_Coptic-Scriptorium/dev.conllu#martyrdom_victor-martyrdom_victor_01_s0056 (CC BY 4.0),gold
"and he gave orders to the people, saying, 'O Romans, offer ye up sacrifice.'",ⲁϥⲕⲉⲗⲉⲩⲉ ⲛⲙⲙⲏⲏϣⲉ ϫⲉⲑⲩⲥⲓⲁⲍⲉ ⲱ ⲛⲣⲱⲙⲉ ⲛϩⲣⲱⲙⲁⲓⲟⲥ ·,sahidic,UD_Coptic-Scriptorium/dev.conllu#martyrdom_victor-martyrdom_victor_01_s0057 (CC BY 4.0),gold
And it came to pass that when all the people had offered up sacrifice it came to the turn of his son to offer up sacrifice.,ⲁⲥϣⲱⲡⲉ ⲇⲉ ⲛⲧⲉⲣⲟⲩⲑⲩⲥⲓⲁⲍⲉ ⲧⲏⲣⲟⲩ · ⲁⲡⲟⲣⲇⲓⲛⲟⲛ ⲙⲡⲉϥϣⲏⲣⲉ ⲧⲁϩⲟϥ ⲉⲧⲣⲉϥⲑⲩⲥⲓⲁⲍⲉ ·,sahidic,UD_Coptic-Scriptorium/dev.conllu#martyrdom_victor-martyrdom_victor_01_s0058 (CC BY 4.0),gold
"Now he was a young man of nineteen years of age, and he worshipped God, and held His commandments in fear.",ⲟⲩϣⲏⲣⲉ ⲡⲉ ⲉϥϩⲛⲙⲛⲧⲯⲓⲧⲉ ⲛⲣⲟⲙⲡⲉ · ⲉϥϣⲙϣⲉ ⲙⲡⲛⲟⲩⲧⲉ · ⲁⲩⲱ ⲉϥⲣϩⲟⲧⲉ ϩⲏⲧⲟⲩ ⲛⲛⲉϥⲉⲛⲧⲟⲗⲏ ·,sahidic,UD_Coptic-Scriptorium/dev.conllu#martyrdom_victor-martyrdom_victor_01_s0059 (CC BY 4.0),gold
"He was a virgin in body, he ate once only each week, he prayed all night long,",ⲉϥⲟ ⲙⲡⲁⲣⲑⲉⲛⲟⲥ ϩⲙⲡⲉϥⲥⲱⲙⲁ · ⲉϥⲟⲩⲱⲙ ⲛⲟⲩⲥⲟⲡ ⲕⲁⲧⲁⲥⲁⲃⲃⲁⲧⲟⲛ · ⲉϥϣⲗⲏⲗ ϩⲛⲛⲉⲩϣⲟⲟⲩⲉ ·,sahidic,UD_Coptic-Scriptorium/dev.conllu#martyrdom_victor-martyrdom_victor_01_s0060 (CC BY 4.0),gold
and from the day wherein he had heard the Christians crying out to him in the church his heart had departed into heaven.,ϫⲓⲛⲡⲉϩⲟⲟⲩ ⲛⲧⲁϥⲥⲱⲧⲙ ⲉⲛⲉⲭⲣⲓⲥϯⲁⲛⲟⲥ ⲉⲩⲱϣ ⲉⲣⲟϥ ϩⲛⲧⲉⲕⲕⲗⲏⲥⲓⲁ · ⲁⲡⲉϥϩⲏⲧ ⲃⲱⲕ ⲉϩⲣⲁⲓ ⲉⲙⲡⲏⲩⲉ ·,sahidic,UD_Coptic-Scriptorium/dev.conllu#martyrdom_victor-martyrdom_victor_01_s0061 (CC BY 4.0),gold
"He hated the world. He did not drink wine, neither did he eat food cooked with fire.",ⲁϥⲙⲉⲥⲧⲉ ⲡⲕⲟⲥⲙⲟⲥ · ⲛⲉⲙⲉϥⲥⲉⲏⲣⲡ ⲇⲉ · ⲟⲩⲇⲉ ⲙⲉϥⲟⲩⲉⲙϭⲓⲛⲟⲩⲱⲙ ⲉϥϩⲏⲙ ·,sahidic,UD_Coptic-Scriptorium/dev.conllu#martyrdom_victor-martyrdom_victor_01_s0062 (CC BY 4.0),gold
"He did not decorate his person, and he did not adorn himself with rich apparel and fine raiment.",ⲟⲩⲇⲉ ⲧⲟⲃⲧⲃ ⲟⲩⲇⲉ ⲙⲉϥϣⲟⲩϣⲟⲩ ⲙⲙⲟϥ ϩⲛⲟⲩϩⲃⲥⲱ ⲛϩⲟⲉⲓⲧⲉ ⲉⲛⲉϩ ·,sahidic,UD_Coptic-Scriptorium/dev.conllu#martyrdom_victor-martyrdom_victor_01_s0063 (CC BY 4.0),gold
He did not mount the horse which was used in a chariot (i. e. a war-horse).,ⲟⲩⲇⲉ ⲙⲉϥⲁⲗⲉ ⲉϩⲧⲟⲟⲩ ⲇⲉ ϩⲁⲣⲙⲁ ·,sahidic,UD_Coptic-Scriptorium/dev.conllu#martyrdom_victor-martyrdom_victor_01_s0064 (CC BY 4.0),gold
He neither ate food with his father nor did he enter into converse with him in the presence of any one who was greater than himself.,ⲟⲩⲇⲉ ⲙⲉϥⲟⲩⲱⲙ ⲙⲛⲡⲉϥⲉⲓⲱⲧ · ⲟⲩⲇⲉ ⲙⲉϥϣⲁϫⲉ ⲛⲙⲙⲁϥ · ϩⲓⲧϩⲏ ⲛⲛⲟϭ ⲉⲣⲟϥ ·,sahidic,UD_Coptic-Scriptorium/dev.conllu#martyrdom_victor-martyrdom_victor_01_s0065 (CC BY 4.0),gold
"He never gave utterance to an obscene (or, scurrilous) word,",ⲏ ⲛϥϫⲱ ⲛⲟⲩϣⲁϫⲉ ⲛϣⲗⲟϥ ·,sahidic,UD_Coptic-Scriptorium/dev.conllu#martyrdom_victor-martyrdom_victor_01_s0066 (CC BY 4.0),gold
"and never, under any circumstances, did he swear an oath by anything or by anybody.",ⲟⲩⲇⲉ ⲙⲉϥⲱⲣⲕ ⲗⲁⲁⲩ ⲛⲁⲛⲁϣ ⲉⲡⲧⲏⲣϥ ·,sahidic,UD_Coptic-Scriptorium/dev.conllu#martyrdom_victor-martyrdom_victor_01_s0067 (CC BY 4.0),gold
"And whenever he heard concerning any one who was in distress, if that person w^ere a Christian, ^ he used to minister unto him,",ⲁⲩⲱ ⲉϥϣⲁⲛⲥⲱⲧⲙ ⲉⲧⲃⲉⲟⲩⲁ ⲉϥⲟⲧⲡ ⲉϩⲟⲩⲛ · ⲉϣⲱⲡⲉ ⲟⲩⲭⲣⲓⲥϯⲁⲛⲟⲥ ⲡⲉ ϣⲁϥⲇⲓⲁⲕⲟⲛⲉⲓ ⲉⲣⲟϥ ·,sahidic,UD_Coptic-Scriptorium/dev.conllu#martyrdom_victor-martyrdom_victor_01_s0068 (CC BY 4.0),gold
"and give unto him of whatsoever he had need, without informing his father and mother of the same.",ⲁⲩⲱ ϣⲁϥϯⲧⲉϥⲭⲣⲉⲓⲁ ⲛⲁϥ · ⲭⲱⲣⲓⲥⲧⲁⲙⲉⲡⲉϥⲉⲓⲱⲧ ⲙⲛⲧⲉϥⲙⲁⲁⲩ : —,sahidic,UD_Coptic-Scriptorium/dev.conllu#martyrdom_victor-martyrdom_victor_01_s0069 (CC BY 4.0),gold
And this was in addition to the things that he used to give to his slaves daily.,ⲁⲩⲱ ⲟⲛ ⲭⲱⲣⲓⲥⲛⲉⲧϥϯ ⲙⲙⲟⲟⲩ ⲛⲛⲉϥϩⲙϩⲁⲗ ⲙⲙⲏⲏⲛⲉ ·,sahidic,UD_Coptic-Scriptorium/dev.conllu#martyrdom_victor-martyrdom_victor_01_s0070 (CC BY 4.0),gold
"He was wont to rise each morning at break of day, and to come forth to the door of his house,",ϣⲁϥϣⲟⲣⲡϥ ⲉϩⲧⲟⲟⲩⲉ ⲙⲙⲏⲏⲛⲉ · ⲛϥⲉⲓ ⲉⲃⲟⲗ ⲉϫⲙⲡⲣⲟ ⲙⲡⲉϥⲏⲓ ·,sahidic,UD_Coptic-Scriptorium/dev.conllu#martyrdom_victor-martyrdom_victor_01_s0071 (CC BY 4.0),gold
"and if he saw any one naked he would strip himself of the garment which he had on him, and give it to him.",ⲉϥϣⲁⲛⲛⲁⲩ ⲉⲟⲩⲁ ⲉϥⲕⲏⲕⲁϩⲏⲩ · ϣⲁϥⲕⲁⲁϥ ⲕⲁϩⲏⲩ ⲛⲧⲉϥϣⲧⲏⲛ ⲛϥⲧⲁⲁⲥ ⲛⲁϥ ·,sahidic,UD_Coptic-Scriptorium/dev.conllu#martyrdom_victor-martyrdom_victor_01_s0072 (CC BY 4.0),gold
"And he performed all the commandments which were written,",ⲁⲩⲱ ⲛⲉϥⲉⲓⲣⲉ ⲛⲛⲉⲛⲧⲟⲗⲏ ⲧⲏⲣⲟⲩ ⲉⲧⲥⲏϩ ·,sahidic,UD_Coptic-Scriptorium/dev.conllu#martyrdom_victor-martyrdom_victor_01_s0073 (CC BY 4.0),gold
and he fulfilled all the instructions in the Gospel of our Lord Jesus the Christ.,ⲁⲩⲱ ⲛⲉϥϫⲱⲕ ⲉⲃⲟⲗ ⲙⲡϣⲁϫⲉ ⲛⲛⲉⲩⲁⲅⲅⲉⲗⲓⲟⲛ ⲙⲡⲉⲛϫⲟⲉⲓⲥ ⲓⲏⲥⲟⲩⲥ ⲡⲉⲭⲣⲓⲥⲧⲟⲥ ·,sahidic,UD_Coptic-Scriptorium/dev.conllu#martyrdom_victor-martyrdom_victor_01_s0074 (CC BY 4.0),gold
"And his father wearied him exceedingly, saying, 'I shall take the daughter of Basileides the general for thee to wife,'",ⲡⲉϥⲉⲓⲱⲧ ⲇⲉ ⲁϥϩⲓⲥⲉ ⲛⲙⲙⲁϥ · ϫⲉⲉⲓⲛⲁϫⲓ ⲛⲁⲕ ⲛⲧϣⲉⲉⲣⲉ ⲛⲃⲁⲥⲓⲗⲉⲓⲧⲏⲥ ⲡⲉⲥⲧⲣⲁⲧⲏⲗⲁⲧⲏⲥ ·,sahidic,UD_Coptic-Scriptorium/dev.conllu#martyrdom_victor-martyrdom_victor_01_s0075 (CC BY 4.0),gold
"for his father and Basileides had made an agreement in respect of her for two hundred centenarii of gold, besides gifts, and four hundred centenarii of silver,",ⲛⲉⲁⲩⲥⲙⲛⲧⲥ ⲅⲁⲣ ⲙⲛⲛⲉⲩⲉⲣⲏⲩ · ⲉϣⲏⲧ ⲛⲕⲉⲛⲧⲏⲛⲁⲣⲓⲟⲛ ⲛⲛⲟⲩⲃ · ⲭⲱⲣⲓⲥⲛⲧⲁⲉⲓⲟ · ⲁⲩⲱ ϥⲧⲟⲟⲩϣⲉ ⲛⲕⲉⲛⲧⲏⲛⲁⲣⲓⲟⲛ ⲛϩⲁⲧ ·,sahidic,UD_Coptic-Scriptorium/dev.conllu#martyrdom_victor-martyrdom_victor_01_s0076 (CC BY 4.0),gold
"and ten menservants, and ten hundred maidservants wearing golden bracelets, and four hundred horses, and ten hundred mules, and ten hundred camels, and ten hundred farms which were under tillage,",ⲙⲛⲙⲏⲧ ⲛϩⲙϩⲁⲗ ⲛϩⲟⲟⲩⲧ · ⲙⲛⲙⲏⲧ ⲛϣⲉ ⲛϩⲙϩⲁⲗ ⲛⲥϩⲓⲙⲉ · ⲉⲩϫⲓ ⲙⲁⲛⲓⲁⲕⲏⲥ ⲛⲛⲟⲩⲃ · ⲙⲛϥⲧⲟⲟⲩ ⲛϣⲉ ⲛϩⲧⲟ · ⲁⲩⲱ ⲙⲏⲧ ⲛϣⲉ ⲙⲙⲁⲥⲡⲟⲣⲕ · ⲙⲛⲙⲏⲧ ⲛϣⲉ ⲛϭⲁⲙⲟⲩⲗ · ⲙⲛⲙⲏⲧ ⲛϣⲉ ⲛⲥⲧⲉⲓⲱϩⲉ ⲛϭⲱⲙ ·,sahidic,UD_Coptic-Scriptorium/dev.conllu#martyrdom_victor-martyrdom_victor_01_s0077 (CC BY 4.0),gold
"and ten hundred ships which sailed the sea, and ten houses (palaces ?) to [each] one of which were attached ten farms under tillage,",ⲙⲛⲙⲏⲧ ⲛϣⲉ ⲛϭⲓⲛⲟⲩⲃⲁⲗ ⲉⲩⲡⲗⲉⲁ ϩⲛⲧⲑⲁⲗⲁⲥⲥⲁ · ⲙⲛⲙⲏⲧ ⲛⲏⲓ ⲉⲣⲉⲙⲏⲧ ⲛⲥⲧⲉⲓⲱϩⲉ ⲉⲛⲟⲩⲁ ⲛϩⲏⲧⲟⲩ ·,sahidic,UD_Coptic-Scriptorium/dev.conllu#martyrdom_victor-martyrdom_victor_01_s0078 (CC BY 4.0),gold
"besides the things which his father was to give to him, and a very large number of men who were to do the work on [his] land.",ⲭⲱⲣⲓⲥⲛⲉⲧⲉⲣⲉⲡⲉϥⲉⲓⲱⲧ ⲛⲁⲧⲁⲁⲩ ⲛⲁϥ · ϩⲉⲛⲛⲟϭ ⲛϩⲩⲡⲉⲣⲉⲥⲓⲁ ⲛⲉⲩϣⲟⲟⲡ ⲛⲁϥ ϩⲓϫⲙⲡⲕⲁϩ ·,sahidic,UD_Coptic-Scriptorium/dev.conllu#martyrdom_victor-martyrdom_victor_01_s0079 (CC BY 4.0),gold
"And the blessed Apa Victor would not be persuaded by his father and Basileides, and he said unto them,",ⲡⲙⲁⲕⲁⲣⲓⲟⲥ ⲇⲉ ⲁⲡⲁ ⲃⲓⲕⲧⲱⲣ · ⲙⲡⲉϥⲡⲉⲓⲑⲉ ⲛⲁⲩ · ⲉϥϫⲱ ⲙⲙⲟⲥ,sahidic,UD_Coptic-Scriptorium/dev.conllu#martyrdom_victor-martyrdom_victor_01_s0080 (CC BY 4.0),gold
' All these things shall perish ' ;,ϫⲉⲛⲁⲓ ⲧⲏⲣⲟⲩ ⲥⲉⲛⲁⲧⲁⲕⲟ : —,sahidic,UD_Coptic-Scriptorium/dev.conllu#martyrdom_victor-martyrdom_victor_01_s0081 (CC BY 4.0),gold
and he kept himself for the kingdom that is in the heavens.,ⲉϥϩⲁⲣⲉϩ ⲛⲁϥ ⲉⲧⲙⲛⲧⲣⲣⲟ ⲛⲙⲡⲏⲩⲉ ·,sahidic,UD_Coptic-Scriptorium/dev.conllu#martyrdom_victor-martyrdom_victor_01_s0082 (CC BY 4.0),gold
"And the Lord Jesus was wont to appear to him, face to face, and He loved him because of his purity.",ⲛⲉϣⲁⲣⲉⲡϫⲟⲉⲓⲥ ⲓⲏⲥⲟⲩⲥ ⲟⲩⲱⲛϩ ⲉⲣⲟϥ ⲛϩⲟ ϩⲓϩⲟ · ⲉϥⲙⲉ ⲙⲙⲟϥ ⲉⲧⲃⲉⲡⲉϥⲧⲃⲃⲟ ·,sahidic,UD_Coptic-Scriptorium/dev.conllu#martyrdom_victor-martyrdom_victor_01_s0083 (CC BY 4.0),gold
"And the noble Victor made for himself a small chamber in his house, I and there he would retire to be free from the company of his parents.",ⲡⲅⲉⲛⲛⲁⲓⲟⲥ ⲇⲉ ⲁⲡⲁ ⲃⲓⲕⲧⲱⲣ · ⲁϥⲕⲱ ⲛⲁϥ ⲛⲟⲩⲉⲝⲉⲇⲣⲁ ⲛϩⲟⲩⲛ ⲙⲡⲉϥⲏⲓ : — ⲉϥⲁⲛⲁⲭⲱⲣⲉⲓ ⲛϩⲏⲧⲥ ⲁϫⲛⲛⲉϥⲉⲓⲟⲧⲉ ·,sahidic,UD_Coptic-Scriptorium/dev.conllu#martyrdom_victor-martyrdom_victor_01_s0084 (CC BY 4.0),gold
He had not slept upon a couch since he was fifteen years of age.,ⲙⲡϥⲛⲕⲟⲧⲕ ⲅⲁⲣ ⲉϭⲗⲟϭ ϫⲓⲛⲉϥϩⲛⲙⲛⲧⲏ ⲛⲣⲟⲙⲡⲉ ·,sahidic,UD_Coptic-Scriptorium/dev.conllu#martyrdom_victor-martyrdom_victor_01_s0085 (CC BY 4.0),gold
"He prayed by day and by night, and he fasted from one sabbath to another.",ⲁⲗⲗⲁ ⲛⲉϥϣⲗⲏⲗ ⲙⲡⲉϩⲟⲟⲩ ⲙⲛⲧⲉⲩϣⲏ · ⲁⲩⲱ ⲛⲉϥⲛⲏⲥⲧⲉⲩⲉ ϫⲓⲛⲡⲥⲁⲃⲃⲁⲧⲟⲛ ϣⲁⲡⲥⲁⲃⲃⲁⲧⲟⲛ ·,sahidic,UD_Coptic-Scriptorium/dev.conllu#martyrdom_victor-martyrdom_victor_01_s0086 (CC BY 4.0),gold
He attended the assemblies for the Holy Communion.,ⲉϥⲉⲓⲣⲉ ⲛⲛⲉϥⲥⲩⲛⲁⲝⲓⲥ ·,sahidic,UD_Coptic-Scriptorium/dev.conllu#martyrdom_victor-martyrdom_victor_01_s0087 (CC BY 4.0),gold
"He prayed three hundred and sixty-five prayers during the day, and seven hundred and thirty prayers during the night.",ϣⲁϥⲣϣⲙⲛⲧϣⲉⲥⲉⲧⲏ ⲛⲥⲟⲡ ⲛϣⲗⲏⲗ ⲙⲡⲉϩⲟⲟⲩ · ⲁⲩⲱ ⲥⲁϣϥ ⲛϣⲉ ⲙⲁⲁⲃ ⲛⲧⲉⲩϣⲏ ·,sahidic,UD_Coptic-Scriptorium/dev.conllu#martyrdom_victor-martyrdom_victor_01_s0088 (CC BY 4.0),gold
(section of a text other than Abraham Our Father continues here) ... lie.,ϭⲟⲗ ·,sahidic,UD_Coptic-Scriptorium/test.conllu#shenoute_abraham-XL93-94_s0001 (CC BY 4.0),gold
Those who have inherited the kingdom of God forever.,ⲛⲉⲛⲧⲁⲩⲕⲗⲏⲣⲟⲛⲟⲙⲉⲓ ⲉⲛⲉϩ ⲛⲧⲙⲛⲧⲣⲣⲟ ⲙⲡⲛⲟⲩⲧⲉ ·,sahidic,UD_Coptic-Scriptorium/test.conllu#shenoute_abraham-XL93-94_s0002 (CC BY 4.0),gold
"But especially that 'the weak unclean ones', and the ones who sleep with males and anyone who defiles themselves in any form, whether male or female, down in every community which exists according to our life.",ⲙⲁⲗⲓⲥⲧⲁ ⲇⲉ ϫⲉϩⲉⲛⲁⲕⲁⲑⲁⲣⲧⲟⲥ ⲙⲙⲁⲗⲁⲕⲟⲥ · ⲙⲛⲛⲣⲉϥⲛⲕⲟⲧⲕ ⲙⲛⲛϩⲟⲟⲩⲧ · ⲙⲛⲟⲩⲟⲛ ⲛⲓⲙ ⲉⲧⲛⲁϫⲁϩⲙⲟⲩ ⲕⲁⲧⲁⲗⲁⲁⲩ ⲛⲥⲙⲟⲧ · ⲉⲓⲧⲉ ϩⲟⲟⲩⲧ · ⲉⲓⲧⲉ ⲥϩⲓⲙⲉ ϩⲣⲁⲓ ϩⲛⲉⲩⲥⲩⲛⲁⲅⲱⲅⲏ ⲛⲓⲙ ⲉⲧϣⲟⲟⲡ ⲕⲁⲧⲁⲡⲉⲛⲃⲓⲟⲥ,sahidic,UD_Coptic-Scriptorium/test.conllu#shenoute_abraham-XL93-94_s0003 (CC BY 4.0),gold
This and anyone who makes a ruse of any mother(?) in the presence of God in secret or in the open.,ⲡⲁⲓ · ⲙⲛⲟⲩⲟⲛ ⲛⲓⲙ ⲉⲧⲉⲓⲣⲉ ⲛϩⲉⲛⲕⲣⲟϥ · ⲙⲙⲁⲁⲩ ⲛⲓⲙ ⲙⲡⲉⲙⲧⲟ ⲉⲃⲟⲗ ⲙⲡⲛⲟⲩⲧⲉ ϩⲛⲟⲩϩⲱⲡ · ⲏ ϩⲛⲟⲩⲟⲩⲱⲛϩ ⲉⲃⲟⲗ :,sahidic,UD_Coptic-Scriptorium/test.conllu#shenoute_abraham-XL93-94_s0004 (CC BY 4.0),gold
If you do not see yourselves then what you become is Satan's burning furnace of fire.,ⲉϣⲱⲡⲉ ⲉⲧⲉⲧⲛϣⲁⲛⲧⲙⲛⲁⲩ ⲉⲣⲱⲧⲛ ⲙⲙⲓⲛⲙⲙⲱⲧⲛ ⲉⲧⲉⲧⲛⲟ ⲛⲧϩⲉ ⲙⲡⲥⲁⲧⲁⲛⲁⲥ ϩⲣⲁⲓ ϩⲛⲧⲉϩⲣⲱ ⲛⲕⲱϩⲧ ⲉⲧⲙⲟⲩϩ ·,sahidic,UD_Coptic-Scriptorium/test.conllu#shenoute_abraham-XL93-94_s0005 (CC BY 4.0),gold
You are punished together down in hell.,ⲉⲩⲕⲟⲗⲁⲍⲉ ⲙⲙⲱⲧⲛ ϩⲓⲟⲩⲥⲟⲡ ϩⲣⲁⲓ ϩⲛⲁⲙⲛⲧⲉ ·,sahidic,UD_Coptic-Scriptorium/test.conllu#shenoute_abraham-XL93-94_s0006 (CC BY 4.0),gold
Then all of your deeds and all of your plans are real.,ⲉⲓⲉ ⲛⲉⲧⲛϩⲃⲏⲩⲉ ⲧⲏⲣ ⲟⲩ ⲁⲩⲱ ⲛⲉⲧⲛϣⲟϫⲛⲉ ⲧⲏⲣⲟⲩ ϩⲉⲛⲙⲉ ⲛⲉ ·,sahidic,UD_Coptic-Scriptorium/test.conllu#shenoute_abraham-XL93-94_s0007 (CC BY 4.0),gold
The words of the one who says these thing are lies.,ⲛϣⲁϫⲉ ⲙⲡⲁⲓ ⲉⲧϫⲱ ⲛⲛⲁⲓ ϩⲉⲛϭⲟⲗ ⲛⲉ :,sahidic,UD_Coptic-Scriptorium/test.conllu#shenoute_abraham-XL93-94_s0008 (CC BY 4.0),gold
Of the same:,ⲧⲟⲩ ⲁⲩⲧⲟⲩ :,sahidic,UD_Coptic-Scriptorium/test.conllu#shenoute_abraham-XL93-94_s0009 (CC BY 4.0),gold
"For this reason, let us not give up to not support each other that God may not be mad at us that we have indeed not yet continued to support each other like the Lord and his Christ and His angels that are holy, which support us since the beginning of creation and up until the day of days and also forever.",ⲉⲧⲃⲉⲡⲁⲓ ⲙⲡⲣⲧⲣⲉⲛⲁⲡⲟⲧⲁⲥⲥⲉ ⲉⲧⲙϥⲓ ϩⲁⲛⲉⲛⲉⲣⲏⲩ ϫⲉⲛⲛⲉⲡⲛⲟⲩⲧⲉ ϭⲱⲛⲧ ⲉⲣⲟⲛ ϫⲉⲙⲡⲁⲧⲛⲱⲥⲕ ⲅⲁⲣ ⲉⲛϥⲓ ϩⲁⲛⲉⲛⲉⲣⲏⲩ ⲛⲧϩⲉ ⲙⲡϫⲟⲉⲓⲥ ⲁⲩⲱ ⲡⲉϥⲭⲣⲓⲥⲧⲟⲥ ⲙⲛⲛⲉϥⲁⲅⲅⲉⲗⲟⲥ ⲉⲧⲟⲩⲁⲁⲃ ⲉⲧϥⲓ ϩⲁⲣⲟⲛ ϫⲓⲛⲧⲁⲣⲭⲏ ⲙⲡⲥⲱⲛⲧ ϣⲁϩⲣⲁⲓ ⲉⲡϩⲟⲟⲩ ⲛϩⲟⲟⲩ ⲁⲩⲱ ⲟⲛ ϣⲁⲉⲛⲉϩ ·,sahidic,UD_Coptic-Scriptorium/test.conllu#shenoute_abraham-XL93-94_s0010 (CC BY 4.0),gold
"But let us serve each other like Jesus, the one who took the form of a servant for us.",ⲁⲗⲗⲁ ⲙⲁⲣⲛⲣϩⲙϩⲁⲗ ⲛⲛⲉⲛⲉⲣⲏⲩ ⲛⲧϩⲉ ⲛⲓⲏⲥⲟⲩⲥ · ⲡⲁⲓ ⲛⲧⲁϥϫⲓ ⲛⲟⲩⲙⲟⲣⲫⲏ ⲛϩⲙϩⲁⲗ ⲉⲧⲃⲏⲏⲧⲛ ·,sahidic,UD_Coptic-Scriptorium/test.conllu#shenoute_abraham-XL93-94_s0011 (CC BY 4.0),gold
"And like Paul, the servant of Jesus.",ⲁⲩⲱ ⲛⲧϩⲉ ⲙⲡⲁⲩⲗⲟⲥ ⲡϩⲙϩⲁⲗ ⲛⲓⲏⲥⲟⲩⲥ ·,sahidic,UD_Coptic-Scriptorium/test.conllu#shenoute_abraham-XL93-94_s0012 (CC BY 4.0),gold
"And like all of the apostles and all of the prophets, the ones who became servants of the Lord, his Christ Jesus.",ⲁⲩⲱ ⲛⲧϩⲉ ⲛⲛⲁⲡⲟⲥⲧⲟⲗⲟⲥ ⲧⲏⲣⲟⲩ ⲙⲛⲛⲉⲡⲣⲟⲫⲏⲧⲏⲥ ⲧⲏⲣⲟⲩ · ⲛⲁⲓ ⲛⲧⲁⲩϣⲱⲡⲉ ⲛϩⲙϩⲁⲗ ⲙⲡϫⲟⲉⲓⲥ ⲡⲉϥⲭⲣⲓⲥⲧⲟⲥ ⲓⲏⲥⲟⲩⲥ,sahidic,UD_Coptic-Scriptorium/test.conllu#shenoute_abraham-XL93-94_s0013 (CC BY 4.0),gold
"Those according to the scripture saying 'I have sent my servants the prophets to the evil-doer early in the morning and I have sent them, and you did not listen'",ⲛⲕⲁⲧⲁⲛⲉⲅⲣⲁⲫⲏ ϫⲉⲁⲓⲧⲛⲛⲟⲟⲩ ϣⲁⲣⲱⲧⲛ ⲛⲛⲁϩⲙϩⲁⲗ ⲛⲉⲡⲣⲟⲫⲏⲧⲏⲥ ⲙⲡϫⲡⲉϩⲟⲟⲩ ⲙⲡⲛⲁⲩ ⲛϣⲱⲣⲡ ⲁⲩⲱ ⲁⲓⲧⲛⲛⲟⲟⲩⲟⲟⲩ · ⲁⲩⲱ ⲙⲡⲉⲧⲛⲥⲱⲧⲙ :,sahidic,UD_Coptic-Scriptorium/test.conllu#shenoute_abraham-XL93-94_s0014 (CC BY 4.0),gold
"The prophets and the apostles served the Lord and his Christ in a (?) to make them join two to suffer with others, and they died in the name of Jesus.",ⲛⲧⲁⲛⲉⲡⲣⲟⲫⲏⲧⲏⲥ ⲙⲛⲛⲁⲡⲟⲥⲧⲟⲗⲟⲥ ⲣϩⲙϩⲁⲗ ⲙⲡϫⲟⲉⲓⲥ ⲏ ⲡⲉϥⲭⲣⲓⲥⲧⲟⲥ ϩⲛⲟⲩⲭⲉⲓⲙⲏⲧⲓ ⲉⲧⲣⲉⲩϩⲟⲧⲡ ⲥⲛⲁⲩ ⲉϣⲡϩⲓⲥⲉ ⲙⲛϩⲉⲛⲕⲟⲟⲩⲉ · ⲁⲩⲱ ⲛⲥⲉⲙⲟⲩ ϩⲁⲡⲣⲁⲛ ⲛⲓⲏⲥⲟⲩⲥ :,sahidic,UD_Coptic-Scriptorium/test.conllu#shenoute_abraham-XL93-94_s0015 (CC BY 4.0),gold
"Because of this, after the Lord Jesus already knew that our fathers the apostles will do everything that he ordained, as he goes down through them to the heavens according to the scripture.",ⲉⲧⲃⲉⲡⲁⲓ ⲛⲧⲉⲣⲉϥϣⲣⲡⲉⲓⲙⲉ ⲛϭⲓⲡϫⲟⲉⲓⲥ ⲓⲏⲥⲟⲩⲥ ϫⲉⲛⲉⲛⲉⲓⲟⲧⲉ ⲛⲁⲡⲟⲥⲧⲟⲗⲟⲥ ⲛⲁⲉⲓⲣⲉ ⲛϩⲱⲃ ⲛⲓⲙ ⲉⲛⲧⲁϥⲟⲩⲉϩⲥⲁϩⲛⲉ ⲙⲙⲟⲟⲩ ⲉϥⲛⲁⲃⲱⲕ ⲉⲃⲟⲗ ϩⲓⲧⲟⲟⲧⲟⲩ ⲉϩⲣⲁⲓ ⲉⲙⲡⲏⲩⲉ ⲕⲁⲧⲁⲛⲉⲅⲣⲁⲫⲏ ·,sahidic,UD_Coptic-Scriptorium/test.conllu#shenoute_abraham-XL93-94_s0016 (CC BY 4.0),gold
"And also in the way that what he commanded them was completed from the beginning while he was with them, that is the Lord of glory, Jesus.",ⲁⲩⲱ ⲛⲧϩⲉ ⲟⲛ ⲛⲧⲁⲩϫⲱⲕ ⲉⲃⲟⲗ ⲛⲛⲉⲛⲧⲁϥⲟⲩⲉϩⲥⲁϩⲛⲉ ⲙⲙⲟⲟⲩ ⲛⲁⲩ ϫⲓⲛⲛϣⲟⲣⲡ ⲉϥϣⲟⲟⲡ ⲛⲙⲙⲁⲩ ⲛϭⲓⲡϫⲟⲉⲓⲥ ⲙⲡⲉⲟⲟⲩ ⲓⲏⲥⲟⲩⲥ :,sahidic,UD_Coptic-Scriptorium/test.conllu#shenoute_abraham-XL93-94_s0017 (CC BY 4.0),gold
"For this reason he told them: 'I will not call you my servants, for a servant does not know what his master does",ⲉⲧⲃⲉⲡⲁⲓ ⲡⲉϫⲁϥ ⲛⲁⲩ ϫⲉⲛϯⲛⲁⲙⲟⲩⲧⲉ ϭⲉ ⲁⲛ ⲉⲣⲱⲧⲛ ϫⲉⲛⲁϩⲙϩⲁⲗ ϫⲉⲙⲡϩⲙϩⲁⲗ ⲥⲟⲟⲩⲛ ⲁⲛ ϫⲉⲟⲩ ⲡⲉⲧⲉⲣⲉⲡⲉϥϫⲟⲉⲓⲥ ⲉⲓⲣⲉ ⲙⲙⲟϥ ·,sahidic,UD_Coptic-Scriptorium/test.conllu#shenoute_abraham-XL93-94_s0018 (CC BY 4.0),gold
"But I will call you my brothers and my friends, because all of those that I heard of my father I have made you known to them.",ⲁⲗⲗⲁ ⲉⲓⲛⲁⲙⲟⲩⲧⲉ ⲉⲣⲱⲧⲛ ϫⲉⲛⲁⲥⲛⲏⲩ ⲁⲩⲱ ⲛⲁϣⲃⲉⲉⲣ · ϫⲉⲛⲉⲛⲧⲁⲓⲥⲟⲧⲙⲟⲩ ⲧⲏⲣⲟⲩ ⲛⲧⲉⲡⲁⲉⲓⲱⲧ ⲁⲓⲧⲁⲙⲱⲧⲛ ⲉⲣⲟⲟⲩ ·,sahidic,UD_Coptic-Scriptorium/test.conllu#shenoute_abraham-XL93-94_s0019 (CC BY 4.0),gold
"'Not you', he said, 'have chosen me'.",ⲛⲧⲱⲧⲛ ⲁⲛ ⲡⲉϫⲁϥ ⲁⲧⲉⲧⲛⲥⲟⲧⲡⲧ ·,sahidic,UD_Coptic-Scriptorium/test.conllu#shenoute_abraham-XL93-94_s0020 (CC BY 4.0),gold
But I have chosen you.,ⲁⲗⲗⲁ ⲁⲛⲟⲕ ⲁⲓⲥⲉⲧⲡⲧⲏⲩⲧⲛ ·,sahidic,UD_Coptic-Scriptorium/test.conllu#shenoute_abraham-XL93-94_s0021 (CC BY 4.0),gold
And I send you like sheep among wolves,ⲁⲩⲱ ϯϫⲟⲟⲩ ⲙⲙⲱⲧⲛ ⲛⲧϩⲉ ⲛϩⲉⲛⲉⲥⲟⲟⲩ ⲛⲧⲙⲏⲧⲉ ⲛϩⲉⲛⲟⲩⲱⲛϣ :,sahidic,UD_Coptic-Scriptorium/test.conllu#shenoute_abraham-XL93-94_s0022 (CC BY 4.0),gold
Do not be afraid inside of those who will kill your body.,ⲙⲡⲣⲣϩⲟⲧⲉ ϩⲏⲧⲟⲩ ⲛⲛⲉⲧⲛⲁⲙⲟⲩⲟⲩⲧ ⲙⲡⲉⲧⲛⲥⲱⲙⲁ ·,sahidic,UD_Coptic-Scriptorium/test.conllu#shenoute_abraham-XL93-94_s0023 (CC BY 4.0),gold
If they have persecuted me they will persecute you.,ⲉϣϫⲉ ⲁⲩⲡⲱⲧ ⲛⲥⲱⲓ ⲥⲉⲛⲁⲡⲱⲧ ⲛⲥⲁⲧⲏⲩⲧⲛ ·,sahidic,UD_Coptic-Scriptorium/test.conllu#shenoute_abraham-XL93-94_s0024 (CC BY 4.0),gold
If they have kept my word they will also keep yours.,ⲉϣϫⲉ ⲁⲩϩⲁⲣⲉϩ ⲉⲡⲁϣⲁϫⲉ ⲥⲉⲛⲁϩⲁⲣⲉϩ ⲟⲛ ⲉⲡⲱⲧⲛ :,sahidic,UD_Coptic-Scriptorium/test.conllu#shenoute_abraham-XL93-94_s0025 (CC BY 4.0),gold
If they called ...,ⲉϣϫⲉ ⲁⲩⲙⲟⲩⲧⲉ ⲉ,sahidic,UD_Coptic-Scriptorium/test.conllu#shenoute_abraham-XL93-94_s0026 (CC BY 4.0),gold
Letter of Shenoute,⳾ ⲥⲉⲛⲟⲩⲑⲓⲟⲩ ⲉⲡⲓⲥⲧⲟⲗⲏ : ⳾,sahidic,UD_Coptic-Scriptorium/test.conllu#shenoute_abraham-YA518-520_s0001 (CC BY 4.0),gold
Abraham our father wished to have children with Sarah.,ⲁⲃⲣⲁϩⲁⲙ ⲡⲉⲛⲉⲓⲱⲧ ⲛⲉϥⲟⲩⲱϣ ⲡⲉ ⲉⲧⲣⲉϩⲉⲛϣⲏⲣⲉϣⲱⲡⲉ ⲛⲁϥ ⲉⲃⲟⲗ ϩⲛⲥⲁⲣⲣⲁ ·,sahidic,UD_Coptic-Scriptorium/test.conllu#shenoute_abraham-YA518-520_s0002 (CC BY 4.0),gold
And Sarah wished to have children with Abraham.,ⲁⲩⲱ ⲥⲁⲣⲣⲁ ⲛⲉⲥⲟⲩⲱϣ ⲡⲉ · ⲉⲧⲣⲉϩⲉⲛϣⲏⲣⲉ ϣⲱⲡⲉ ⲛⲁⲥ ⲉⲃⲟⲗ ϩⲛⲁⲃⲣⲁϩⲁⲙ ·,sahidic,UD_Coptic-Scriptorium/test.conllu#shenoute_abraham-YA518-520_s0003 (CC BY 4.0),gold
"And thus the Lord God gave a child to Abraham in his old age,",ⲁⲩⲱ ⲧⲁⲓ ⲧⲉ ⲧϩⲉ ⲛⲧⲁⲡϫⲟⲉⲓⲥ ⲡⲛⲟⲩⲧⲉ ϯ ⲛⲟⲩϣⲏⲣⲉ ⲛⲁⲃⲣⲁϩⲁⲙ ϩⲛⲧⲉϥⲙⲛⲧϩⲗⲗⲟ ·,sahidic,UD_Coptic-Scriptorium/test.conllu#shenoute_abraham-YA518-520_s0004 (CC BY 4.0),gold
begetting Isaac with Sarah in her old age.,ⲉⲁϥϫⲡⲟ ⲛⲓⲥⲁⲁⲕ ⲉⲃⲟⲗ ϩⲛⲥⲁⲣⲣⲁ ϩⲛⲧⲉⲥⲙⲛⲧϩⲗⲗⲱ ·,sahidic,UD_Coptic-Scriptorium/test.conllu#shenoute_abraham-YA518-520_s0005 (CC BY 4.0),gold
"They had him, their child beloved like a myriad of children, being one . . .",ⲁϥϣⲱⲡⲉ ⲛⲁⲩ ⲛⲟⲩϣⲏⲣⲉ ⲙⲙⲉⲣⲓⲧ ⲛⲧϩⲉ ⲛⲟⲩⲧⲃⲁ ⲛϣⲏⲣⲉ ⲉⲟⲩⲁ ⲡⲉ ·,sahidic,UD_Coptic-Scriptorium/test.conllu#shenoute_abraham-YA518-520_s0006 (CC BY 4.0),gold
Neither . . . is . . . after his . .,ⲉⲃ[........]ⲟⲩⲇ[.......]ⲡⲉ · ⲉ[.....]ⲛⲥⲁⲡⲉϥ[.....],sahidic,UD_Coptic-Scriptorium/test.conllu#shenoute_abraham-YA518-520_s0007 (CC BY 4.0),gold
which came from his part.,ⲛⲧⲁϥⲉⲓ ⲉⲃⲟⲗ ϩⲛⲛⲉϥⲙⲉⲣⲟⲥ ·,sahidic,UD_Coptic-Scriptorium/test.conllu#shenoute_abraham-YA518-520_s0008 (CC BY 4.0),gold
And thus he gives rest to the mother who bore him,ⲉϥϯⲙⲧⲟⲛ ⲇⲉ ⲟⲛ ⲛⲧⲙⲁⲁⲩ ⲛⲧⲁⲥϫⲡⲟϥ ·,sahidic,UD_Coptic-Scriptorium/test.conllu#shenoute_abraham-YA518-520_s0009 (CC BY 4.0),gold
and in this way he inherited the inheritance of his ancestors,"ⲁⲩⲱ ⲛⲧⲉⲓϩⲉ ⲁϥⲕⲗⲏⲣⲟⲛⲟⲙⲉⲓ ⲛⲧⲉⲕⲗⲏⲣⲟⲛⲟⲙⲓⲁ ⲛⲛⲉϥⲉⲓⲟⲧⲉ ,",sahidic,UD_Coptic-Scriptorium/test.conllu#shenoute_abraham-YA518-520_s0010 (CC BY 4.0),gold
"according to that which was said to Abraham through God: 'That one who is Ishmael, he will not receive inheritance from you",ⲕⲁⲧⲁⲡⲉⲛⲧⲁⲩϫⲟⲟϥ ⲛⲁⲃⲣⲁϩⲁⲙ ⲉⲃⲟⲗ ϩⲓⲧⲙⲡⲛⲟⲩⲧⲉ ϫⲉⲡⲁⲓ ⲉⲧⲙⲙⲁⲩ ⲉⲧⲉⲓⲥⲙⲁⲏⲗ ⲡⲉ ⲛϥⲛⲁⲕⲗⲏⲣⲟⲛⲟⲙⲉⲓ ⲙⲙⲟⲕ ⲁⲛ ·,sahidic,UD_Coptic-Scriptorium/test.conllu#shenoute_abraham-YA518-520_s0011 (CC BY 4.0),gold
but I will bless him on your account and I will glorify him greatly and make him a great nation which is numerous,ⲡⲗⲏⲛ ϯⲛⲁⲥⲙⲟⲩ ⲇⲉ ⲟⲛ ⲉⲣⲟϥ ⲉⲧⲃⲏⲏⲧⲕ ⲧⲁⲁⲩⲝⲁⲛⲉ ⲙⲙⲟϥ ⲉⲙⲁⲧⲉ ⲛⲧⲁⲁⲁϥ ⲛⲟⲩⲛⲟϭ ⲛϩⲉⲑⲛⲟⲥ ⲉⲛⲁϣⲱϥ ·,sahidic,UD_Coptic-Scriptorium/test.conllu#shenoute_abraham-YA518-520_s0012 (CC BY 4.0),gold
and those who come from your [...],ⲁⲩⲱ ⲡⲉⲧⲛⲏⲩ ⲉⲃⲟⲗ ϩⲛⲛⲉⲕ · [....]ⲥ ·,sahidic,UD_Coptic-Scriptorium/test.conllu#shenoute_abraham-YA518-520_s0013 (CC BY 4.0),gold
Isaac [it is he alone who will inher]it from you.',ⲓⲥⲁⲁⲕ [...]ϥ ⲡⲉⲧⲛⲁⲕⲗⲏⲣⲟⲛⲟⲙⲉⲓ ⲙⲙⲟⲕ ·,sahidic,UD_Coptic-Scriptorium/test.conllu#shenoute_abraham-YA518-520_s0014 (CC BY 4.0),gold
"Therefore indeed she spoke boldly in the knowledge of God, namely, the mother of the child whom she had borne: 'cast out this slave with her child.",ⲉⲧⲃⲉⲡⲁⲓ ⲣⲱ ⲁⲥϫⲟⲟⲥ ϩⲛⲟⲩⲡⲁⲣⲣⲏⲥⲓⲁ ϩⲙⲡⲥⲟⲟⲩⲛ ⲙⲡⲛⲟⲩⲧⲉ ⲛϭⲓⲧⲙⲁⲁⲩ ⲙⲡϣⲏⲣⲉ ⲉⲧⲟⲓ ⲛⲧⲟⲟⲧⲥ · ϫⲉⲛⲟⲩϫⲉ ⲉⲃⲟⲗ ⲛⲧⲉⲓϩⲙϩⲁⲗ ⲙⲛⲡⲉⲥϣⲏⲣⲉ ·,sahidic,UD_Coptic-Scriptorium/test.conllu#shenoute_abraham-YA518-520_s0015 (CC BY 4.0),gold
"For the child of this slave will not inherit along with my child, Isaac.'",ⲛⲛⲉϥⲕⲗⲏⲣⲟⲛⲟⲙⲉⲓ ⲅⲁⲣ ⲛϭⲓⲡϣⲏⲣⲉ ⲛⲧⲉⲓϩⲙϩⲁⲗ ⲙⲛⲡⲁϣⲏⲣⲉ ⲓⲥⲁⲁⲕ ·,sahidic,UD_Coptic-Scriptorium/test.conllu#shenoute_abraham-YA518-520_s0016 (CC BY 4.0),gold
"Isaac prayed to the Lord, wishing that he would have children with Rebecca",ⲓⲥⲁⲁⲕ ⲛⲉϥⲧⲱⲃϩ ⲙⲡϫⲟⲉⲓⲥ ⲡⲉ · ⲉϥⲟⲩⲱϣ ⲉⲧⲣⲉϩⲉⲛϣⲏⲣⲉ ϣⲱⲡⲉ ⲛⲁϥ ⲉⲃⲟⲗ ϩⲛϩⲣⲉⲃⲉⲕⲕⲁ ·,sahidic,UD_Coptic-Scriptorium/test.conllu#shenoute_abraham-YA518-520_s0017 (CC BY 4.0),gold
"and Rebecca also wished that she would have children with Isaac,",ⲁⲩⲱ ϩⲣⲉⲃⲉⲕⲕⲁ ⲛⲉⲥⲟⲩⲱϣ ⲉⲧⲣⲉϩⲉⲛϣⲏⲣⲉ ϣⲱⲡⲉ ⲛⲁⲥ ⲉⲃⲟⲗ ϩⲛⲓⲥⲁⲁⲕ ·,sahidic,UD_Coptic-Scriptorium/test.conllu#shenoute_abraham-YA518-520_s0018 (CC BY 4.0),gold
"and thus the Lord God gave to them according to their heart,",ⲁⲩⲱ ⲧⲁⲓ ⲧⲉ ⲧϩⲉ ⲛⲧⲁⲡϫⲟⲉⲓⲥ ⲡⲛⲟⲩⲧⲉ ϯ ⲛⲁⲩ ⲕⲁⲧⲁⲡⲉⲩϩⲏⲧ ·,sahidic,UD_Coptic-Scriptorium/test.conllu#shenoute_abraham-YA518-520_s0019 (CC BY 4.0),gold
"filling all their requests,",ⲉⲁϥϫⲱⲕ ⲉⲃⲟⲗ ⲛⲛⲉⲩⲁⲓⲧⲏⲙⲁ ⲧⲏⲣⲟⲩ ·,sahidic,UD_Coptic-Scriptorium/test.conllu#shenoute_abraham-YA518-520_s0020 (CC BY 4.0),gold
and Esau and Jacob were born.,ⲉⲁⲩϫⲡⲟ ⲛⲏⲥⲁⲩ ⲙⲛⲓⲁⲕⲱⲃ ·,sahidic,UD_Coptic-Scriptorium/test.conllu#shenoute_abraham-YA518-520_s0021 (CC BY 4.0),gold
"And Isaac blessed Jacob through God by the design of Rebecca, the mother of Jacob,",ⲉⲁⲓⲥⲁⲁⲕ ⲇⲉ ⲥⲙⲟⲩ ⲉⲓⲁⲕⲱⲃ · ⲉⲃⲟⲗ ϩⲓⲧⲙⲡⲛⲟⲩⲧⲉ · ϩⲙⲡϣⲟϫⲛⲉ ⲛϩⲣⲉⲃⲉⲕⲕⲁ ⲧⲙⲁⲁⲩ ⲛⲓⲁⲕⲱⲃ,sahidic,UD_Coptic-Scriptorium/test.conllu#shenoute_abraham-YA518-520_s0022 (CC BY 4.0),gold
"while Esau became a servant to Jacob, according to the Scriptures, ‘The great will serve the lesser’ and also, ‘Jacob, I loved. But Esau, I hated.’",ⲉⲁⲏⲥⲁⲩ ϣⲱⲡⲉ ⲛϩⲙϩⲁⲗ ⲛⲓⲁⲕⲱⲃ ⲕⲁⲧⲁⲛⲉⲅⲣⲁⲫⲏ ϫⲉⲡⲛⲟϭ ⲛⲁⲣϩⲙϩⲁⲗ ⲙⲡⲕⲟⲩⲓ ⲁⲩⲱ ⲟⲛ ϫⲉⲓⲁⲕⲱⲃ ⲁⲓⲙⲉⲣⲓⲧϥ ⲏⲥⲁⲩ ⲇⲉ ⲁⲓⲙⲉⲥⲧⲱϥ ·,sahidic,UD_Coptic-Scriptorium/test.conllu#shenoute_abraham-YA518-520_s0023 (CC BY 4.0),gold
"And Jacob wished that he would have children with Rachel, as he had with Leah, and as he had with Zelpha and Balla.",ⲓⲁⲕⲱⲃ ⲇⲉ ⲛⲉϥⲟⲩⲱϣ ⲡⲉ ⲉⲧⲣⲉϩⲉⲛϣⲏⲣⲉ ϣⲱⲡⲉ ⲛⲁϥ ⲉⲃⲟⲗ ϩⲛϩⲣⲁⲭⲏⲗ · ⲛⲧϩⲉ ⲛⲛⲉⲛⲧⲁⲩϣⲱⲡⲉ ⲛⲁϥ ⲉⲃⲟⲗ ϩⲛⲗⲓⲁ · ⲙⲛⲛⲉⲛⲧⲁⲩϣⲱⲡⲉ ⲛⲁϥ ⲉⲃⲟⲗ ϩⲛⲍⲉⲗⲫⲁ ⲙⲛⲃⲁⲗⲗⲁ ·,sahidic,UD_Coptic-Scriptorium/test.conllu#shenoute_abraham-YA518-520_s0024 (CC BY 4.0),gold
And Rachel wished that she would have children with Jacob.,ϩⲣⲁⲭⲏⲗ ⲇⲉ ⲛⲉⲥⲟⲩⲱϣ ⲉⲧⲣⲉϩⲉⲛϣⲏⲣⲉ ϣⲱⲡⲉ ⲛⲁⲥ ⲉⲃⲟⲗ ϩⲛⲓⲁⲕⲱⲃ ·,sahidic,UD_Coptic-Scriptorium/test.conllu#shenoute_abraham-YA518-520_s0025 (CC BY 4.0),gold
"And she grieved, and found fault with Jacob in her ignorance, in the abundance of [her] grief, ‘Give me children, or I will die.’",ⲁⲩⲱ ⲛⲉⲥⲙⲟⲕϩ ⲛϩⲏⲧ ⲡⲉ ⲉⲥϭⲛⲁⲣⲓⲕⲉ ⲉⲓⲁⲕⲱⲃ ϩⲛⲧⲉⲥⲙⲛⲧⲁⲧⲥⲟⲟⲩⲛ ϩⲙⲡⲁϣⲁⲓ ⲙⲡⲉⲙⲕⲁϩ ⲛϩⲏⲧ ϫⲉⲙⲁ ⲛⲁⲓ ⲛϩⲉⲛϣⲏⲣⲉ ⲉϣⲱⲡⲉ ⲙⲙⲟⲛ ϯⲛⲁⲙⲟⲩ ·,sahidic,UD_Coptic-Scriptorium/test.conllu#shenoute_abraham-YA518-520_s0026 (CC BY 4.0),gold
"And Jacob, who was discouraged, said to her, ‘Am I myself the Lord who robs the fruit from you[r womb]?’",ⲁⲩⲱ ⲓⲁⲕⲱⲃ ⲛⲉϥϫⲱ ⲙⲙⲟⲥ ⲛⲁⲥ ⲡⲉ ⲉϥⲟⲩⲟⲗⲥ ⲛϩⲏⲧ · ϫⲉⲙⲏ ⲁⲛⲅⲡϫⲟⲉⲓⲥ ⲁⲛⲟⲕ ⲡⲁ[…]ϥⲟϭⲉ ⲙⲡ[…]ⲡⲟⲥ ⲛϩⲏ[..]ⲉ ·,sahidic,UD_Coptic-Scriptorium/test.conllu#shenoute_abraham-YA518-520_s0027 (CC BY 4.0),gold
And Jacob said these things angrily because he also wished to have children with Rachel.,ⲁⲩⲱ ⲛⲧⲁϥϫⲉ ⲡⲁⲓ ϩⲛⲟⲩⲛⲟⲩϭⲥ ⲛϭⲓⲓⲁⲕⲱⲃ ⲉⲃⲟⲗ ϫⲉⲛⲉϥⲟⲩⲱϣ ϩⲱⲱϥ ⲡⲉ · ⲉⲧⲣⲉϩⲉⲛϣⲏⲣⲉ ϣⲱⲡⲉ ⲛⲁϥ ⲉⲃⲟⲗ ϩⲛϩⲣⲁⲭⲏⲗ,sahidic,UD_Coptic-Scriptorium/test.conllu#shenoute_abraham-YA518-520_s0028 (CC BY 4.0),gold
"And thus God saw their grief, and so he gave children to Jacob by Rachel: Joseph and Benjamin.",ⲁⲩⲱ ⲛⲧⲉⲓϩⲉ ⲁⲡⲛⲟⲩⲧⲉ ⲛⲁⲩ ⲉⲡⲉⲩⲙⲕⲁϩ · ⲉⲁϥϯ ⲛϩⲉⲛϣⲏⲣⲉ ⲛⲓⲁⲕⲱⲃ ⲉⲃⲟⲗ ϩⲛϩⲣⲁⲭⲏⲗ · ⲓⲱⲥⲏⲫ ⲙⲛⲃⲉⲛⲓⲁⲙⲓⲛ ·,sahidic,UD_Coptic-Scriptorium/test.conllu#shenoute_abraham-YA518-520_s0029 (CC BY 4.0),gold
"And Jacob blessed all his children through the Lord God,",ⲁⲩⲱ ⲓⲁⲕⲱⲃ ⲁϥⲥⲙⲟⲩ ⲉⲛⲉϥϣⲏⲣⲉ ⲧⲏⲣⲟⲩ ⲉⲃⲟⲗ ϩⲓⲧⲙⲡϫⲟⲉⲓⲥ ⲡⲛⲟⲩⲧⲉ ·,sahidic,UD_Coptic-Scriptorium/test.conllu#shenoute_abraham-YA518-520_s0030 (CC BY 4.0),gold
he who blessed Abraham and Isaac and Jacob and the children.,ⲡⲁⲓ ⲛⲧⲁϥⲥⲙⲟⲩ ⲉⲁⲃⲣⲁϩⲁⲙ ⲙⲛⲓⲥⲁⲁⲕ ⲙⲛⲓⲁⲕⲱⲃ · ⲙⲛⲛϣⲏⲣⲉ,sahidic,UD_Coptic-Scriptorium/test.conllu#shenoute_abraham-YA518-520_s0031 (CC BY 4.0),gold
"One of the brothers asked Apa Pistamon, 'What should I do? For it worries me when I sell my handiwork.'",ⲁ ⲟⲩⲁ ⲛⲛⲉⲥⲛⲏⲩ ϫⲛⲉⲁⲡⲁ ⲡⲁⲥⲧⲁⲙⲱⲛ ϫⲉⲟⲩ ⲡⲉ ϯⲛⲁⲁⲁϥ ϫⲉⲥⲉⲑⲗⲓⲃⲉ ⲙⲙⲟⲓ ⲉⲓϯ ⲙⲡⲁϩⲱⲃ ⲛϭⲓϫ ⲉⲃⲟⲗ .,sahidic,UD_Coptic-Scriptorium/test.conllu#apophthegmata_patrum-AP_027_pistamon_01_s0001 (CC BY 4.0),gold
"The old man answered him, 'Even Apa Sisoes and the others used to sell their handiwork.",ⲁϥⲟⲩⲱϣⲃ ⲛϭⲓⲡϩⲗⲗⲟ ⲡⲉϫⲁϥ ϫⲉⲡⲕⲉ · ⲁⲡⲁ ϫⲓϫⲱⲓ · ⲙⲛⲡⲕⲉⲥⲉⲉⲡⲉ ϣⲁⲩϯⲡⲉⲩϩⲱⲃ ⲛϭⲓϫ ⲉⲃⲟⲗ .,sahidic,UD_Coptic-Scriptorium/test.conllu#apophthegmata_patrum-AP_027_pistamon_01_s0002 (CC BY 4.0),gold
This is not damaging.,ⲡⲁⲓ ⲛⲟⲩⲟⲥⲉ ⲁⲛ ⲡⲉ .,sahidic,UD_Coptic-Scriptorium/test.conllu#apophthegmata_patrum-AP_027_pistamon_01_s0003 (CC BY 4.0),gold
"But if you sell, say the price of the item only once.",ⲉⲕϣⲁⲛⲛⲟⲩ ⲇⲉ ⲉϯ ⲁϫⲓⲧϯⲙⲏ ⲛⲟⲩⲥⲟⲡ ⲛⲟⲩⲱⲧ ⲛⲧⲉⲡⲉⲓⲇⲟⲥ,sahidic,UD_Coptic-Scriptorium/test.conllu#apophthegmata_patrum-AP_027_pistamon_01_s0004 (CC BY 4.0),gold
"If you want to lower the price a little, that is up to you. In this way you will find peace.",ⲉⲕϣⲁⲛⲟⲩⲱϣ ⲇⲉ ⲉⲕⲁ ⲟⲩⲕⲟⲩⲓ ⲉⲃⲟⲗ ϩⲛⲥⲟⲩⲛⲧϥ · ⲛⲧⲟⲕ ⲉⲧⲧⲱϣ . ⲧⲁⲓ ⲧⲉ ⲧϩⲉ ⲉⲧⲉⲕⲛⲁϭⲛⲙⲧⲟⲛ .,sahidic,UD_Coptic-Scriptorium/test.conllu#apophthegmata_patrum-AP_027_pistamon_01_s0005 (CC BY 4.0),gold
"The brother said to him, 'If I have what I need, do you still want me to be concerned with my handiwork?'",ⲡⲉϫⲉ ⲡⲥⲟⲛ ⲛⲁϥ ϫⲉⲉϣⲱⲡⲉ ⲟⲩⲛⲧⲁⲓ ⲧⲁⲭⲣⲉⲓⲁ ⲙⲙⲁⲩ · ⲕⲟⲩⲱϣ ⲉⲧⲙⲧⲣⲁϥⲉⲓⲣⲟⲟⲩϣ ϩⲁϩⲱⲃ ⲛϭⲓϫ ·,sahidic,UD_Coptic-Scriptorium/test.conllu#apophthegmata_patrum-AP_027_pistamon_01_s0006 (CC BY 4.0),gold
"The old man answered, 'Even if you have everything, do not give up on your handiwork; Whatever you are able to do, do it—just don't worry about it.'",ⲁϥⲟⲩⲱϣⲃ ⲛϭⲓⲡϩⲗⲗⲟ ϫⲉ ⲕⲁⲛ ⲟⲩⲛⲧⲁⲕ ϩⲱⲃ ⲛⲓⲙ ⲙⲡⲣⲕⲁ ⲡϩⲱⲃ ⲛϭⲓϫ ⲉⲃⲟⲗ ⲡⲉⲧⲉⲟⲩⲛϭⲟⲙ ⲙⲙⲟⲕ ⲉⲁⲁϥ ⲁⲣⲓϥ — ⲙⲱⲛⲟⲛ ϩⲛⲟⲩϣⲧⲟⲣⲧⲣ ⲁⲛ .,sahidic,UD_Coptic-Scriptorium/test.conllu#apophthegmata_patrum-AP_027_pistamon_01_s0007 (CC BY 4.0),gold
"A brother asked Apa Sarapion, 'Give me a word.'",ⲁⲟⲩⲥⲟⲛ ϫⲛⲉⲁⲡⲁ ⲥⲁⲣⲁⲡⲓⲟⲛ ϫⲉⲁϫⲓ ⲟⲩϣⲁϫⲉ ⲉⲣⲟⲓ .,sahidic,UD_Coptic-Scriptorium/test.conllu#apophthegmata_patrum-AP_028_serapion_02_s0001 (CC BY 4.0),gold
"For you have taken the things of the poor and the widows and the orphans, and you have placed them in your window.'",ⲡⲉϫⲉⲡϩⲗⲗⲟ ⲛⲁϥ ϫⲉⲉⲓⲛⲁϫⲉ ⲟⲩ ⲛⲁⲕ ϫⲉⲁⲕϥⲓ ⲛⲉⲛⲕⲁ ⲛⲛϩⲏⲕⲉ . ⲙⲛⲛⲉⲭⲏⲣⲁ ⲙⲛⲛⲟⲣⲫⲁⲛⲟⲥ .,sahidic,UD_Coptic-Scriptorium/test.conllu#apophthegmata_patrum-AP_028_serapion_02_s0002 (CC BY 4.0),gold
"For you have taken the things of the poor and the widows and the orphans, and you have placed them in your window.'",ⲁⲕⲕⲁⲁⲩ ϩⲙⲡϣⲟⲩϣⲧ .,sahidic,UD_Coptic-Scriptorium/test.conllu#apophthegmata_patrum-AP_028_serapion_02_s0003 (CC BY 4.0),gold
For he saw that the window was full of books.,ⲁϥⲛⲁⲩ ⲅⲁⲣ ⲉⲡϣⲟⲩϣⲧ ⲉϥⲙⲉϩ ⲛϫⲱⲱⲙⲉ .,sahidic,UD_Coptic-Scriptorium/test.conllu#apophthegmata_patrum-AP_028_serapion_02_s0004 (CC BY 4.0),gold
"The blessed Syncletica was asked, 'Is poverty a perfect good?'",ⲁⲩϫⲛⲉⲧⲙⲁⲕⲁⲣⲓⲁ ⲥⲩⲛⲕⲗⲏⲧⲓⲕⲏ · ϫⲉⲛⲉⲟⲩⲁⲅⲁⲑⲟⲛ ⲉϥϫⲏⲕ ⲉⲃⲟⲗ ⲧⲉ ⲧⲙⲛⲧⲁⲧϩⲛⲁⲁⲩ ·,sahidic,UD_Coptic-Scriptorium/test.conllu#apophthegmata_patrum-AP_029_syncletica_05_s0001 (CC BY 4.0),gold
"She answered, 'It is an exceedingly perfect good for those who are incapable of it.",ⲁⲥⲟⲩⲱϣⲃ ϫⲉⲟⲩⲁⲅⲁⲑⲟⲛ ⲛϩⲟⲩⲟ ⲡⲉ ⲉϥϫⲏⲕ ⲉⲃⲟⲗ ⲛⲛⲉⲧⲉⲙⲛϭⲟⲙ ⲙⲙⲟⲟⲩ .,sahidic,UD_Coptic-Scriptorium/test.conllu#apophthegmata_patrum-AP_029_syncletica_05_s0002 (CC BY 4.0),gold
"For those who bear this have suffering in the flesh,",ⲛⲉⲛⲧⲁⲩϩⲩⲡⲟⲙⲓⲛⲉ ⲅⲁⲣ ϩⲙⲡⲁⲓ ⲟⲩⲛⲧⲁⲩ ⲙⲙⲁⲩ ⲛⲟⲩⲑⲗⲓⲯⲓⲥ ϩⲛⲧⲥⲁⲣⲝ ·,sahidic,UD_Coptic-Scriptorium/test.conllu#apophthegmata_patrum-AP_029_syncletica_05_s0003 (CC BY 4.0),gold
but they have grace in their soul.,ϩⲛⲧⲉⲯⲩⲭⲏ ⲇⲉ ⲟⲩⲛⲧⲁⲩ ⲙⲙⲁⲩ ⲛⲟⲩϩⲙⲟⲧ .,sahidic,UD_Coptic-Scriptorium/test.conllu#apophthegmata_patrum-AP_029_syncletica_05_s0004 (CC BY 4.0),gold
"Just as clothing is strengthened by being beaten, and they wash it and twist it violently",ⲛⲧϩⲉ ⲅⲁⲣ ⲛϩⲉⲛϩⲟⲓⲧⲉ ⲉⲩϫⲟⲟⲣ ⲉⲩϩⲱⲙ ⲉϫⲱⲟⲩ · ⲁⲩⲱ ⲉⲩϣⲱⲙ ⲙⲙⲟⲟⲩ,sahidic,UD_Coptic-Scriptorium/test.conllu#apophthegmata_patrum-AP_029_syncletica_05_s0005 (CC BY 4.0),gold
"until it turns white,",ϣⲁⲩⲧⲣⲉⲩⲕⲱⲧⲉ ϩⲛⲟⲩϫⲛⲁϩ ϣⲁⲛⲧⲟⲩⲟⲩⲃⲁϣ ·,sahidic,UD_Coptic-Scriptorium/test.conllu#apophthegmata_patrum-AP_029_syncletica_05_s0006 (CC BY 4.0),gold
"in this way the soul is strengthened through poverty, and by necessity they prevail all the more.'",ⲧⲁⲓ ⲧⲉ ⲧϩⲉ ⲛⲧⲉⲯⲩⲭⲏ ⲉⲧϫⲟⲟⲣ ϩⲛⲧⲙⲛⲧϩⲏⲕⲉ ϩⲁⲡⲉⲩϩⲧⲟⲣ ⲉϣⲁⲩⲁⲙⲁϩⲧⲉ ⲛϩⲟⲩⲟ .,sahidic,UD_Coptic-Scriptorium/test.conllu#apophthegmata_patrum-AP_029_syncletica_05_s0007 (CC BY 4.0),gold
"Apa Hyperechios said, 'The monk's treasure is not having any material things.",ⲁϥϫⲟⲟⲥ ⲛϭⲓⲁⲡⲁ ϩⲩⲡⲉⲣⲉⲭⲓⲟⲥ ϫⲉⲡⲁϩⲟ ⲙⲡⲙⲟⲛⲁⲭⲟⲥ ⲡⲉ ⲧⲙϫⲡⲉⲗⲁⲁⲩ ⲛϩⲩⲗⲏ ⲛⲁϥ .,sahidic,UD_Coptic-Scriptorium/test.conllu#apophthegmata_patrum-AP_030_hyperechios_06_s0001 (CC BY 4.0),gold
"Store and gather for yourself in heaven,",ⲱⲧⲡ ⲛⲁⲕ ⲉϩⲟⲩⲛ · ⲁⲩⲱ ⲛⲅⲥⲱⲟⲩϩ ⲛⲁⲕ ⲉϩⲟⲩⲛ ϩⲛⲙⲡⲏⲩⲉ ·,sahidic,UD_Coptic-Scriptorium/test.conllu#apophthegmata_patrum-AP_030_hyperechios_06_s0002 (CC BY 4.0),gold
for there is unceasing rest for you forever.',ⲟⲩⲁⲧⲟⲩⲱ ⲅⲁⲣ ⲛⲁⲕ ⲡⲉ ⲡⲙⲧⲟⲛ ⲛϣⲁⲉⲛⲉϩ .,sahidic,UD_Coptic-Scriptorium/test.conllu#apophthegmata_patrum-AP_030_hyperechios_06_s0003 (CC BY 4.0),gold
"One of the saints, called Philagrios, lived in Jerusalem, working hard until he earned his own bread.",ⲛⲉⲟⲩⲛⲟⲩⲁ ⲇⲉ ⲛⲧⲉⲛⲉⲧⲟⲩⲁⲁⲃ ⲉϣⲁⲩⲙⲟⲩⲧⲉ ⲉⲣⲟϥ ϫⲉⲫⲓⲗⲁⲅⲣⲓⲟⲥ · ⲉϥⲟⲩⲏϩ ϩⲛⲧϩⲓⲉⲣⲟⲩⲥⲁⲗⲏⲙ · ⲉϥⲣϩⲱⲃ ϩⲛⲟⲩϩⲓⲥⲉ · ϣⲁⲛⲧⲉϥϫⲡⲟ ⲛⲁϥ ⲙⲡⲉϥⲟⲉⲓⲕ ⲙⲙⲓⲛⲙⲙⲟϥ .,sahidic,UD_Coptic-Scriptorium/test.conllu#apophthegmata_patrum-AP_031_philagrios_01_s0001 (CC BY 4.0),gold
"While he stood in the marketplace selling his handiwork, Behold! Suddenly he found a bag filled with a thousand gold coins!",ⲛϩⲱⲥⲟⲛ ⲇⲉ ϥⲁϩⲉⲣⲁⲧϥ ϩⲛⲧⲁⲅⲱⲣⲁ ⲉϯ ⲙⲡⲉϥϩⲱⲃ ⲛϭⲓϫ ⲉⲃⲟⲗ · ⲉⲓⲥϩⲏⲏⲧⲉ ϩⲛⲟⲩϣⲥⲛⲉ ⲁϥϭⲓⲛⲉ ⲛⲟⲩⲃⲁⲗⲗⲁⲧⲓⲟⲛ ⲉⲩⲛⲙⲏⲧ ⲛϣⲉ ⲛϩⲟⲗⲟⲕⲟⲧⲧⲓⲛⲟⲥ ϩⲓⲱⲱⲥ .,sahidic,UD_Coptic-Scriptorium/test.conllu#apophthegmata_patrum-AP_031_philagrios_01_s0002 (CC BY 4.0),gold
"He stood in place, saying, 'Certainly the one who has lost it is coming.'",ⲁϥⲁϩⲉⲣⲁⲧϥ ϩⲙⲡⲉϥⲙⲁ ⲉϥϫⲱ ⲙⲙⲟⲥ · ϫⲉϩⲁⲡⲥ ⲡⲉ ⲉⲧⲣⲉⲡⲉⲛⲧⲁϥⲥⲟⲣⲙⲉⲥ ⲉⲓ .,sahidic,UD_Coptic-Scriptorium/test.conllu#apophthegmata_patrum-AP_031_philagrios_01_s0003 (CC BY 4.0),gold
"And behold! That one came, crying.",ⲁⲩⲱ ⲉⲓⲥ ⲡⲉⲧⲙⲙⲁⲩ ⲁϥⲉⲓ ⲉϥⲣⲓⲙⲉ .,sahidic,UD_Coptic-Scriptorium/test.conllu#apophthegmata_patrum-AP_031_philagrios_01_s0004 (CC BY 4.0),gold
The old man grabbed him and took him aside and he gave it to him.,ⲁϥϭⲟⲡϥ ⲇⲉ ⲛϭⲓ ⲡϩⲗⲗⲟ ⲁϥϫⲓⲧϥ ⲛⲥⲁⲟⲩⲥⲁ ⲁϥⲧⲁⲁⲥ ⲛⲁϥ ·,sahidic,UD_Coptic-Scriptorium/test.conllu#apophthegmata_patrum-AP_031_philagrios_01_s0005 (CC BY 4.0),gold
"and that one held him, wanting to give him a portion, but the old man did not want to take it.",ⲡⲉⲧⲙⲙⲁⲩ ⲇⲉ ⲁϥⲁⲙⲁϩⲧⲉ ⲙⲙⲟϥ ⲉϥⲟⲩⲱϣ ⲉϯ ⲛⲟⲩⲱⲛ ⲛⲁϥ · ⲡϩⲗⲗⲟ ⲇⲉ ⲙⲡⲉϥⲟⲩⲱϣ ⲉϫⲓ .,sahidic,UD_Coptic-Scriptorium/test.conllu#apophthegmata_patrum-AP_031_philagrios_01_s0006 (CC BY 4.0),gold
"Then he started to shout out, 'Come and see a man of God, what he has done!'",ⲧⲟⲧⲉ ⲁϥϩⲓⲧⲟⲟⲧϥ ⲉϫⲓϣⲕⲁⲕ ⲉⲃⲟⲗ ⲉϥϫⲱ ⲙⲙⲟⲥ · ϫⲉⲁⲙⲏⲓⲧⲛ ⲛⲧⲉⲧⲛⲛⲁⲩ ⲉⲩⲣⲱⲙⲉ ⲛⲧⲉⲡⲛⲟⲩⲧⲉ ϫⲉⲛⲧⲁϥⲣⲟⲩ .,sahidic,UD_Coptic-Scriptorium/test.conllu#apophthegmata_patrum-AP_031_philagrios_01_s0007 (CC BY 4.0),gold
"But the old man secretly fled and left the city, so that they would not know him.",ⲡϩⲗⲗⲟ ⲇⲉ ⲁϥⲡⲱⲧ ⲛϫⲓⲟⲩⲉ ⲁϥⲉⲓ ⲉⲃⲟⲗ ϩⲛⲧⲡⲟⲗⲓⲥ · ϫⲉⲛⲛⲉⲩⲥⲟⲩⲱⲛϥ,sahidic,UD_Coptic-Scriptorium/test.conllu#apophthegmata_patrum-AP_031_philagrios_01_s0008 (CC BY 4.0),gold
"Apa Benjamin and his disciples said, 'Walk on the road of the king,",ⲛϭⲓⲁⲡⲁ ⲃⲉⲛⲓⲁⲙⲓⲛ ⲙⲛⲛⲉϥⲙⲁⲑⲏⲧⲏⲥ · ϫⲉⲙⲟⲟϣⲉ ϩⲛⲧⲉϩⲓⲏ ⲙⲡⲣⲣⲟ ·,sahidic,UD_Coptic-Scriptorium/test.conllu#apophthegmata_patrum-AP_032_benjamin_05_s0001 (CC BY 4.0),gold
and count the miles and do not be discouraged.',ⲁⲩⲱ ⲱⲡ ⲛⲥⲁⲙⲙⲓⲗⲓⲟⲛ ⲁⲩⲱ ⲛⲧⲉⲧⲛⲁϣⲱⲥⲙ ⲁⲛ .,sahidic,UD_Coptic-Scriptorium/test.conllu#apophthegmata_patrum-AP_032_benjamin_05_s0002 (CC BY 4.0),gold
"The beginning of the Good News of Jesus Christ, the Son of God.",ⲧⲁⲣⲭⲏ ⲙⲡⲉⲩⲁⲅⲅⲉⲗⲓⲟⲛ ⲛⲓⲏⲥⲟⲩⲥ ⲡⲉⲭⲣⲓⲥⲧⲟⲥ [ ⲡϣⲏⲣⲉ ⲙⲡⲛⲟⲩⲧⲉ ] .,sahidic,UD_Coptic-Scriptorium/test.conllu#sahidica_mark-Mark_01_s0001 (CC BY 4.0),gold
"As it is written in the prophets, 'Behold, I send my messenger before your face, who will prepare your way before you.",ⲕⲁⲧⲁⲡⲉⲧⲥⲏϩ ϩⲛⲏⲥⲁⲓⲁⲥ ⲡⲉⲡⲣⲟⲫⲏⲧⲏⲥ ϫⲉⲉⲓⲥϩⲏⲏⲧⲉ ϯⲛⲁϫⲉⲩⲡⲁⲁⲅⲅⲉⲗⲟⲥ ϩⲓϩⲏ ⲙⲙⲟⲕ ⲛϥⲥⲃⲧⲉ ⲧⲉⲕϩⲓⲏ .,sahidic,UD_Coptic-Scriptorium/test.conllu#sahidica_mark-Mark_01_s0002 (CC BY 4.0),gold
"The voice of one crying in the wilderness, 'Make ready the way of the Lord! Make his paths straight!''",ⲡⲉϩⲣⲟⲟⲩ ⲙⲡⲉⲧⲱϣ ⲉⲃⲟⲗ ϩⲛⲧⲉⲣⲏⲙⲟⲥ ϫⲉⲥⲟⲩⲧⲛ ⲧⲉϩⲓⲏ ⲙⲡϫⲟⲉⲓⲥ ⲛⲧⲉⲧⲛⲥⲟⲩⲧⲛ ⲛⲉϥⲙⲟⲉⲓⲧ .,sahidic,UD_Coptic-Scriptorium/test.conllu#sahidica_mark-Mark_01_s0003 (CC BY 4.0),gold
John came baptizing in the wilderness and preaching the baptism of repentance for forgiveness of sins.,ⲁϥϣⲱⲡⲉ ⲇⲉ ⲛϭⲓⲓⲱϩⲁⲛⲛⲏⲥ ⲉϥϯⲃⲁⲡⲧⲓⲥⲙⲁ ⲙⲡϫⲁⲓⲉ ⲉϥⲕⲏⲣⲩⲥⲥⲉ ⲛⲟⲩⲃⲁⲡⲧⲓⲥⲙⲁ ⲙⲙⲉⲧⲁⲛⲟⲓⲁ ⲉⲡⲕⲱ ⲉⲃⲟⲗ ⲛⲛⲛⲟⲃⲉ .,sahidic,UD_Coptic-Scriptorium/test.conllu#sahidica_mark-Mark_01_s0004 (CC BY 4.0),gold
"All the country of Judea and all those of Jerusalem went out to him. They were baptized by him in the Jordan river, confessing their sins.",ⲁⲩⲱ ⲁⲥⲃⲱⲕ ⲛⲁϥ ⲉⲃⲟⲗ ⲛϭⲓⲧⲉⲭⲱⲣⲁ ⲧⲏⲣⲥ ⲛⲧⲓⲟⲩⲇⲁⲓⲁ ⲛⲙⲛⲁⲧϩⲓⲉⲣⲟⲥⲟⲗⲩⲙⲁ ⲧⲏⲣⲟⲩ ⲁⲩϫⲓⲃⲁⲡⲧⲓⲥⲙⲁ ⲛⲧⲟⲟⲧϥ ϩⲙⲡⲓⲟⲣⲇⲁⲛⲏⲥ ⲡⲓⲉⲣⲟ ⲉⲩⲉⲝⲟⲙⲟⲗⲟⲅⲓ ⲛⲛⲉⲩⲛⲟⲃⲉ .,sahidic,UD_Coptic-Scriptorium/test.conllu#sahidica_mark-Mark_01_s0005 (CC BY 4.0),gold
John was clothed with camel's hair and a leather belt around his waist. He ate locusts and wild honey.,ⲁⲩⲱ ⲓⲱϩⲁⲛⲛⲏⲥ ⲛⲉⲣⲉϩⲉⲛϥⲱ ⲛϭⲁⲙⲟⲩⲗ ⲧⲟ ϩⲓⲱⲱϥ ⲉⲣⲉⲟⲩⲙⲟϫ ⲛϣⲁⲁⲣ ⲙⲏⲣ ⲉⲧⲉϥϯⲡⲉ . ⲉϥⲟⲩⲉⲙϣϫⲉ ϩⲓⲉⲃⲓⲱ ⲛϩⲟⲟⲩⲧ .,sahidic,UD_Coptic-Scriptorium/test.conllu#sahidica_mark-Mark_01_s0006 (CC BY 4.0),gold
"He preached, saying, 'After me comes he who is mightier than I, the thong of whose sandals I am not worthy to stoop down and loosen.",ⲁⲩⲱ ⲛⲉϥⲧⲁϣⲉⲟⲉⲓϣ ⲉϥϫⲱ ⲙⲙⲟⲥ ϫⲉϥⲛⲏⲩ ⲙⲛⲛⲥⲱⲓ ⲛϭⲓⲡⲉⲧϫⲟⲟⲣ ⲉⲣⲟⲓ ⲉⲁⲛⲅⲟⲩϩⲓⲕⲁⲛⲟⲥ ⲁⲛ ⲉⲡⲁϩⲧ ⲉⲃⲱⲗ ⲉⲃⲟⲗ ⲙⲡⲙⲟⲩⲥ ⲙⲡⲉϥⲧⲟⲟⲩⲉ .,sahidic,UD_Coptic-Scriptorium/test.conllu#sahidica_mark-Mark_01_s0007 (CC BY 4.0),gold
"I baptized you in water, but he will baptize you in the Holy Spirit.'",ⲁⲛⲟⲕ ⲁⲓϯⲃⲁⲡⲧⲓⲥⲙⲁ ⲛⲏⲧⲛ ϩⲛⲟⲩⲙⲟⲟⲩ .,sahidic,UD_Coptic-Scriptorium/test.conllu#sahidica_mark-Mark_01_s0008 (CC BY 4.0),gold
"I baptized you in water, but he will baptize you in the Holy Spirit.'",ⲛⲧⲟϥ ⲇⲉ ⲉϥⲛⲁⲃⲁⲡⲧⲓⲍⲉ ⲙⲙⲱⲧⲛ ϩⲛⲟⲩⲡⲛⲉⲩⲙⲁ ⲉϥⲟⲩⲁⲁⲃ .,sahidic,UD_Coptic-Scriptorium/test.conllu#sahidica_mark-Mark_01_s0009 (CC BY 4.0),gold
"It happened in those days, that Jesus came from Nazareth of Galilee, and was baptized by John in the Jordan.",ⲁⲩⲱ ⲁⲥϣⲱⲡⲉ ϩⲛⲛⲉϩⲟⲟⲩ ⲉⲧⲙⲙⲁⲩ ⲁϥⲉⲓ ⲛϭⲓⲓⲏⲥⲟⲩⲥ ⲉⲃⲟⲗ ϩⲛⲛⲁⲍⲁⲣⲉⲑ ⲛⲧⲉⲧⲅⲁⲗⲓⲗⲁⲓⲁ ⲁⲩⲱ ⲁϥϫⲓⲃⲁⲡⲧⲓⲥⲙⲁ ϩⲙⲡⲓⲟⲣⲇⲁⲛⲏⲥ ⲛⲧⲛⲓⲱϩⲁⲛⲛⲏⲥ,sahidic,UD_Coptic-Scriptorium/test.conllu#sahidica_mark-Mark_01_s0010 (CC BY 4.0),gold
"Immediately coming up from the water, he saw the heavens parting, and the Spirit descending on him like a dove.",ⲛⲧⲉⲩⲛⲟⲩ ⲇⲉ ⲉϥⲛⲏⲩ ⲉϩⲣⲁⲓ ⲙⲡⲙⲟⲟⲩ ⲁϥⲛⲁⲩ ⲉⲙⲡⲏⲩⲉ ⲉⲁⲩⲟⲩⲱⲛ ⲁⲩⲱ ⲡⲉⲡⲛⲉⲩⲙⲁ ⲉϥⲛⲏⲩ ⲉⲡⲉⲥⲏⲧ ⲉϫⲱϥ ⲛⲧϩⲉ ⲛⲟⲩϭⲣⲟⲟⲙⲡⲉ,sahidic,UD_Coptic-Scriptorium/test.conllu#sahidica_mark-Mark_01_s0011 (CC BY 4.0),gold
Immediately the Spirit drove him out into the wilderness.,ⲁⲩⲱ ⲟⲩⲥⲙⲏ ⲁⲥϣⲱⲡⲉ ⲉⲃⲟⲗ ϩⲛⲙⲡⲏⲩⲉ ϫⲉⲛⲧⲟⲕ ⲡⲉ ⲡⲁϣⲏⲣⲉ ⲡⲁⲙⲉⲣⲓⲧ ⲉⲛⲧⲁⲡⲁⲟⲩⲱϣ ϣⲱⲡⲉ ⲛϩⲏⲧⲕ ⲁⲩⲱ ⲧⲉⲩⲛⲟⲩ ⲡⲉⲡⲛⲉⲩⲙⲁ ⲁϥϫⲓⲧϥ ⲉⲃⲟⲗ ⲉⲧⲉⲣⲏⲙⲟⲥ,sahidic,UD_Coptic-Scriptorium/test.conllu#sahidica_mark-Mark_01_s0012 (CC BY 4.0),gold
He was there in the wilderness forty days tempted by Satan. He was with the wild animals; and the angels were serving him.,ⲁⲩⲱ ⲛⲉϥϩⲛⲧⲉⲣⲏⲙⲟⲥ ⲛϩⲙⲉ ⲛϩⲟⲟⲩ ⲉⲣⲉⲡⲥⲁⲧⲁⲛⲁⲥ ⲡⲉⲓⲣⲁⲍⲉ ⲙⲙⲟϥ ⲉϥϣⲟⲟⲡ ⲙⲛⲛⲉⲑⲏⲣⲓⲟⲛ .,sahidic,UD_Coptic-Scriptorium/test.conllu#sahidica_mark-Mark_01_s0013 (CC BY 4.0),gold
He was there in the wilderness forty days tempted by Satan. He was with the wild animals; and the angels were serving him.,ⲁⲩⲱ ⲛⲁⲅⲅⲉⲗⲟⲥ ⲛⲉⲩⲇⲓⲁⲕⲟⲛⲓ ⲛⲁϥ .,sahidic,UD_Coptic-Scriptorium/test.conllu#sahidica_mark-Mark_01_s0014 (CC BY 4.0),gold
"and saying, 'The time is fulfilled, and the Kingdom of God is at hand! Repent, and believe in the Good News.'",ⲙⲛⲛⲥⲁⲛⲥⲉⲡⲁⲣⲁⲇⲓⲇⲟⲩ ⲛⲓⲱϩⲁⲛⲛⲏⲥ ⲁϥⲉⲓ ⲛϭⲓⲓⲏⲥⲟⲩⲥ ⲉⲧⲅⲁⲗⲓⲗⲁⲓⲁ ⲉϥⲕⲏⲣⲩⲥⲥⲉ ⲙⲡⲉⲩⲁⲅⲅⲉⲗⲓⲟⲛ ⲙⲡⲛⲟⲩⲧⲉ ϫⲉⲁⲡⲉⲩⲟⲉⲓϣ ϫⲱⲕ ⲉⲃⲟⲗ ⲁⲩⲱ ⲁⲥϩⲱⲛ ⲉϩⲟⲩⲛ ⲛϭⲓⲧⲙⲛⲧⲣⲣⲟ ⲙⲡⲛⲟⲩⲧⲉ ⲙⲉⲧⲁⲛⲟⲉⲓ ⲛⲧⲉⲧⲛⲡⲓⲥⲧⲉⲩⲉ ϩⲙⲡⲉⲩⲁⲅⲅⲉⲗⲓⲟⲛ .,sahidic,UD_Coptic-Scriptorium/test.conllu#sahidica_mark-Mark_01_s0015 (CC BY 4.0),gold
"Passing along by the sea of Galilee, he saw Simon and Andrew the brother of Simon casting a net into the sea, for they were fishermen.",ⲁⲩⲱ ⲉϥⲙⲟⲟϣⲉ ϩⲁⲧⲛⲧⲉⲑⲁⲗⲁⲥⲥⲁ ⲛⲧⲅⲁⲗⲓⲗⲁⲓⲁ ⲁϥⲛⲁⲩ ⲉⲥⲓⲙⲱⲛ ⲛⲙⲁⲛⲇⲣⲉⲁⲥ ⲡⲥⲟⲛ ⲛⲥⲓⲙⲱⲛ ⲉⲩⲛⲟⲩϫϣⲛⲉ ⲉⲧⲉⲑⲁⲗⲁⲥⲥⲁ ⲛⲉϩⲉⲛⲟⲩⲱϩⲉ ⲅⲁⲣ ⲛⲉ .,sahidic,UD_Coptic-Scriptorium/test.conllu#sahidica_mark-Mark_01_s0016 (CC BY 4.0),gold
"Jesus said to them, 'Come after me, and I will make you into fishers for men.'",ⲡⲉϫⲁϥ ⲛⲁⲩ ⲛϭⲓⲓⲏⲥⲟⲩⲥ ϫⲉⲁⲙⲏⲉⲓⲛ ⲟⲩⲉϩⲧⲏⲩⲧⲛ ⲛⲥⲱⲓ ⲁⲩⲱ ϯⲛⲁⲣⲧⲏⲩⲧⲛ ⲛⲟⲩⲱϩⲉ ⲛⲣⲉϥϭⲉⲡⲣⲱⲙⲉ .,sahidic,UD_Coptic-Scriptorium/test.conllu#sahidica_mark-Mark_01_s0017 (CC BY 4.0),gold
"Immediately they left their nets, and followed him.",ⲛⲧⲉⲩⲛⲟⲩ ⲇⲉ ⲁⲩⲕⲁⲛⲉⲩϣⲛⲏⲩ ⲁⲩⲟⲩⲁϩⲟⲩ ⲛⲥⲱϥ,sahidic,UD_Coptic-Scriptorium/test.conllu#sahidica_mark-Mark_01_s0018 (CC BY 4.0),gold
"Going on a little further from there, he saw James the son of Zebedee, and John, his brother, who were also in the boat mending the nets.",ⲁⲩⲱ ⲛⲧⲉⲣⲉϥⲙⲟⲟϣⲉ ⲉⲧϩⲏ ⲛⲟⲩⲕⲟⲩⲉⲓ ⲁϥⲛⲁⲩ ⲉⲓⲁⲕⲱⲃⲟⲥ ⲡϣⲏⲣⲉ ⲛⲍⲉⲃⲉⲇⲁⲓⲟⲥ ⲛⲙⲓⲱϩⲁⲛⲛⲏⲥ ⲡⲉϥⲥⲟⲛ ⲛⲧⲟⲟⲩ ϩⲱⲟⲩ ⲉⲩϩⲙⲡϫⲟⲉⲓ ⲉⲩⲥⲟⲃⲧⲉ ⲛⲛⲉⲩϣⲛⲏⲩ,sahidic,UD_Coptic-Scriptorium/test.conllu#sahidica_mark-Mark_01_s0019 (CC BY 4.0),gold
"Immediately he called them, and they left their father, Zebedee, in the boat with the hired servants, and went after him.",ⲛⲧⲉⲩⲛⲟⲩ ⲁϥⲙⲟⲩⲧⲉ ⲉⲣⲟⲟⲩ ⲁⲩⲱ ⲁⲩⲕⲁⲡⲉⲩⲉⲓⲱⲧ ⲍⲉⲃⲉⲇⲁⲓⲟⲥ ϩⲙⲡϫⲟⲉⲓ ⲙⲛⲛϫⲁⲓⲃⲉⲕⲉ ⲁⲩⲃⲱⲕ ⲁⲩⲟⲩⲁϩⲟⲩ ⲛⲥⲱϥ,sahidic,UD_Coptic-Scriptorium/test.conllu#sahidica_mark-Mark_01_s0020 (CC BY 4.0),gold
"They went into Capernaum, and immediately on the Sabbath day he entered into the synagogue and taught.",ⲁⲩⲃⲱⲕ ⲇⲉ ⲉϩⲟⲩⲛ ⲉⲕⲁⲫⲁⲣⲛⲁⲟⲩⲙ ⲁⲩⲱ ⲛⲧⲉⲩⲛⲟⲩ ϩⲛⲛⲥⲁⲃⲃⲁⲧⲟⲛ ⲁϥϯⲥⲃⲱ ϩⲛⲧⲥⲩⲛⲁⲅⲱⲅⲏ,sahidic,UD_Coptic-Scriptorium/test.conllu#sahidica_mark-Mark_01_s0021 (CC BY 4.0),gold
"They were astonished at his teaching, for he taught them as having authority, and not as the scribes.",ⲁⲩⲱ ⲁⲩⲣϣⲡⲏⲣⲉ ⲉϫⲛⲧⲉϥⲥⲃⲱ ⲉϥϯⲥⲃⲱ ⲅⲁⲣ ⲛⲁⲩ ⲛⲧϩⲉ ⲁⲛ ⲉⲧⲟⲩϯⲥⲃⲱ ⲛϭⲓⲛⲉⲅⲣⲁⲙⲙⲁⲧⲉⲩⲥ ϩⲱⲥ ⲉⲩⲛⲧϥⲧⲉⲝⲟⲩⲥⲓⲁ ⲙⲙⲁⲩ,sahidic,UD_Coptic-Scriptorium/test.conllu#sahidica_mark-Mark_01_s0022 (CC BY 4.0),gold
"saying, 'Ha! What do we have to do with you, Jesus, you Nazarene? Have you come to destroy us? I know you who you are: the Holy One of God!'",ⲁⲩⲱ ⲛⲧⲉⲩⲛⲟⲩ ⲛⲉⲩⲛⲟⲩⲣⲱⲙⲉ ϩⲛⲧⲥⲩⲛⲁⲅⲱⲅⲏ ⲉⲣⲉ ⲟⲩⲡⲛⲉⲩⲙⲁ ⲛⲁⲕⲁⲑⲁⲣⲧⲟⲛ ⲛⲙⲙⲁϥ ⲁⲩⲱ ⲁϥϫⲓϣⲕⲁⲕ ⲉⲃⲟⲗ ⲉϥϫⲱ ⲙⲙⲟⲥ ϫⲉⲁϩⲣⲟⲕ ⲛⲙⲙⲁⲛ ⲓⲏⲥⲟⲩⲥ ⲡⲛⲁⲍⲱⲣⲁⲓⲟⲥ ⲛⲧⲁⲕⲉⲓ ⲉⲧⲁⲕⲟⲛ ϯⲥⲟⲟⲩⲛ ⲙⲙⲟⲕ ϫⲉⲛⲧⲕⲛⲓⲙ ⲛⲧⲕⲡⲉⲧⲟⲩⲁⲁⲃ ⲙⲡⲛⲟⲩⲧⲉ .,sahidic,UD_Coptic-Scriptorium/test.conllu#sahidica_mark-Mark_01_s0023 (CC BY 4.0),gold
"Jesus rebuked him, saying, 'Be quiet, and come out of him!'",ⲁⲩⲱ ⲓⲏⲥⲟⲩⲥ ⲁϥⲉⲡⲓⲧⲓⲙⲁ ⲛⲁϥ ⲉϥϫⲱ ⲙⲙⲟⲥ ϫⲉⲧⲙⲣⲱⲕ ⲛⲅⲉⲓ ⲉⲃⲟⲗ ⲙⲙⲟϥ,sahidic,UD_Coptic-Scriptorium/test.conllu#sahidica_mark-Mark_01_s0024 (CC BY 4.0),gold
"The unclean spirit, convulsing him and crying with a loud voice, came out of him.",ⲁⲩⲱ ⲛⲧⲉⲣⲉⲡⲉⲡⲛⲉⲩⲙⲁ ⲛⲁⲕⲁⲑⲁⲣⲧⲟⲛ ⲣⲁϩⲧϥ ⲉⲡⲕⲁϩ ⲁⲩⲱ ⲁϥⲱϣ ⲉⲃⲟⲗ ϩⲛⲟⲩⲛⲟϭ ⲛϩⲣⲟⲟⲩ ⲁϥⲉⲓ ⲉⲃⲟⲗ ⲙⲙⲟϥ,sahidic,UD_Coptic-Scriptorium/test.conllu#sahidica_mark-Mark_01_s0025 (CC BY 4.0),gold
"They were all amazed, so that they questioned among themselves, saying, 'What is this? A new teaching? For with authority he commands even the unclean spirits, and they obey him!'",ⲁⲩⲱ ⲁⲩⲣϩⲟⲧⲉ ⲧⲏⲣⲟⲩ ϩⲱⲥⲧⲉ ⲛⲥⲉϣⲁϫⲉ ⲙⲛⲛⲉⲩⲉⲣⲏⲩ ⲉⲩϫⲱ ⲙⲙⲟⲥ ϫⲉⲟⲩ ⲡⲉ ⲡⲁⲓ ⲉⲓⲥⲟⲩⲥⲃⲱ ⲛⲃⲣⲣⲉ ϩⲛⲟⲩⲉⲝⲟⲩⲥⲓⲁ ⲛⲕⲉⲡⲛⲉⲩⲙⲁ ⲛⲁⲕⲁⲑⲁⲣⲧⲟⲛ ϥⲟⲩⲉϩⲥⲁϩⲛⲉ ⲛⲁⲩ ⲁⲩⲱ ⲥⲉⲥⲱⲧⲙ ⲛⲥⲱϥ,sahidic,UD_Coptic-Scriptorium/test.conllu#sahidica_mark-Mark_01_s0026 (CC BY 4.0),gold
The report of him went out immediately everywhere into all the region of Galilee and its surrounding area.,ⲁⲡⲉϥⲥⲟⲉⲓⲧ ⲃⲱⲕ ⲉⲃⲟⲗ ⲛⲧⲉⲩⲛⲟⲩ ϩⲙⲙⲁ ⲛⲓⲙ ⲙⲡⲕⲱⲧⲉ ⲧⲏⲣϥ ⲛⲧⲅⲁⲗⲓⲗⲁⲓⲁ .,sahidic,UD_Coptic-Scriptorium/test.conllu#sahidica_mark-Mark_01_s0027 (CC BY 4.0),gold
"Immediately, when they had come out of the synagogue, they came into the house of Simon and Andrew, with James and John.",ⲛⲧⲉⲩⲛⲟⲩ ⲇⲉ ⲛⲧⲉⲣⲟⲩⲉⲓ ⲉⲃⲟⲗ ϩⲛⲧⲥⲩⲛⲁⲅⲱⲅⲏ ⲁϥⲃⲱⲕ ⲉϩⲟⲩⲛ ⲉⲡⲏⲓ ⲛⲥⲓⲙⲱⲛ ⲙⲛⲁⲛⲇⲣⲉⲁⲥ ⲛⲙⲓⲁⲕⲱⲃⲟⲥ ⲛⲙⲓⲱϩⲁⲛⲛⲏⲥ,sahidic,UD_Coptic-Scriptorium/test.conllu#sahidica_mark-Mark_01_s0028 (CC BY 4.0),gold
"Now Simon's wife's mother lay sick with a fever, and immediately they told him about her.",ⲧϣⲱⲙⲉ ⲇⲉ ⲛⲥⲓⲙⲱⲛ ⲛⲉⲥⲛⲏϫ ⲉⲥϩⲏⲙ .,sahidic,UD_Coptic-Scriptorium/test.conllu#sahidica_mark-Mark_01_s0029 (CC BY 4.0),gold
"Now Simon's wife's mother lay sick with a fever, and immediately they told him about her.",ⲁⲩⲱ ⲛⲧⲉⲩⲛⲟⲩ ⲁⲩϣⲁϫⲉ ⲛⲙⲙⲁϥ ⲉⲧⲃⲏⲏⲧⲥ .,sahidic,UD_Coptic-Scriptorium/test.conllu#sahidica_mark-Mark_01_s0030 (CC BY 4.0),gold
"He came and took her by the hand, and raised her up. The fever left her, and she served them.",ⲁϥϯⲡⲉϥⲟⲩⲟⲉⲓ ⲇⲉ ⲉⲣⲟⲥ ⲁϥⲧⲟⲩⲛⲟⲥ ⲉⲁϥⲁⲙⲁϩⲧⲉ ⲛⲧⲉⲥϭⲓϫ ⲁⲩⲱ ⲡⲉϩⲙⲟⲙ ⲁϥⲗⲟ ϩⲓⲱⲱⲥ ⲁⲥⲇⲓⲁⲕⲟⲛⲓ ⲛⲁⲩ .,sahidic,UD_Coptic-Scriptorium/test.conllu#sahidica_mark-Mark_01_s0031 (CC BY 4.0),gold
"At evening, when the sun had set, they brought to him all who were sick, and those who were possessed by demons.",ⲣⲟⲩϩⲉ ⲇⲉ ⲛⲧⲉⲣⲉϥϣⲱⲡⲉ ⲡⲉ ⲉⲣⲉⲡⲣⲏ ⲛⲁϩⲱⲧⲡ ⲁⲩⲉⲓⲛⲉ ⲛⲁϥ ⲛⲛⲉⲧⲙⲟⲕϩ ⲧⲏⲣⲟⲩ ⲙⲛⲛⲉⲧⲣⲉⲛⲇⲁⲓⲙⲱⲛⲓⲟⲛ ⲛⲙⲙⲁⲩ,sahidic,UD_Coptic-Scriptorium/test.conllu#sahidica_mark-Mark_01_s0032 (CC BY 4.0),gold
All the city was gathered together at the door.,ⲁⲩⲱ ⲧⲡⲟⲗⲓⲥ ⲧⲏⲣⲥ ⲁⲥⲥⲱⲟⲩϩ ϩⲓⲣⲙⲡⲣⲟ ⲙⲡⲏⲓ .,sahidic,UD_Coptic-Scriptorium/test.conllu#sahidica_mark-Mark_01_s0033 (CC BY 4.0),gold
"He healed many who were sick with various diseases, and cast out many demons. He didn't allow the demons to speak, because they knew him.",ⲁϥⲑⲉⲣⲁⲡⲟⲩ ⲛⲟⲩⲙⲏⲏϣⲉ ⲉⲩⲙⲟⲕϩ ⲛϣⲱⲛⲉ ⲉⲩϣⲟⲃⲉ ⲁⲩⲱ ⲟⲩⲙⲏⲏϣⲉ ⲛⲇⲁⲓⲙⲱⲛⲓⲟⲛ ⲁϥⲛⲟϫⲟⲩ ⲉⲃⲟⲗ ⲉⲙⲁϥⲕⲁⲛⲇⲁⲓⲙⲱⲛⲓⲟⲛ ⲉϣⲁϫⲉ ⲉⲃⲟⲗ ϫⲉⲉⲩⲥⲟⲟⲩⲛ ⲙⲙⲟϥ,sahidic,UD_Coptic-Scriptorium/test.conllu#sahidica_mark-Mark_01_s0034 (CC BY 4.0),gold
"Early in the morning, while it was still dark, he rose up and went out, and departed into a deserted place, and prayed there.",ⲁⲩⲱ ϩⲧⲟⲟⲩ ⲉⲙⲁⲧⲉ ⲛⲧⲉⲣⲉϥⲧⲱⲟⲩⲛ ⲁϥⲃⲱⲕ ⲉⲃⲟⲗ ⲉⲩⲙⲁ ⲛϫⲁⲓⲉ ⲁϥϣⲗⲏⲗ ⲙⲡⲛⲁⲩ ⲉⲧⲙⲙⲁⲩ,sahidic,UD_Coptic-Scriptorium/test.conllu#sahidica_mark-Mark_01_s0035 (CC BY 4.0),gold
Simon and those who were with him followed after him;,ⲁⲩⲱ ⲁⲩⲡⲱⲧ ⲉⲃⲟⲗ ⲛⲥⲱϥ ⲛϭⲓⲥⲓⲙⲱⲛ ⲙⲛⲛⲉⲧⲛⲙⲙⲁϥ ⲁⲩⲧⲁϩⲟϥ,sahidic,UD_Coptic-Scriptorium/test.conllu#sahidica_mark-Mark_01_s0036 (CC BY 4.0),gold
"and they found him, and told him, 'Everyone is looking for you.'",ⲁⲩⲱ ⲡⲉϫⲁⲩ ⲛⲁϥ ϫⲉⲥⲉⲕⲱⲧⲉ ⲛⲥⲱⲕ ⲧⲏⲣⲟⲩ,sahidic,UD_Coptic-Scriptorium/test.conllu#sahidica_mark-Mark_01_s0037 (CC BY 4.0),gold
"He said to them, 'Let's go elsewhere into the next towns, that I may preach there also, because I came out for this reason.'",ⲡⲉϫⲁϥ ⲛⲁⲩ ϫⲉⲙⲁⲣⲟⲛ ⲉⲕⲉⲙⲁ ⲉⲛⲕⲉⲧⲙⲙⲟ ⲉⲧϩⲏⲛ ⲉϩⲟⲩⲛ ϫⲉⲕⲁⲁⲥ ⲉⲓⲉⲕⲏⲣⲩⲥⲥⲉ ⲟⲛ ⲛϩⲏⲧⲟⲩ ⲛⲧⲁⲓⲉⲓ ⲅⲁⲣ ⲉⲃⲟⲗ ⲉⲡⲉⲓϩⲱⲃ .,sahidic,UD_Coptic-Scriptorium/test.conllu#sahidica_mark-Mark_01_s0038 (CC BY 4.0),gold
"He went into their synagogues throughout all Galilee, preaching and casting out demons.",ⲁⲩⲱ ⲁϥⲃⲱⲕ ⲉϥⲕⲏⲣⲩⲥⲥⲉ ϩⲛⲛⲉⲩⲥⲩⲛⲁⲅⲱⲅⲏ ϩⲛⲧⲅⲁⲗⲓⲗⲁⲓⲁ ⲧⲏⲣⲥ ⲁⲩⲱ ⲛⲕⲉⲇⲁⲓⲙⲱⲛⲓⲟⲛ ⲉϥⲛⲟⲩϫⲉ ⲙⲙⲟⲟⲩ ⲉⲃⲟⲗ,sahidic,UD_Coptic-Scriptorium/test.conllu#sahidica_mark-Mark_01_s0039 (CC BY 4.0),gold
"A leper came to him, begging him, kneeling down to him, and saying to him, 'If you want to, you can make me clean.'",ⲁⲩⲱ ⲁϥⲉⲓ ϣⲁⲣⲟϥ ⲛϭⲓⲟⲩⲣⲱⲙⲉ ⲉϥⲥⲟⲃϩ ⲉϥⲡⲁⲣⲁⲕⲁⲗⲉⲓ ⲙⲙⲟϥ ⲉϥϫⲱ ⲙⲙⲟⲥ ⲛⲁϥ ϫⲉⲉⲕϣⲁⲛⲟⲩⲱϣ ⲕⲛⲁⲧⲃⲃⲟⲓ,sahidic,UD_Coptic-Scriptorium/test.conllu#sahidica_mark-Mark_01_s0040 (CC BY 4.0),gold
"Being moved with compassion, he stretched out his hand, and touched him, and said to him, 'I want to. Be made clean.'",ⲁⲩⲱ ⲛⲧⲉⲣⲉϥϣⲛϩⲧⲏϥ ⲁϥⲥⲟⲩⲧⲛⲧⲟⲟⲧϥ ⲉⲃⲟⲗ ⲁⲩⲱ ⲁϥⲕⲱϩ ⲉⲣⲟϥ ⲉϥϫⲱ ⲙⲙⲟⲥ ⲛⲁϥ ϫⲉϯⲟⲩⲱϣ ⲧⲃⲃⲟ .,sahidic,UD_Coptic-Scriptorium/test.conllu#sahidica_mark-Mark_01_s0041 (CC BY 4.0),gold
"When he had said this, immediately the leprosy departed from him, and he was made clean.",ⲁⲩⲱ ⲛⲧⲉⲩⲛⲟⲩ ⲁⲡⲉϥⲥⲱⲃⲁϩ ⲗⲟ ϩⲓⲱⲱϥ ⲁϥⲧⲃⲃⲟ .,sahidic,UD_Coptic-Scriptorium/test.conllu#sahidica_mark-Mark_01_s0042 (CC BY 4.0),gold
"and said to him, 'See you say nothing to anybody, but go show yourself to the priest, and offer for your cleansing the things which Moses commanded, for a testimony to them.'",ⲁⲩⲱ ⲛⲧⲉⲣⲉϥϩⲱⲛ ⲉⲧⲟⲟⲧϥ ⲛⲧⲉⲩⲛⲟⲩ ⲁϥϫⲟⲟⲩϥ ⲉⲃⲟⲗ ⲉϥϫⲱ ⲙⲙⲟⲥ ⲛⲁϥ ϫⲉϭⲱϣⲧ ⲙⲡⲣϫⲟⲟⲥ ⲛⲗⲁⲁⲩ .,sahidic,UD_Coptic-Scriptorium/test.conllu#sahidica_mark-Mark_01_s0043 (CC BY 4.0),gold
"and said to him, 'See you say nothing to anybody, but go show yourself to the priest, and offer for your cleansing the things which Moses commanded, for a testimony to them.'",ⲁⲗⲗⲁ ⲃⲱⲕ ⲛⲅⲧⲥⲁⲃⲟⲕ ⲉⲡⲟⲩⲏⲏⲃ ⲛⲅϫⲓ ⲉϩⲣⲁⲓ ⲉⲧⲃⲉⲡⲉⲕⲧⲃⲃⲟ ⲛⲛⲉⲛⲧⲁⲙⲱⲩⲥⲏⲥ ⲟⲩⲉϩⲥⲁϩⲛⲉ ⲙⲙⲟⲟⲩ ⲉⲩⲙⲛⲧⲙⲛⲧⲣⲉ ⲛⲁⲩ .,sahidic,UD_Coptic-Scriptorium/test.conllu#sahidica_mark-Mark_01_s0044 (CC BY 4.0),gold
"But he went out, and began to proclaim it much, and to spread about the matter, so that Jesus could no more openly enter into a city, but was outside in desert places: and they came to him from everywhere.",ⲛⲧⲉⲣⲉϥⲉⲓ ⲇⲉ ⲉⲃⲟⲗ ⲁϥⲁⲣⲭⲉⲥⲑⲁⲓ ⲛⲧⲁϣⲉⲟⲉⲓϣ ⲛϩⲁϩ ⲁⲩⲱ ⲉⲥⲣⲡϣⲁϫⲉ ϩⲱⲥⲧⲉ ⲛϥⲧⲙϭⲙϭⲟⲙ ⲉⲃⲱⲕ ⲉϩⲟⲩⲛ ⲉⲧⲡⲟⲗⲓⲥ ⲛⲟⲩⲱⲛϩ ⲁⲗⲗⲁ ⲛⲉϥϩⲛϩⲉⲛⲙⲁ ⲛϫⲁⲓⲉ ⲁⲩⲱ ⲛⲉⲩⲛⲏⲩ ⲉⲣⲁⲧϥ ⲉⲃⲟⲗ ϩⲙⲙⲁ ⲛⲓⲙ .,sahidic,UD_Coptic-Scriptorium/test.conllu#sahidica_mark-Mark_01_s0045 (CC BY 4.0),gold
"When he entered again into Capernaum after some days, it was heard that he was in the house.",ⲛⲧⲉⲣⲉϥⲃⲱⲕ ⲇⲉ ⲉϩⲟⲩⲛ ⲉⲕⲁⲫⲁⲣⲛⲁⲟⲩⲙ ϩⲓϫⲛϩⲉⲛϩⲟⲟⲩ ⲁⲩⲥⲱⲧⲙ ϫⲉϥϩⲛⲟⲩⲏⲓ,sahidic,UD_Coptic-Scriptorium/test.conllu#sahidica_mark-Mark_02_s0001 (CC BY 4.0),gold
"Immediately many were gathered together, so that there was no more room, not even around the door; and he spoke the word to them.",ⲁⲩⲱ ⲁⲩⲙⲏⲏϣⲉ ⲥⲱⲟⲩϩ ⲙⲙⲁⲩ ϩⲱⲥⲧⲉ ⲛⲧⲉⲧⲙⲛⲉϣ ϩⲓⲣⲙⲡⲣⲟ ϣⲟⲡⲟⲩ . ⲁⲩⲱ ⲁϥϣⲁϫⲉ ⲛⲙⲙⲁⲩ ϩⲙⲡϣⲁϫⲉ .,sahidic,UD_Coptic-Scriptorium/test.conllu#sahidica_mark-Mark_02_s0002 (CC BY 4.0),gold
"Four people came, carrying a paralytic to him.",ⲁⲩⲉⲓⲛⲉ ⲇⲉ ⲉⲣⲁⲧϥ ⲛⲟⲩⲣⲱⲙⲉ ⲉϥⲥⲏϭ ⲉⲣⲉϥⲧⲟⲟⲩ ⲛⲣⲱⲙⲉ ϥⲓ ϩⲁⲣⲟϥ,sahidic,UD_Coptic-Scriptorium/test.conllu#sahidica_mark-Mark_02_s0003 (CC BY 4.0),gold
"When they could not come near to him for the crowd, they removed the roof where he was. When they had broken it up, they let down the mat that the paralytic was lying on.",ⲁⲩⲱ ⲙⲡⲟⲩϣⲃⲱⲕ ⲛⲁϥ ⲉϩⲟⲩⲛ ⲉⲧⲃⲉⲡⲙⲏⲏϣⲉ ⲁⲩϭⲉⲗⲡⲧⲟⲩⲉϩⲥⲟⲓ ⲉⲃⲟⲗ ⲙⲡⲙⲁ ⲉⲧϥⲛϩⲏⲧϥ ⲁⲩⲱ ⲛⲧⲉⲣⲟⲩϣⲟϫⲧ ⲁⲩⲭⲁⲗⲁ ⲙⲡⲉϭⲗⲟϭ ⲉⲡⲉⲥⲏⲧ ⲡⲉⲧⲉⲣⲉⲡⲉⲧⲥⲏϭ ⲛⲏϫ ϩⲓϫⲱϥ .,sahidic,UD_Coptic-Scriptorium/test.conllu#sahidica_mark-Mark_02_s0004 (CC BY 4.0),gold
"Jesus, seeing their faith, said to the paralytic, 'Son, your sins are forgiven you.'",ⲁⲩⲱ ⲓⲏⲥⲟⲩⲥ ⲛⲧⲉⲣⲉϥⲛⲁⲩ ⲉⲧⲉⲩⲡⲓⲥⲧⲓⲥ ⲡⲉϫⲁϥ ⲙⲡⲉⲧⲥⲏϭ ϫⲉⲡⲁϣⲏⲣⲉ ⲥⲉⲛⲁⲕⲁⲛⲉⲕⲛⲟⲃⲉ ⲛⲁⲕ ⲉⲃⲟⲗ .,sahidic,UD_Coptic-Scriptorium/test.conllu#sahidica_mark-Mark_02_s0005 (CC BY 4.0),gold
"But there were some of the scribes sitting there, and reasoning in their hearts,",ⲛⲉⲩⲛϩⲟⲓⲛⲉ ⲇⲉ ⲛⲛⲉⲅⲣⲁⲙⲙⲁⲧⲉⲩⲥ ϩⲙⲟⲟⲥ ⲙⲡⲙⲁ ⲉⲧⲙⲙⲁⲩ ⲉⲩⲙⲟⲕⲙⲉⲕ ϩⲛⲛⲉⲩϩⲏⲧ,sahidic,UD_Coptic-Scriptorium/test.conllu#sahidica_mark-Mark_02_s0006 (CC BY 4.0),gold
Why does this man speak blasphemies like that? Who can forgive sins but God alone?',ϫⲉⲉⲧⲃⲉⲟⲩ ⲡⲁⲓ ϥϣⲁϫⲉ ϩⲓⲛⲁⲓ ⲉϥϫⲓⲟⲩⲁ ⲛⲓⲙ ⲡⲉⲧⲛⲁϣⲕⲁⲛⲟⲃⲉ ⲉⲃⲟⲗ ⲛⲥⲁⲡⲛⲟⲩⲧⲉ ⲙⲁⲩⲁⲁϥ .,sahidic,UD_Coptic-Scriptorium/test.conllu#sahidica_mark-Mark_02_s0007 (CC BY 4.0),gold
"Immediately Jesus, perceiving in his spirit that they so reasoned within themselves, said to them, 'Why do you reason these things in your hearts?",ⲁⲩⲱ ⲛⲧⲉⲩⲛⲟⲩ ⲛⲧⲉⲣⲉϥⲉⲓⲙⲉ ϩⲙⲡⲉϥⲡⲛⲉⲩⲙⲁ ϫⲉⲥⲉⲙⲟⲕⲙⲉⲕ ϩⲣⲁⲓ ⲛϩⲏⲧⲟⲩ ⲡⲉϫⲁϥ ⲛⲁⲩ ϫⲉⲉⲧⲃⲉⲟⲩ ⲧⲉⲧⲛⲙⲉⲉⲩⲉ ⲉⲛⲁⲓ ϩⲛⲛⲉⲧⲛϩⲏⲧ,sahidic,UD_Coptic-Scriptorium/test.conllu#sahidica_mark-Mark_02_s0008 (CC BY 4.0),gold
"Which is easier, to tell the paralytic, 'Your sins are forgiven;' or to say, 'Arise, and take up your bed, and walk?'",ⲁϣ ⲅⲁⲣ ⲡⲉⲧⲙⲟⲧⲛ ⲉϫⲟⲟⲥ ⲙⲡⲉⲧⲥⲏϭ ϫⲉⲧⲱⲟⲩⲛ ⲛⲅϥⲓⲡⲉⲕϭⲗⲟϭ ⲛⲅⲙⲟⲟϣⲉ ϫⲛⲉϫⲟⲟⲥ ϫⲉⲥⲉⲛⲁⲕⲁⲛⲉⲕⲛⲟⲃⲉ ⲛⲁⲕ ⲉⲃⲟⲗ,sahidic,UD_Coptic-Scriptorium/test.conllu#sahidica_mark-Mark_02_s0009 (CC BY 4.0),gold
But that you may know that the Son of Man has authority on earth to forgive sins'--he said to the paralytic--,ϫⲉⲕⲁⲁⲥ ⲇⲉ ⲉⲧⲉⲧⲛⲉⲛⲁⲩ ϫⲉⲟⲩⲛⲧϥⲉⲝⲟⲩⲥⲓⲁ ⲙⲙⲁⲩ ⲛϭⲓⲡϣⲏⲣⲉ ⲙⲡⲣⲱⲙⲉ ⲉⲕⲁⲛⲟⲃⲉ ⲉⲃⲟⲗ ϩⲓϫⲙⲡⲕⲁϩ ⲡⲉϫⲁϥ ⲙⲡⲉⲧⲥⲏϭ,sahidic,UD_Coptic-Scriptorium/test.conllu#sahidica_mark-Mark_02_s0010 (CC BY 4.0),gold
"I tell you, arise, take up your mat, and go to your house.'",ϫⲉⲧⲱⲟⲩⲛ ⲉⲓϫⲉⲣⲟⲕ ϥⲓ ⲙⲡⲉⲕϭⲗⲟϭ ⲃⲱⲕ ⲉⲡⲉⲕⲏⲓ,sahidic,UD_Coptic-Scriptorium/test.conllu#sahidica_mark-Mark_02_s0011 (CC BY 4.0),gold
"He arose, and immediately took up the mat, and went out in front of them all; so that they were all amazed, and glorified God, saying, 'We never saw anything like this!'",ⲁⲩⲱ ⲁϥⲧⲱⲟⲩⲛ ⲛⲧⲉⲩⲛⲟⲩ ⲁϥⲧⲁⲗⲉⲡⲉϥϭⲗⲟϭ ⲉϫⲱϥ ⲁϥⲉⲓ ⲉⲃⲟⲗ ϩⲓⲧϩⲏ ⲙⲙⲟⲟⲩ ⲧⲏⲣⲟⲩ ϩⲱⲥⲧⲉ ⲛⲥⲉⲣϣⲡⲏⲣⲉ ⲧⲏⲣⲟⲩ ⲛⲥⲉϯⲉⲟⲟⲩ ⲙⲡⲛⲟⲩⲧⲉ ⲉⲩϫⲱ ⲙⲙⲟⲥ ϫⲉⲙⲡⲛⲛⲁⲩ ⲉⲟⲩⲟⲛ ⲉⲛⲉϩ ϩⲓⲛⲁⲓ .,sahidic,UD_Coptic-Scriptorium/test.conllu#sahidica_mark-Mark_02_s0012 (CC BY 4.0),gold
"He went out again by the seaside. All the multitude came to him, and he taught them.",ⲁϥⲉⲓ ⲟⲛ ⲉⲃⲟⲗ ϩⲁⲧⲛⲧⲑⲁⲗⲁⲥⲥⲁ ⲁⲩⲱ ⲡⲙⲏⲏϣⲉ ⲧⲏⲣϥ ⲁⲩⲥⲱⲟⲩϩ ⲉⲣⲟϥ ⲁϥϯⲥⲃⲱ ⲛⲁⲩ,sahidic,UD_Coptic-Scriptorium/test.conllu#sahidica_mark-Mark_02_s0013 (CC BY 4.0),gold
"As he passed by, he saw Levi, the son of Alphaeus, sitting at the tax office, and he said to him, 'Follow me.' And he arose and followed him.",ⲁⲩⲱ ⲉϥⲡⲁⲣⲁⲅⲉ ⲁϥⲛⲁⲩ ⲉⲗⲉⲟⲩⲉⲓ ⲡϣⲏⲣⲉ ⲛⲁⲗⲫⲁⲓⲟⲥ ⲉϥϩⲙⲟⲟⲥ ϩⲓⲡⲉϥⲧⲉⲗⲱⲛⲓⲟⲛ ⲡⲉϫⲁϥ ⲛⲁϥ ϫⲉⲟⲩⲁϩⲕ ⲛⲥⲱⲉⲓ ⲁⲩⲱ ⲁϥⲧⲱⲟⲩⲛ ⲁϥⲟⲩⲁϩϥ ⲛⲥⲱϥ .,sahidic,UD_Coptic-Scriptorium/test.conllu#sahidica_mark-Mark_02_s0014 (CC BY 4.0),gold
"It happened, that he was reclining at the table in his house, and many tax collectors and sinners sat down with Jesus and his disciples, for there were many, and they followed him.",ⲁⲥϣⲱⲡⲉ ⲇⲉ ⲉϥⲛⲏϫ ϩⲙⲡⲉϥⲏⲓ ⲁϩⲁϩⲛⲧⲉⲗⲱⲛⲏⲥ ϩⲓⲣⲉϥⲣⲛⲟⲃⲉ ⲛⲟϫⲟⲩ ⲙⲛⲓⲏⲥⲟⲩⲥ ⲙⲛⲛⲉϥⲙⲁⲑⲏⲧⲏⲥ ⲛⲉⲩⲟϣ ⲅⲁⲣ . ⲁⲩⲱ ⲁⲩⲁϩⲟⲩ ⲛⲥⲱϥ,sahidic,UD_Coptic-Scriptorium/test.conllu#sahidica_mark-Mark_02_s0015 (CC BY 4.0),gold
"The scribes and the Pharisees, when they saw that he was eating with the sinners and tax collectors, said to his disciples, 'Why is it that he eats and drinks with tax collectors and sinners?'",ⲛⲉⲅⲣⲁⲙⲙⲁⲧⲉⲩⲥ ⲙⲛⲛⲉⲫⲁⲣⲓⲥⲥⲁⲓⲟⲥ ⲛⲧⲉⲣⲟⲩⲛⲁⲩ ϫⲉϥⲟⲩⲱⲙ ⲙⲛⲛⲣⲉϥⲣⲛⲟⲃⲉ ⲁⲩⲱ ⲛⲧⲉⲗⲱⲛⲏⲥ ⲡⲉϫⲁⲩ ⲛⲛⲉϥⲙⲁⲑⲏⲧⲏⲥ ϫⲉⲉⲧⲃⲉⲟⲩ ϥⲟⲩⲱⲙ ⲁⲩⲱ ϥⲥⲱ ⲙⲛⲛⲣⲉϥⲣⲛⲟⲃⲉ ⲁⲩⲱ ⲛⲧⲉⲗⲱⲛⲏⲥ,sahidic,UD_Coptic-Scriptorium/test.conllu#sahidica_mark-Mark_02_s0016 (CC BY 4.0),gold
"When Jesus heard it, he said to them, 'Those who are healthy have no need for a physician, but those who are sick. I came not to call the righteous, but sinners to repentance.'",ⲁⲩⲱ ⲓⲏⲥⲟⲩⲥ ⲛⲧⲉⲣⲉϥⲥⲱⲧⲙ ⲡⲉϫⲁϥ ⲛⲁⲩ ϫⲉⲛⲥⲉⲣⲭⲣⲉⲓⲁ ⲁⲛ ⲛϭⲓⲛⲉⲧⲧⲏⲕ ⲙⲡⲥⲁⲓⲛ ⲁⲗⲗⲁ ⲛⲉⲧϣⲟⲟⲡ ⲕⲁⲕⲱⲥ ⲛⲧⲁⲓⲉⲓ ⲁⲛ ⲉⲧⲉϩⲙⲛⲇⲓⲕⲁⲓⲟⲥ ⲁⲗⲗⲁ ⲛⲣⲉϥⲣⲛⲟⲃⲉ .,sahidic,UD_Coptic-Scriptorium/test.conllu#sahidica_mark-Mark_02_s0017 (CC BY 4.0),gold
"John's disciples and the Pharisees were fasting, and they came and asked him, 'Why do John's disciples and the disciples of the Pharisees fast, but your disciples don't fast?'",ⲁⲩⲱ ⲙⲙⲁⲑⲏⲧⲏⲥ ⲛⲓⲱϩⲁⲛⲛⲏⲥ ⲛⲙⲛⲁⲛⲉⲫⲁⲣⲓⲥⲥⲁⲓⲟⲥ ⲛⲉⲩⲛⲏⲥⲧⲉⲩⲉ . ⲁⲩⲉⲓ ⲇⲉ ⲛⲁϥ ⲉⲩϫⲱ ⲙⲙⲟⲥ ϫⲉⲉⲧⲃⲉⲟⲩ ⲙⲙⲁⲑⲏⲧⲏⲥ ⲛⲓⲱϩⲁⲛⲛⲏⲥ ⲁⲩⲱ ⲙⲙⲁⲑⲏⲧⲏⲥ ⲛⲛⲉⲫⲁⲣⲓⲥⲥⲁⲓⲟⲥ ⲥⲉⲛⲏⲥⲧⲉⲩⲉ ⲛⲉⲕⲙⲁⲑⲏⲧⲏⲥ ⲇⲉ ⲛⲥⲉⲛⲏⲥⲧⲉⲩⲉ ⲁⲛ,sahidic,UD_Coptic-Scriptorium/test.conllu#sahidica_mark-Mark_02_s0018 (CC BY 4.0),gold
"Jesus said to them, 'Can the groomsmen fast while the bridegroom is with them? As long as they have the bridegroom with them, they can't fast.",ⲡⲉϫⲉⲓⲏⲥⲟⲩⲥ ⲛⲁⲩ ϫⲉⲙⲏ ⲟⲩⲛϭⲟⲙ ⲉⲧⲣⲉⲩⲛⲏⲥⲧⲉⲩⲉ ⲛϭⲓⲛϣⲏⲣⲉ ⲙⲡⲙⲁ ⲛϣⲉⲗⲉⲉⲧ ϩⲟⲥⲟⲛ ⲉⲣⲉⲡⲁⲧϣⲉⲗⲉⲉⲧ ⲛⲙⲙⲁⲩ . ϩⲟⲥⲟⲛ ⲡⲁⲧϣⲉⲗⲉⲉⲧ ⲛⲙⲙⲁⲩ ⲛⲥⲉⲛⲁϣⲛⲏⲥⲧⲉⲩⲉ ⲁⲛ .,sahidic,UD_Coptic-Scriptorium/test.conllu#sahidica_mark-Mark_02_s0019 (CC BY 4.0),gold
"But the days will come when the bridegroom will be taken away from them, and then will they fast in that day.",ⲟⲩⲛϩⲉⲛϩⲟⲟⲩ ⲇⲉ ⲛⲏⲩ ϩⲟⲧⲁⲛ ⲉⲩϣⲁⲛϥⲓ ⲛⲧⲟⲟⲧⲟⲩ ⲙⲡⲁⲧϣⲉⲗⲉⲉⲧ ⲧⲟⲧⲉ ⲥⲉⲛⲁⲛⲏⲥⲧⲉⲩⲉ ϩⲛⲛⲉϩⲟⲟⲩ ⲉⲧⲙⲙⲁⲩ,sahidic,UD_Coptic-Scriptorium/test.conllu#sahidica_mark-Mark_02_s0020 (CC BY 4.0),gold
"No one sews a piece of unshrunk cloth on an old garment, or else the patch shrinks and the new tears away from the old, and a worse hole is made.",ⲙⲉⲣⲉⲗⲁⲁⲩ ⲛⲉϫⲧⲟⲉⲓⲥ ⲛϣⲁⲉⲓ ⲉⲣⲛϣⲧⲏⲛ ⲙⲡⲗϭⲉ ⲉϣⲱⲡⲉ ⲙⲙⲟⲛ ⲧⲧⲟⲉⲓⲥ ⲛϣⲁⲓ ⲛⲁϥⲓⲡⲕⲱⲧⲉ ⲙⲙⲁⲩ ⲛⲧⲉϣⲧⲏⲛ ⲙⲡⲗϭⲉ ⲛⲥⲡⲱϩ ⲛϩⲟⲩⲟ .,sahidic,UD_Coptic-Scriptorium/test.conllu#sahidica_mark-Mark_02_s0021 (CC BY 4.0),gold
"No one puts new wine into old wineskins, or else the new wine will burst the skins, and the wine pours out, and the skins will be destroyed; but they put new wine into fresh wineskins.'",ⲁⲩⲱ ⲙⲉⲣⲉⲗⲁⲁⲩ ⲛⲉϫⲏⲣⲡ ⲛⲃⲣⲣⲉ ⲉϩⲱⲧ ⲛⲁⲥ ⲉϣⲱⲡⲉ ⲙⲙⲟⲛ ⲡⲏⲣⲡ ⲛⲁⲡⲉϩⲛϩⲱⲧ ⲛⲧⲉⲡⲏⲣⲡ ⲡⲱⲛ ⲉⲃⲟⲗ ⲛⲧⲉⲛϩⲱⲧ ⲧⲁⲕⲟ . ⲁⲗⲗⲁ ⲉϣⲁⲩⲛⲉϫⲏⲣⲡ ⲛⲃⲣⲣⲉ ⲉϩⲱⲧ ⲛⲃⲣⲣⲉ .,sahidic,UD_Coptic-Scriptorium/test.conllu#sahidica_mark-Mark_02_s0022 (CC BY 4.0),gold
"It happened that he was going on the Sabbath day through the grain fields, and his disciples began, as they went, to pluck the ears of grain.",ⲁⲩⲱ ⲁⲥϣⲱⲡⲉ ϩⲛⲛⲥⲁⲃⲃⲁⲧⲟⲛ ⲉⲧⲣⲉϥⲙⲟⲟϣⲉ ⲉⲃⲟⲗ ϩⲛⲛⲉⲓⲱϩⲉ ⲉⲧⲣⲏⲧ ⲁⲩⲱ ⲛⲉϥⲙⲁⲑⲏⲧⲏⲥ ⲉⲩⲙⲟⲟϣⲉ ⲁⲩⲁⲣⲭⲓⲧⲗⲕϩⲙⲥ .,sahidic,UD_Coptic-Scriptorium/test.conllu#sahidica_mark-Mark_02_s0023 (CC BY 4.0),gold
"The Pharisees said to him, 'Behold, why do they do that which is not lawful on the Sabbath day?'",ⲛⲉⲫⲁⲣⲣⲓⲥⲁⲓⲟⲥ ⲇⲉ ⲡⲉϫⲁⲩ ⲛⲁϥ ϫⲉⲁⲛⲁⲩ ϫⲉⲉⲩⲣⲟⲩ ϩⲛⲛⲥⲁⲃⲃⲁⲧⲟⲛ ⲉⲟⲩⲕ ⲉⲝⲉⲥⲧⲓ ⲉⲁⲁϥ .,sahidic,UD_Coptic-Scriptorium/test.conllu#sahidica_mark-Mark_02_s0024 (CC BY 4.0),gold
"He said to them, 'Did you never read what David did, when he had need, and was hungry--he, and those who were with him?",ⲡⲉϫⲁϥ ⲛⲁⲩ ϫⲉⲙⲡⲉⲧⲛⲟϣϥ ⲗⲁⲁⲩ ϫⲉⲛⲧⲁⲇⲁⲩⲉⲓⲇ ⲣⲟⲩ ⲛⲧⲉⲣⲉϥϩⲕⲟ ⲛⲧⲟϥ ⲙⲛⲛⲉⲧⲛⲙⲙⲁϥ,sahidic,UD_Coptic-Scriptorium/test.conllu#sahidica_mark-Mark_02_s0025 (CC BY 4.0),gold
"How he entered into the house of God when Abiathar was high priest, and ate the show bread, which is not lawful to eat except for the priests, and gave also to those who were with him?'",ϫⲉⲛⲁϣ ⲛϩⲉ ⲁϥⲃⲱⲕ ⲉϩⲟⲩⲛ ⲉⲡⲏⲓ ⲙⲡⲛⲟⲩⲧⲉ ϩⲓⲁⲃⲓⲁⲑⲁⲣ ⲡⲁⲣⲭⲓⲉⲣⲉⲩⲥ ⲁⲩⲱ ⲛⲟⲉⲓⲕ ⲛⲧⲉⲡⲣⲟⲑⲉⲥⲓⲥ ⲁϥⲟⲩⲟⲙⲟⲩ ⲉⲟⲩⲕ ⲉⲝⲉⲥⲧⲓ ⲛⲁϥ ⲉⲟⲩⲟⲙⲟⲩ ⲛⲥⲁⲛⲟⲩⲏⲏⲃ ⲁⲩⲱ ⲁϥϯ ⲛⲛⲕⲟⲟⲩⲉ ⲉⲧⲛⲙⲙⲁϥ .,sahidic,UD_Coptic-Scriptorium/test.conllu#sahidica_mark-Mark_02_s0026 (CC BY 4.0),gold
"He said to them, 'The Sabbath was made for man, not man for the Sabbath.",ⲡⲉϫⲁϥ ⲟⲛ ⲛⲁⲩ ϫⲉⲡⲥⲁⲃⲃⲁⲧⲟⲛ ⲛⲧⲁϥϣⲱⲡⲉ ⲉⲧⲃⲉⲡⲣⲱⲙⲉ . ⲁⲩⲱ ⲛⲧⲁⲡⲣⲱⲙⲉ ϣⲱⲡⲉ ⲁⲛ ⲉⲧⲃⲉⲡⲥⲁⲃⲃⲁⲧⲟⲛ .,sahidic,UD_Coptic-Scriptorium/test.conllu#sahidica_mark-Mark_02_s0027 (CC BY 4.0),gold
Therefore the Son of Man is lord even of the Sabbath.',ϩⲱⲥⲧⲉ ⲡϣⲏⲣⲉ ⲙⲡⲣⲱⲙⲉ ⲡϫⲟⲉⲓⲥ ⲡⲉ ⲙⲡⲕⲉⲥⲁⲃⲃⲁⲧⲟⲛ .,sahidic,UD_Coptic-Scriptorium/test.conllu#sahidica_mark-Mark_02_s0028 (CC BY 4.0),gold
"He entered again into the synagogue, and there was a man there who had his hand withered.",ⲁⲩⲱ ⲁϥⲃⲱⲕ ⲟⲛ ⲉϩⲟⲩⲛ ⲉⲧⲥⲩⲛⲁⲅⲱⲅⲏ ⲛⲉⲩⲛⲟⲩⲣⲱⲙⲉ ⲇⲉ ⲙⲙⲁⲩ ⲉⲣⲉⲧⲉϥϭⲓϫ ⲙⲟⲟⲩⲧ,sahidic,UD_Coptic-Scriptorium/test.conllu#sahidica_mark-Mark_03_s0001 (CC BY 4.0),gold
"They watched him, whether he would heal him on the Sabbath day, that they might accuse him.",ⲁⲩⲱ ⲛⲉⲩⲡⲁⲣⲁⲧⲏⲣⲉⲓ ⲉⲣⲟϥ ϫⲉⲉⲛⲉϥⲛⲁⲑⲉⲣⲁⲡⲟⲩ ⲙⲙⲟϥ ϩⲛⲛⲥⲁⲃⲃⲁⲧⲟⲛ ϫⲉ ⲉⲩⲉⲕⲁⲧⲏⲅⲟⲣⲉⲓ ⲙⲙⲟϥ,sahidic,UD_Coptic-Scriptorium/test.conllu#sahidica_mark-Mark_03_s0002 (CC BY 4.0),gold
"He said to the man who had his hand withered, 'Stand up.'",ⲁⲩⲱ ⲡⲉϫⲁϥ ⲙⲡⲣⲱⲙⲉ ⲉⲣⲉⲧⲉϥϭⲓϫ ⲙⲟⲟⲩⲧ ϫⲉⲧⲱⲟⲩⲛⲅ ⲁⲙⲟⲩ ⲉⲧⲙⲏⲧⲉ .,sahidic,UD_Coptic-Scriptorium/test.conllu#sahidica_mark-Mark_03_s0003 (CC BY 4.0),gold
"He said to them, 'Is it lawful on the Sabbath day to do good, or to do harm? To save a life, or to kill?' But they were silent.",ⲁⲩⲱ ⲡⲉϫⲁϥ ⲛⲁⲩ ϫⲉⲉⲝⲉⲥⲧⲓ ϩⲛⲛⲥⲁⲃⲃⲁⲧⲟⲛ ⲉⲣⲡⲉⲧⲛⲁⲛⲟⲩϥ ϫⲛⲣⲡⲉⲧϩⲟⲟⲩ ⲉⲧⲁⲛϩⲉⲟⲩⲯⲩⲭⲏ ϫⲛⲉⲙⲟⲟⲩⲧⲥ . ⲛⲧⲟⲟⲩ ⲇⲉ ⲁⲩⲕⲁⲣⲱⲟⲩ,sahidic,UD_Coptic-Scriptorium/test.conllu#sahidica_mark-Mark_03_s0004 (CC BY 4.0),gold
"When he had looked around at them with anger, being grieved at the hardening of their hearts, he said to the man, 'Stretch out your hand.' He stretched it out, and his hand was restored as healthy as the other.",ⲁⲩⲱ ⲛⲧⲉⲣⲉϥϭⲱϣⲧ ⲉϩⲟⲩⲛ ⲉϩⲣⲁⲩ ϩⲛⲟⲩⲟⲣⲅⲏ ⲉϥⲙⲟⲕϩ ⲛϩⲏⲧ ⲉϫⲙⲡⲧⲱⲙ ⲛϩⲏⲧ ⲙⲡⲉⲩϩⲏⲧ ⲡⲉϫⲁϥ ⲙⲡⲣⲱⲙⲉ ϫⲉⲥⲟⲩⲧⲛⲧⲉⲕϭⲓϫ ⲉⲃⲟⲗ ⲁϥⲥⲟⲩⲧⲱⲛⲥ ⲁⲩⲱ ⲁⲥⲗⲟ ⲛϭⲓⲧⲉϥϭⲓϫ .,sahidic,UD_Coptic-Scriptorium/test.conllu#sahidica_mark-Mark_03_s0005 (CC BY 4.0),gold
"The Pharisees went out, and immediately conspired with the Herodians against him, how they might destroy him.",ⲛⲧⲉⲣⲟⲩⲉⲓ ⲇⲉ ⲉⲃⲟⲗ ⲛⲧⲉⲩⲛⲟⲩ ⲛϭⲓⲛⲉⲫⲁⲣⲓⲥⲥⲁⲓⲟⲥ ⲙⲛⲛϩⲏⲣⲱⲇⲓⲁⲛⲟⲥ ⲁⲩϫⲓϣⲟϫⲛⲉ ⲉⲣⲟϥ ϫⲉⲕⲁⲁⲥ ⲉⲩⲉⲧⲁⲕⲟϥ,sahidic,UD_Coptic-Scriptorium/test.conllu#sahidica_mark-Mark_03_s0006 (CC BY 4.0),gold
"Jesus withdrew to the sea with his disciples, and a great multitude followed him from Galilee, from Judea,",ⲁⲩⲱ ⲓⲏⲥⲟⲩⲥ ⲁϥⲁⲛⲁⲭⲱⲣⲉⲓ ⲙⲛⲛⲉϥⲙⲁⲑⲏⲧⲏⲥ ⲉⲃⲟⲗ ⲉⲧⲉⲑⲁⲗⲁⲥⲥⲁ . ⲁⲩⲱ ⲟⲩⲛⲟϭ ⲙⲙⲏⲏϣⲉ ⲉⲃⲟⲗ ϩⲛⲧⲅⲁⲗⲓⲗⲁⲓⲁ ⲁⲩⲟⲩⲁϩⲟⲩ ⲛⲥⲱϥ ⲙⲛⲧⲓⲟⲩⲇⲁⲓⲁ,sahidic,UD_Coptic-Scriptorium/test.conllu#sahidica_mark-Mark_03_s0007 (CC BY 4.0),gold
"from Jerusalem, from Idumaea, beyond the Jordan, and those from around Tyre and Sidon. A great multitude, hearing what great things he did, came to him.",ⲙⲛⲧϩⲓⲉⲣⲟⲥⲟⲗⲩⲙⲁ ⲁⲩⲱ ⲕⲉⲛⲟϭ ⲙⲙⲏⲏϣⲉ ⲉⲃⲟⲗ ϩⲛⲧⲓⲇⲟⲩⲙⲁⲓⲁ ⲙⲛⲡⲉⲕⲣⲟ ⲙⲡⲓⲟⲣⲇⲁⲛⲏⲥ ⲙⲛⲡⲕⲱⲧⲉ ⲛⲧⲩⲣⲟⲥ ⲙⲛⲥⲓⲇⲱⲛ ⲉⲩⲥⲱⲧⲙ ⲉⲛⲉⲧϥⲉⲓⲣⲉ ⲙⲙⲟⲟⲩ ⲁⲩⲉⲓ ϣⲁⲣⲟϥ,sahidic,UD_Coptic-Scriptorium/test.conllu#sahidica_mark-Mark_03_s0008 (CC BY 4.0),gold
"He spoke to his disciples that a little boat should stay near him because of the crowd, so that they wouldn't press on him.",ⲁⲩⲱ ⲁϥϫⲟⲟⲥ ⲛⲛⲉϥⲙⲁⲑⲏⲧⲏⲥ ϫⲉⲉⲣⲉϩⲉⲛⲉϫⲏⲩ ⲡⲣⲟⲥⲕⲁⲣⲧⲉⲣⲉⲓ ⲉⲣⲟϥ ⲉⲧⲃⲉⲡⲙⲏⲏϣⲉ ϫⲉⲛⲛⲉⲩⲑⲗⲓⲃⲉ ⲙⲙⲟϥ,sahidic,UD_Coptic-Scriptorium/test.conllu#sahidica_mark-Mark_03_s0009 (CC BY 4.0),gold
"For he had healed many, so that as many as had diseases pressed on him that they might touch him.",ⲛⲁϣⲉⲛⲉⲛⲧⲁϥⲧⲁⲗϭⲟⲟⲩ ⲅⲁⲣ ϩⲱⲥⲧⲉ ⲉⲧⲣⲉⲩϯⲡⲉⲩⲟⲩⲟⲓ ⲉⲣⲟϥ ϫⲉⲉⲩⲉϫⲱϩ ⲉⲣⲟϥ . ⲁⲩⲱ ⲛⲉⲧⲉⲙⲙⲁⲥⲧⲓⲅⲝ ϩⲓⲱⲟⲩ,sahidic,UD_Coptic-Scriptorium/test.conllu#sahidica_mark-Mark_03_s0010 (CC BY 4.0),gold
"The unclean spirits, whenever they saw him, fell down before him, and cried, 'You are the Son of God!'",ⲙⲛⲛⲉⲡⲛⲉⲩⲙⲁ ⲛⲁⲕⲁⲑⲁⲣⲧⲟⲛ ⲉⲩϣⲁⲛⲛⲁⲩ ⲉⲣⲟϥ ϣⲁⲩⲡⲁϩⲧⲟⲩ ϩⲁⲣⲁⲧϥ ⲛⲥⲉϫⲓϣⲕⲁⲕ ⲉⲃⲟⲗ ⲉⲩϫⲱ ⲙⲙⲟⲥ ϫⲉⲛⲧⲟⲕⲡⲉ ⲡϣⲏⲣⲉ ⲙⲡⲛⲟⲩⲧⲉ,sahidic,UD_Coptic-Scriptorium/test.conllu#sahidica_mark-Mark_03_s0011 (CC BY 4.0),gold
He sternly warned them that they should not make him known.,ⲁⲩⲱ ⲛⲉϥⲉⲡⲓⲧⲓⲙⲁ ⲛⲁⲩ ⲉⲙⲁⲧⲉ ϫⲉⲛⲛⲉⲩⲟⲩⲟⲛϩϥ ⲉⲃⲟⲗ .,sahidic,UD_Coptic-Scriptorium/test.conllu#sahidica_mark-Mark_03_s0012 (CC BY 4.0),gold
"He went up into the mountain, and called to himself those whom he wanted, and they went to him.",ⲁϥⲃⲱⲕ ⲇⲉ ⲉϩⲣⲁⲓ ⲉⲡⲧⲟⲟⲩ ⲁⲩⲱ ⲁϥⲙⲟⲩⲧⲉ ⲉⲛⲉⲧϥⲟⲩⲁϣⲟⲩ,sahidic,UD_Coptic-Scriptorium/test.conllu#sahidica_mark-Mark_03_s0013 (CC BY 4.0),gold
"He appointed twelve, that they might be with him, and that he might send them out to preach,",ⲁϥⲛⲉϩⲙⲛⲧⲥⲛⲟⲟⲩⲥ ⲉⲃⲟⲗ [ ⲛϩⲏⲧⲟⲩ ⲛⲁⲓ ⲛⲧⲁϥϯ ⲡⲓⲛⲟⲩ ⲛⲉⲁⲡⲟⲥⲧⲟⲗⲟⲥ ] ϫⲉⲉⲩⲉϣⲱⲡⲉ ⲛⲙⲙⲁϥ ⲁⲩⲱ ⲛϥϫⲟⲟⲩⲥⲉ ⲉⲃⲟⲗ ⲉⲧⲁϣⲉⲟⲉⲓϣ,sahidic,UD_Coptic-Scriptorium/test.conllu#sahidica_mark-Mark_03_s0014 (CC BY 4.0),gold
and to have authority to heal sicknesses and to cast out demons:,ⲛϥϯ ⲛⲁⲩ ⲛⲧⲉⲝⲟⲩⲥⲓⲁ ⲉⲛⲉϫⲇⲁⲓⲙⲱⲛⲓⲟⲛ ⲉⲃⲟⲗ,sahidic,UD_Coptic-Scriptorium/test.conllu#sahidica_mark-Mark_03_s0015 (CC BY 4.0),gold
"Simon, to whom he gave the name Peter;",ⲁⲩⲱ ⲁϥⲧⲁϩⲟ ⲉⲣⲁⲧⲟⲩ ⲙⲡⲙⲛⲧⲥⲛⲟⲟⲩⲥ ⲁⲩⲱ ⲥⲓⲙⲱⲛ ⲁϥϯⲟⲩⲣⲁⲛ ⲉⲣⲟϥ ϫⲉⲡⲉⲧⲣⲟⲥ .,sahidic,UD_Coptic-Scriptorium/test.conllu#sahidica_mark-Mark_03_s0016 (CC BY 4.0),gold
"James the son of Zebedee; John, the brother of James, and he surnamed them Boanerges, which means, Sons of Thunder;",ⲁⲩⲱ ⲓⲁⲕⲱⲃⲟⲥ ⲡϣⲏⲣⲉ ⲛⲍⲉⲃⲉⲇⲁⲓⲟⲥ ⲙⲛⲓⲱϩⲁⲛⲏⲥ ⲡⲥⲟⲛ ⲛⲓⲁⲕⲱⲃⲟⲥ . ⲁϥϯϩⲉⲛⲣⲁⲛ ⲉⲣⲟⲟⲩ ϫⲉⲃⲟⲁⲛⲏⲣⲅⲉⲥ ⲉⲧⲉⲡⲁⲓⲡⲉ ⲛϣⲏⲣⲉ ⲙⲡⲉϩⲣⲟⲩⲃⲃⲁⲉⲓ .,sahidic,UD_Coptic-Scriptorium/test.conllu#sahidica_mark-Mark_03_s0017 (CC BY 4.0),gold
"Andrew; Philip; Bartholomew; Matthew; Thomas; James, the son of Alphaeus; Thaddaeus; Simon the Zealot;",ⲁⲩⲱ ⲁⲛⲇⲣⲉⲁⲥ ⲙⲛⲫⲓⲗⲓⲡⲡⲟⲥ ⲙⲛⲃⲁⲣⲑⲟⲗⲟⲙⲁⲓⲟⲥ . ⲙⲛⲙⲁⲑⲁⲓⲟⲥ . ⲙⲛⲑⲱⲙⲁⲥ ⲁⲩⲱ ⲓⲁⲕⲱⲃⲟⲥ ⲡϣⲏⲣⲉ ⲛⲁⲗⲫⲁⲓⲟⲥ ⲙⲛⲑⲁⲇⲇⲁⲓⲟⲥ ⲁⲩⲱ ⲥⲓⲙⲱⲛ ⲡⲕⲁⲛⲁⲛⲁⲓⲟⲥ,sahidic,UD_Coptic-Scriptorium/test.conllu#sahidica_mark-Mark_03_s0018 (CC BY 4.0),gold
"and Judas Iscariot, who also betrayed him.",ⲙⲛⲓⲟⲩⲇⲁⲥ ⲡⲓⲥⲕⲁⲣⲓⲱⲧⲏⲥ ⲡⲉⲛⲧⲁϥⲡⲁⲣⲁⲇⲓⲇⲟⲩ ⲙⲙⲟϥ,sahidic,UD_Coptic-Scriptorium/test.conllu#sahidica_mark-Mark_03_s0019 (CC BY 4.0),gold
"He came into a house. The multitude came together again, so that they could not so much as eat bread.",ⲁⲩⲱ ⲁϥⲉⲓ ⲉϩⲟⲩⲛ ⲉⲡⲏⲓ ⲁⲡⲙⲏⲏϣⲉ ⲟⲛ ⲥⲱⲟⲩϩ ⲉⲣⲟϥ ϩⲱⲥⲧⲉ ⲛⲥⲉⲧⲙⲥⲣϥⲉ ⲉⲟⲩⲉⲙⲡⲉⲩⲟⲉⲓⲕ,sahidic,UD_Coptic-Scriptorium/test.conllu#sahidica_mark-Mark_03_s0020 (CC BY 4.0),gold
"When his friends heard it, they went out to seize him: for they said, 'He is insane.'",ⲛⲧⲉⲣⲟⲩⲥⲱⲧⲙ ⲇⲉ ⲛϭⲓⲛⲉϥⲣⲱⲙⲉ ⲁⲩⲉⲓ ⲉⲃⲟⲗ ⲉⲁⲙⲁϩⲧⲉ ⲙⲙⲟϥ ⲛⲉⲩϫⲱ ⲅⲁⲣ ⲙⲙⲟⲥ ϫⲉⲁⲡⲉϥϩⲏⲧ ⲡⲱϣⲥ .,sahidic,UD_Coptic-Scriptorium/test.conllu#sahidica_mark-Mark_03_s0021 (CC BY 4.0),gold
"The scribes who came down from Jerusalem said, 'He has Beelzebul,' and, 'By the prince of the demons he casts out the demons.'",ⲁⲩⲱ ⲛⲉⲅⲣⲁⲙⲙⲁⲧⲉⲩⲥ ⲛⲧⲁⲩⲉⲓ ⲉⲃⲟⲗ ϩⲛⲧϩⲓⲉⲣⲟⲥⲟⲗⲩⲙⲁ ⲛⲉⲩϫⲱ ⲙⲙⲟⲥ ϫⲉⲉⲣⲉⲃⲉⲉⲗⲍⲉⲃⲟⲩⲗ ⲛⲙⲙⲁϥ ⲁⲩⲱ ϩⲙⲡⲁⲣⲭⲱⲛ ⲛⲛⲇⲁⲓⲙⲱⲛⲓⲟⲛ ⲉϥⲛⲉϫⲇⲁⲓⲙⲱⲛⲓⲟⲛ ⲉⲃⲟⲗ,sahidic,UD_Coptic-Scriptorium/test.conllu#sahidica_mark-Mark_03_s0022 (CC BY 4.0),gold
"He summoned them, and said to them in parables, 'How can Satan cast out Satan?",ⲁϥⲙⲟⲩⲧⲉ ⲇⲉ ⲉⲣⲟⲟⲩ ⲁϥϣⲁϫⲉ ⲛⲙⲙⲁⲩ ϩⲛϩⲉⲛⲡⲁⲣⲁⲃⲟⲗⲏ ⲉϥϫⲱ ⲙⲙⲟⲥ ϫⲉⲛⲁϣ ⲛϩⲉ ⲡⲥⲁⲧⲁⲛⲁⲥ ϥⲛⲁⲛⲉϫⲡⲥⲁⲧⲁⲛⲁⲥ ⲉⲃⲟⲗ,sahidic,UD_Coptic-Scriptorium/test.conllu#sahidica_mark-Mark_03_s0023 (CC BY 4.0),gold
"If a kingdom is divided against itself, that kingdom cannot stand.",ⲁⲩⲱ ⲉⲣϣⲁⲛⲟⲩⲙⲛⲧⲣⲣⲟ ⲡⲱⲣϫ ⲉⲛⲉⲥⲉⲣⲏⲩ ⲛⲥⲛⲁϣⲁϩⲉ ⲁⲛ ⲉⲣⲁⲧⲥ ⲛϭⲓⲧⲙⲛⲧⲣⲣⲟ ⲉⲧⲙⲙⲁⲩ .,sahidic,UD_Coptic-Scriptorium/test.conllu#sahidica_mark-Mark_03_s0024 (CC BY 4.0),gold
"If a house is divided against itself, that house cannot stand.",ⲁⲩⲱ ⲉⲣϣⲁⲛⲟⲩⲏⲓ ⲡⲱⲣϫ ⲉⲛⲉϥⲉⲣⲏⲩ ⲛⲛⲉϣⲡⲏⲓ ⲉⲧⲙⲙⲁⲩ ⲁϩⲉⲣⲁⲧϥ .,sahidic,UD_Coptic-Scriptorium/test.conllu#sahidica_mark-Mark_03_s0025 (CC BY 4.0),gold
"If Satan has risen up against himself, and is divided, he can't stand, but has an end.",ⲁⲩⲱ ⲉϣϫⲉ ⲡⲥⲁⲧⲁⲛⲁⲥ ⲁϥⲧⲱⲟⲩⲛ ⲛⲧⲟϥ ⲉϫⲱϥ ⲁⲩⲱ ⲁϥⲡⲱⲣϫ ⲛⲛⲉϥϣⲁϩⲉⲣⲁⲧϥ . ⲁⲗⲗⲁ ⲁⲧⲉϥϩⲁⲏ ϣⲱⲡⲉ .,sahidic,UD_Coptic-Scriptorium/test.conllu#sahidica_mark-Mark_03_s0026 (CC BY 4.0),gold
"But no one can enter into the house of the strong man to plunder, unless he first binds the strong man; and then he will plunder his house.",ⲁⲗⲗⲁ ⲙⲛⲗⲁⲁⲩ ⲛⲁϣⲃⲱⲕ ⲉϩⲟⲩⲛ ⲉⲡⲏⲓ ⲙⲡϫⲱⲱⲣⲉ ⲛϥⲧⲱⲣⲡ ⲛⲛⲉϥϩⲛⲁⲟⲩ ⲉϥⲧⲙⲙⲟⲩⲣ ⲛϣⲟⲣⲡ ⲙⲡϫⲱⲱⲣ . ⲁⲩⲱ ⲧⲟⲧⲉ ⲛϥⲧⲱⲣⲡ ⲙⲡⲉϥⲏⲓ .,sahidic,UD_Coptic-Scriptorium/test.conllu#sahidica_mark-Mark_03_s0027 (CC BY 4.0),gold
"Most certainly I tell you, all sins of the descendants of man will be forgiven, including their blasphemies with which they may blaspheme;",ϩⲁⲙⲏⲛ ϯϫⲱ ⲙⲙⲟⲥ ⲛⲏⲧⲛ ϫⲉⲛⲟⲃⲉ ⲛⲓⲙ ϩⲓⲟⲩⲁ ⲛⲓⲙ ⲉⲧⲟⲩⲛⲁϫⲟⲟⲩ ⲛϭⲓⲛϣⲏⲣⲉ ⲛⲛⲣⲱⲙⲉ ⲥⲉⲛⲁⲕⲁⲁⲩ ⲛⲁⲩ ⲉⲃⲟⲗ,sahidic,UD_Coptic-Scriptorium/test.conllu#sahidica_mark-Mark_03_s0028 (CC BY 4.0),gold
"but whoever may blaspheme against the Holy Spirit never has forgiveness, but is guilty of an eternal sin'",ⲡⲉⲧⲛⲁϫⲓⲟⲩⲁ ⲇⲉ ⲉⲡⲉⲡⲛⲉⲩⲙⲁ ⲉⲧⲟⲩⲁⲁⲃ ⲙⲙⲛⲧϥ ⲕⲱ ⲉⲃⲟⲗ ϣⲁⲉⲛⲉϩ ⲁⲗⲗⲁ ϥϭⲏⲡ ⲉⲩⲛⲟⲃⲉ ϣⲁⲉⲛⲉϩ .,sahidic,UD_Coptic-Scriptorium/test.conllu#sahidica_mark-Mark_03_s0029 (CC BY 4.0),gold
"--because they said, 'He has an unclean spirit.'",ⲉⲃⲟⲗ ϫⲉⲥⲉϫⲱ ⲙⲙⲟⲥ ϫⲉⲟⲩⲡⲛⲉⲩⲙⲁ ⲛⲁⲕⲁⲑⲁⲣⲧⲟⲛ ⲛⲙⲙⲁϥ .,sahidic,UD_Coptic-Scriptorium/test.conllu#sahidica_mark-Mark_03_s0030 (CC BY 4.0),gold
"His mother and his brothers came, and standing outside, they sent to him, calling him.",ⲁⲩⲱ ⲁⲩⲉⲓ ⲛϭⲓⲧⲉϥⲙⲁⲁⲩ ⲙⲛⲛⲉϥⲥⲛⲏⲩ ⲁⲩⲁϩⲉⲣⲁⲧⲟⲩ ϩⲓⲃⲟⲗ ⲁⲩⲱ ⲁⲩϫⲟⲟⲩ ⲛⲁϥ ⲉϩⲟⲩⲛ ⲉⲩⲙⲟⲩⲧⲉ ⲉⲣⲟϥ,sahidic,UD_Coptic-Scriptorium/test.conllu#sahidica_mark-Mark_03_s0031 (CC BY 4.0),gold
"A multitude was sitting around him, and they told him, 'Behold, your mother, your brothers, and your sisters are outside looking for you.'",ⲁⲩⲱ ⲛⲉϥϩⲙⲟⲟⲥ ϩⲙⲡⲉϥⲕⲱⲧⲉ ⲛϭⲓⲟⲩⲙⲏⲏϣⲉ ⲡⲉϫⲁⲩ ⲇⲉ ⲛⲁⲩ ϫⲉⲉⲓⲥⲧⲉⲕⲙⲁⲁⲩ ⲙⲛⲛⲉⲕⲥⲛⲏⲩ ⲥⲉⲕⲱⲧⲉ ⲛⲥⲱⲕ ϩⲓⲃⲟⲗ,sahidic,UD_Coptic-Scriptorium/test.conllu#sahidica_mark-Mark_03_s0032 (CC BY 4.0),gold
"He answered them, 'Who are my mother and my brothers?'",ⲁϥⲟⲩⲱϣⲃ ⲇⲉ ⲉϥϫⲱ ⲙⲙⲟⲥ ⲛⲁⲩ ϫⲉ ⲛⲓⲙⲧⲉ ⲧⲁⲙⲁⲁⲩ ⲁⲩⲱ ⲛⲓⲙⲛⲉ ⲛⲁⲥⲛⲏⲩ,sahidic,UD_Coptic-Scriptorium/test.conllu#sahidica_mark-Mark_03_s0033 (CC BY 4.0),gold
"Looking around at those who sat around him, he said, 'Behold, my mother and my brothers!",ⲁϥϭⲱϣⲧ ⲉⲛⲉⲧⲙⲡⲉϥⲕⲱⲧⲉ ⲉⲧϩⲙⲟⲟⲥ ϩⲁϩⲧⲏϥ . ⲡⲉϫⲁϥ ϫⲉⲉⲓⲥⲧⲁⲙⲁⲁⲩ ⲁⲩⲱ ⲛⲁⲥⲛⲏⲩ .,sahidic,UD_Coptic-Scriptorium/test.conllu#sahidica_mark-Mark_03_s0034 (CC BY 4.0),gold
"For whoever does the will of God, the same is my brother, and my sister, and mother.'",ⲡⲉⲧⲛⲁⲉⲓⲣⲉ ⲅⲁⲣ ⲙⲡⲟⲩⲱϣ ⲙⲡⲛⲟⲩⲧⲉ . ⲡⲁⲓⲡⲉ ⲡⲁⲥⲟⲛ ⲁⲩⲱ ⲧⲁⲥⲱⲛⲉ ⲁⲩⲱ ⲧⲁⲙⲁⲁⲩ .,sahidic,UD_Coptic-Scriptorium/test.conllu#sahidica_mark-Mark_03_s0035 (CC BY 4.0),gold
"Again he began to teach by the seaside. A great multitude was gathered to him, so that he entered into a boat in the sea, and sat down. All the multitude were on the land by the sea.",ⲁϥⲁⲣⲭⲉⲥⲑⲁⲓ ⲟⲛ ⲉϯⲥⲃⲱ ϩⲁⲧⲉⲑⲁⲗⲁⲥⲥⲁ . ⲁⲩⲱ ⲁⲩⲛⲟϭ ⲙⲙⲏⲏϣⲉ ⲥⲱⲟⲩϩ ⲉⲣⲟϥ ϩⲱⲥⲧⲉ ⲉⲧⲣⲉϥⲁⲗⲉ ⲉⲡϫⲟⲉⲓ ⲛϥϩⲙⲟⲟⲥ ϩⲛⲧⲉⲑⲁⲗⲁⲥⲥⲁ . ⲁⲩⲱ ⲡⲙⲏⲏϣⲉ ⲧⲏⲣϥ ⲛⲉϥⲁϩⲉⲣⲁⲧϥ ϩⲓⲡⲉⲕⲣⲟ ⲛⲧⲉⲑⲁⲗⲁⲥⲥⲁ,sahidic,UD_Coptic-Scriptorium/test.conllu#sahidica_mark-Mark_04_s0001 (CC BY 4.0),gold
"He taught them many things in parables, and told them in his teaching,",ⲁϥϯⲥⲃⲱ ⲇⲉ ⲛⲁⲩ ⲉⲙⲁⲧⲉ ϩⲛϩⲉⲛⲡⲁⲣⲁⲃⲟⲗⲏ ⲁⲩⲱ ⲛⲉϥϫⲱ ⲙⲙⲟⲥ ⲛⲁⲩ ϩⲛⲧⲉϥⲥⲃⲱ,sahidic,UD_Coptic-Scriptorium/test.conllu#sahidica_mark-Mark_04_s0002 (CC BY 4.0),gold
"Listen! Behold, the farmer went out to sow,",ϫⲉⲥⲱⲧⲙ ⲉⲓⲥ ϩⲏⲏⲧⲉ ⲁϥⲉⲓ ⲉⲃⲟⲗ ⲛϭⲓⲡⲉⲧϫⲟ ⲉⲧϫⲟ .,sahidic,UD_Coptic-Scriptorium/test.conllu#sahidica_mark-Mark_04_s0003 (CC BY 4.0),gold
"and it happened, as he sowed, some seed fell by the road, and the birds came and devoured it.",ⲁⲩⲱ ⲛⲧⲉⲣⲉϥϫⲟ ⲟⲩⲁ ⲙⲉⲛ ⲁϥϩⲉ ϩⲁⲧⲉⲧⲉϩⲓⲏ ⲁⲩⲱ ⲁⲩⲉⲓ ⲛϭⲓⲛϩⲁⲗⲁⲧⲉ ⲁⲩⲟⲙⲟⲩ,sahidic,UD_Coptic-Scriptorium/test.conllu#sahidica_mark-Mark_04_s0004 (CC BY 4.0),gold
"Others fell on the rocky ground, where it had little soil, and immediately it sprang up, because it had no depth of soil.",ⲕⲉⲩⲁ ⲇⲉ ⲁϥϩⲉ ⲉϩⲣⲁⲓ ⲉϫⲛⲧⲡⲉⲧⲣⲁ ⲡⲙⲁ ⲉⲧⲉⲙⲙⲛϩⲁϩ ⲛⲕⲁϩ ⲛϩⲏⲧϥ ⲁⲩⲱ ⲛⲧⲉⲩⲛⲟⲩ ⲁⲩϯⲟⲩⲱ ⲉϩⲣⲁⲓ ⲉⲧⲃⲉϫⲉⲙⲛϩⲁϩ ⲛⲕⲁϩ ϩⲁⲣⲟⲟⲩ,sahidic,UD_Coptic-Scriptorium/test.conllu#sahidica_mark-Mark_04_s0005 (CC BY 4.0),gold
"When the sun had risen, it was scorched; and because it had no root, it withered away.",ⲁⲩⲱ ⲛⲧⲉⲣⲉⲡⲣⲏ ϣⲁ ⲁⲩϩⲱϭⲃ ⲁⲩⲱ ⲉⲧⲃⲉϫⲉⲙⲡⲟⲩϫⲉⲛⲟⲩⲛⲉ ⲉⲃⲟⲗ ⲁⲩϣⲟⲟⲩⲉ,sahidic,UD_Coptic-Scriptorium/test.conllu#sahidica_mark-Mark_04_s0006 (CC BY 4.0),gold
"Others fell among the thorns, and the thorns grew up, and choked it, and it yielded no fruit.",ⲕⲉⲩⲁ ⲁϥϩⲉ ⲉϩⲣⲁⲓ ⲉϫⲛⲛϣⲟⲛⲧⲉ ⲁⲩⲱ ⲁⲩⲉⲓ ⲉϩⲣⲁⲓ ⲛϭⲓⲛϣⲟⲛⲧⲉ ⲁⲩⲟϭⲧⲟⲩ ⲁⲩⲱ ⲙⲡⲟⲩϯⲕⲁⲣⲡⲟⲥ,sahidic,UD_Coptic-Scriptorium/test.conllu#sahidica_mark-Mark_04_s0007 (CC BY 4.0),gold
"Others fell into the good ground, and yielded fruit, growing up and increasing. Some brought forth thirty times, some sixty times, and some one hundred times as much.'",ϩⲉⲛⲕⲟⲟⲩⲉ ⲁⲩϩⲉ ⲉϫⲙⲡⲕⲁϩ ⲉⲧⲛⲁⲛⲟⲩϥ ⲁⲩⲱ ⲁⲩⲉⲓ ⲉϩⲣⲁⲓ ⲁⲩⲁⲩⲝⲁⲛⲉ ⲁⲩϯⲕⲁⲣⲡⲟⲥ ⲉⲙⲁⲁⲃ ⲁⲩⲱ ⲉⲥⲉ ⲁⲩⲱ ⲉϣⲉ .,sahidic,UD_Coptic-Scriptorium/test.conllu#sahidica_mark-Mark_04_s0008 (CC BY 4.0),gold
"He said, 'Whoever has ears to hear, let him hear.'",ⲛⲉϥϫⲱ ⲇⲉ ⲙⲙⲟⲥ ⲛⲁⲩ ϫⲉⲡⲉⲧⲉⲩⲛⲧϥⲙⲁⲁϫⲉ ⲙⲙⲁⲩ ⲉⲥⲱⲧⲙ ⲙⲁⲣⲉϥⲥⲱⲧⲙ .,sahidic,UD_Coptic-Scriptorium/test.conllu#sahidica_mark-Mark_04_s0009 (CC BY 4.0),gold
"When he was alone, those who were around him with the twelve asked him about the parables.",ⲛⲧⲉⲣⲉϥⲕⲁ ⲡⲙⲏⲏϣⲉ ⲇⲉ ⲁⲩϫⲛⲟⲩϥ ⲛϭⲓⲛⲉⲧⲛⲙⲙⲁϥ ⲛⲙⲡⲙⲛⲧⲥⲛⲟⲟⲩⲥ ⲉⲛⲡⲁⲣⲁⲃⲟⲗⲏ,sahidic,UD_Coptic-Scriptorium/test.conllu#sahidica_mark-Mark_04_s0010 (CC BY 4.0),gold
"He said to them, 'To you is given the mystery of the Kingdom of God, but to those who are outside, all things are done in parables,",ⲡⲉϫⲁϥ ⲛⲁⲩ . ϫⲉⲛⲧⲱⲧⲛ ⲛⲧⲁⲩϯ ⲛⲏⲧⲛ ⲙⲡⲙⲩⲥⲧⲏⲣⲓⲟⲛ ⲛⲧⲙⲛⲧⲣⲣⲟ ⲙⲡⲛⲟⲩⲧⲉ ⲛⲏ ⲇⲉ ⲉⲧϩⲓⲃⲟⲗ ⲉⲩⲛⲁϫⲓϩⲱⲃ ⲛⲓⲙ ⲉⲣⲟⲟⲩ ϩⲛϩⲉⲛⲡⲁⲣⲁⲃⲟⲗⲏ,sahidic,UD_Coptic-Scriptorium/test.conllu#sahidica_mark-Mark_04_s0011 (CC BY 4.0),gold
"that 'seeing they may see, and not perceive; and hearing they may hear, and not understand; lest perhaps they should turn again, and their sins should be forgiven them.''",ϫⲉⲕⲁⲁⲥ ⲉⲩⲛⲁⲩ ⲉⲩⲉⲛⲁⲩ ⲁⲩⲱ ⲛⲥⲉⲧⲙⲛⲁⲩ ⲁⲩⲱ ⲉⲩⲥⲱⲧⲙ ⲉⲩⲉⲥⲱⲧⲙ ⲛⲥⲉⲧⲙⲛⲟⲉⲓ . ⲙⲏⲡⲱⲥ ⲛⲥⲉⲕⲟⲧⲟⲩ ⲛⲥⲉⲕⲱ ⲛⲁⲩ ⲉⲃⲟⲗ .,sahidic,UD_Coptic-Scriptorium/test.conllu#sahidica_mark-Mark_04_s0012 (CC BY 4.0),gold
"He said to them, 'Don't you understand this parable? How will you understand all of the parables?",ⲁⲩⲱ ⲡⲉϫⲁϥ ⲛⲁⲩ ϫⲉⲛⲧⲉⲧⲛⲥⲟⲟⲩⲛ ⲁⲛ ⲛⲧⲉⲓⲡⲁⲣⲁⲃⲟⲗⲏ . ⲁⲩⲱ ⲡⲱⲥ ⲛⲕⲉⲡⲁⲣⲁⲃⲟⲗⲏ ⲧⲏⲣⲟⲩ ⲧⲉⲧⲛⲁⲥⲟⲩⲱⲛⲟⲩ,sahidic,UD_Coptic-Scriptorium/test.conllu#sahidica_mark-Mark_04_s0013 (CC BY 4.0),gold
The farmer sows the word.,ⲡⲉⲧϫⲟ ⲉϥϫⲟ ⲙⲡϣⲁϫⲉ .,sahidic,UD_Coptic-Scriptorium/test.conllu#sahidica_mark-Mark_04_s0014 (CC BY 4.0),gold
"The ones by the road are the ones where the word is sown; and when they have heard, immediately Satan comes, and takes away the word which has been sown in them.",ⲛⲁⲓ ⲇⲉ ⲛⲉ ⲉⲧϩⲁⲧⲉⲧⲉϩⲓⲏ ⲙⲡⲙⲁ ⲉϣⲁⲩϫⲉⲡϣⲁϫⲉ ⲛϩⲏⲧϥ . ⲁⲩⲱ ⲉϣⲁⲩⲥⲱⲧⲙ ⲛⲧⲉⲩⲛⲟⲩ ϣⲁϥⲉⲓ ⲛϭⲓⲡⲥⲁⲧⲁⲛⲁⲥ ⲛϥϥⲓⲡϣⲁϫⲉ ⲉⲛⲧⲁⲩϫⲟϥ ⲛϩⲏⲧⲟⲩ,sahidic,UD_Coptic-Scriptorium/test.conllu#sahidica_mark-Mark_04_s0015 (CC BY 4.0),gold
"These in like manner are those who are sown on the rocky places, who, when they have heard the word, immediately receive it with joy.",ⲁⲩⲱ ⲛⲁⲓ ϩⲱⲟⲩ ⲛⲉⲛⲧⲁⲩϫⲟⲟⲩ ϩⲓϫⲛⲙⲙⲁ ⲙⲡⲉⲧⲣⲁ ⲉϣⲁⲩⲥⲱⲧⲙ ⲉⲡϣⲁϫⲉ ⲛⲧⲉⲩⲛⲟⲩ ϣⲁⲩϫⲓⲧϥ ϩⲛⲟⲩⲣⲁϣⲉ,sahidic,UD_Coptic-Scriptorium/test.conllu#sahidica_mark-Mark_04_s0016 (CC BY 4.0),gold
"They have no root in themselves, but are short-lived. When oppression or persecution arises because of the word, immediately they stumble.",ⲙⲙⲛⲛⲟⲩⲛⲉ ⲇⲉ ϩⲣⲁⲓ ⲛϩⲏⲧⲟⲩ ⲁⲗⲗⲁ ϩⲉⲛⲡⲣⲟⲥⲟⲩⲟⲉⲓϣ ⲛⲉ ⲉⲣϣⲁⲛⲟⲩⲑⲗⲓⲯⲓⲥ ⲇⲉ ϣⲱⲡⲉ ⲏ ⲟⲩⲇⲓⲱⲅⲙⲟⲥ ⲉⲧⲃⲉⲡϣⲁϫⲉ ⲛⲧⲉⲩⲛⲟⲩ ϣⲁⲩⲥⲕⲁⲛⲇⲁⲗⲓⲍⲉ .,sahidic,UD_Coptic-Scriptorium/test.conllu#sahidica_mark-Mark_04_s0017 (CC BY 4.0),gold
"Others are those who are sown among the thorns. These are those who have heard the word,",ⲁⲩⲱ ϩⲉⲛⲕⲟⲟⲩⲉ ⲛⲉⲛⲧⲁⲩϫⲟⲟⲩ ⲉϩⲣⲁⲓ ⲉⲛϣⲟⲛⲧⲉ ⲉⲧⲉⲛⲁⲓ ⲛⲉ ⲛⲧⲁⲩⲥⲱⲧⲙ ⲉⲡϣⲁϫⲉ,sahidic,UD_Coptic-Scriptorium/test.conllu#sahidica_mark-Mark_04_s0018 (CC BY 4.0),gold
"and the cares of this age, and the deceitfulness of riches, and the lusts of other things entering in choke the word, and it becomes unfruitful.'",ⲁⲩⲱ ⲡⲣⲟⲟⲩϣ ⲙⲡⲁⲓⲱⲛ ⲛⲙⲧⲁⲡⲁⲧⲏ ⲛⲧⲙⲛⲧⲣⲙⲙⲁⲟ ⲁⲩⲱ ⲛⲕⲉⲉⲡⲓⲑⲩⲙⲓⲁ ⲉⲧⲃⲏⲕ ⲉϩⲟⲩⲛ ⲉⲣⲟⲟⲩ ⲥⲉⲱϭⲧ ⲙⲡϣⲁϫⲉ ⲁⲩⲱ ⲛϥϯⲕⲁⲣⲡⲟⲥ ⲁⲛ ⲉⲃⲟⲗ,sahidic,UD_Coptic-Scriptorium/test.conllu#sahidica_mark-Mark_04_s0019 (CC BY 4.0),gold
"Those which were sown on the good ground are those who hear the word, and accept it, and bear fruit, some thirty times, some sixty times, and some one hundred times.",ⲁⲩⲱ ⲛⲏ ⲛⲉ ⲛⲧⲁⲩϫⲟⲟⲩ ⲉϫⲙⲡⲕⲁϩ ⲉⲧⲛⲁⲛⲟⲩϥ ⲉⲩⲥⲱⲧⲙ ⲉⲡϣⲁϫⲉ ⲥⲉϣⲱⲡ ⲙⲙⲟϥ ⲉⲣⲟⲟⲩ ⲁⲩⲱ ⲥⲉⲧⲁⲩⲉⲕⲁⲣⲡⲟⲥ ⲉⲃⲟⲗ ϩⲛⲙⲁⲁⲃ ⲁⲩⲱ ϩⲛⲥⲉ ⲁⲩⲱ ϩⲛϣⲉ .,sahidic,UD_Coptic-Scriptorium/test.conllu#sahidica_mark-Mark_04_s0020 (CC BY 4.0),gold
"He said to them, 'Is the lamp brought to be put under a basket or under a bed? Isn't it put on a stand?",ⲡⲉϫⲁϥ ⲇⲉ ⲛⲁⲩ ϫⲉⲙⲏ ⲉⲣⲉⲡϩⲏⲃⲥ ⲛⲁⲉⲓ ϫⲉⲉⲩⲉⲕⲁⲁϥ ϩⲁⲟⲩϣⲓ . ⲏ ϩⲁⲟⲩϭⲗⲟϭ ⲙⲏ ⲛⲉⲩⲛⲁⲕⲁⲁϥ ⲁⲛ ϩⲓϫⲛⲧⲗⲩⲭⲛⲓⲁ .,sahidic,UD_Coptic-Scriptorium/test.conllu#sahidica_mark-Mark_04_s0021 (CC BY 4.0),gold
"For there is nothing hidden, except that it should be made known; neither was anything made secret, but that it should come to light.",ⲙⲙⲛⲡⲉⲧϩⲟⲃⲥ ⲅⲁⲣ ⲉⲛⲥⲉⲛⲁϭⲟⲗⲡϥ ⲁⲛ ⲉⲃⲟⲗ . ⲟⲩⲇⲉ ⲙⲙⲛⲡⲉⲧϩⲏⲡ ⲉⲛϥⲛⲁⲟⲩⲱⲛϩ ⲁⲛ ⲉⲃⲟⲗ .,sahidic,UD_Coptic-Scriptorium/test.conllu#sahidica_mark-Mark_04_s0022 (CC BY 4.0),gold
"If any man has ears to hear, let him hear.'",ⲡⲉⲧⲉⲩⲛⲧϥⲙⲁⲁϫⲉ ⲙⲙⲁⲩ ⲉⲥⲱⲧⲙ ⲙⲁⲣⲉϥⲥⲱⲧⲙ,sahidic,UD_Coptic-Scriptorium/test.conllu#sahidica_mark-Mark_04_s0023 (CC BY 4.0),gold
"He said to them, 'Take heed what you hear. With whatever measure you measure, it will be measured to you, and more will be given to you who hear.",ⲁⲩⲱ ⲛⲉϥϫⲱ ⲙⲙⲟⲥ ϫⲉϯϩⲧⲏⲧⲛ ϫⲉⲟⲩ ⲡⲉⲧⲧⲉⲧⲛⲥⲱⲧⲙ ⲉⲣⲟϥ . ϩⲙⲡϣⲓ ⲉⲧⲉⲧⲛⲁϣⲓ ⲙⲙⲟϥ ⲥⲉⲛⲁϣⲓ ⲛⲏⲧⲛ ⲛϩⲏⲧϥ .,sahidic,UD_Coptic-Scriptorium/test.conllu#sahidica_mark-Mark_04_s0024 (CC BY 4.0),gold
"For whoever has, to him will more be given, and he who doesn't have, even that which he has will be taken away from him.'",ⲡⲉⲧⲉⲩⲛⲧⲁϥ ⲅⲁⲣ ⲥⲉⲛⲁϯ ⲛⲁϥ . ⲁⲩⲱ ⲡⲉⲧⲉⲙⲛⲧⲁϥ ⲁⲩⲱ ⲡⲉⲧⲉⲩⲛⲧⲁϥⲥϥ ⲥⲉⲛⲁϥⲓⲧϥ ⲛⲧⲟⲟⲧϥ .,sahidic,UD_Coptic-Scriptorium/test.conllu#sahidica_mark-Mark_04_s0025 (CC BY 4.0),gold
"He said, 'The Kingdom of God is as if a man should cast seed on the earth,",ⲛⲉϥϫⲱ ⲇⲉ ⲙⲙⲟⲥ ⲛⲁⲩ ϫⲉⲧⲁⲓ ⲧⲉ ⲧϩⲉ ⲛⲧⲙⲛⲧⲣⲣⲟ ⲙⲡⲛⲟⲩⲧⲉ ⲉⲥⲟ ⲛⲧϩⲉ ⲛⲟⲩⲣⲱⲙⲉ ⲉϥϣⲁⲛⲛⲟⲩϫⲉ ⲙⲡⲉϥϭⲣⲟϭ ⲉϩⲣⲁⲓ ⲉⲡⲉϥⲕⲁϩ .,sahidic,UD_Coptic-Scriptorium/test.conllu#sahidica_mark-Mark_04_s0026 (CC BY 4.0),gold
"and should sleep and rise night and day, and the seed should spring up and grow, he doesn't know how.",ⲁⲩⲱ ⲛϥⲛⲕⲟⲧⲕ ⲛϥⲧⲱⲟⲩⲛ ⲛⲧⲉⲩϣⲏ ⲙⲛⲡⲉϩⲟⲟⲩ ϣⲁⲣⲉⲡⲉϭⲣⲟϭ ϯⲟⲩⲱ ⲛϥⲣⲛⲟϭ ⲉⲛϥⲥⲟⲟⲩⲛ ⲁⲛ ⲛⲧⲟϥ ⲛⲧϩⲉ,sahidic,UD_Coptic-Scriptorium/test.conllu#sahidica_mark-Mark_04_s0027 (CC BY 4.0),gold
"For the earth bears fruit: first the blade, then the ear, then the full grain in the ear.",ⲡⲕⲁϩ ϣⲁϥϯⲟⲩⲱ ⲉϩⲣⲁⲓ ⲙⲁⲩⲁⲁϥ ϣⲟⲣⲡ ⲙⲉⲛ ⲛⲟⲩⲭⲟⲣⲧⲟⲥ ⲙⲛⲛⲥⲱϥ ⲟⲩϩⲙⲥ ⲁⲩⲱ ⲟⲩⲥⲟⲩⲟ ⲉϥⲙⲉϩ ϩⲙⲡϩⲙⲥ,sahidic,UD_Coptic-Scriptorium/test.conllu#sahidica_mark-Mark_04_s0028 (CC BY 4.0),gold
"But when the fruit is ripe, immediately he puts forth the sickle, because the harvest has come.'",ⲉⲣϣⲁⲛⲡⲕⲁⲣⲡⲟⲥ ⲇⲉ ⲡⲱϩ ⲛⲧⲉⲩⲛⲟⲩ ϣⲁϥⲛⲡⲟϩⲥ ϫⲉⲁⲡⲧⲏ ⲙⲡⲱϩⲥ ϣⲱⲡⲉ,sahidic,UD_Coptic-Scriptorium/test.conllu#sahidica_mark-Mark_04_s0029 (CC BY 4.0),gold
"He said, 'How will we liken the Kingdom of God? Or with what parable will we illustrate it?",ⲁⲩⲱ ⲛⲉϥϫⲱ ⲙⲙⲟⲥ ϫⲉⲉⲓⲛⲁⲧⲛⲧⲛ ⲧⲙⲛⲧⲣⲣⲟ ⲙⲡⲛⲟⲩⲧⲉ ⲉⲟⲩ . ⲏ ⲉⲛⲛⲁⲕⲁⲁⲥ ⲉϩⲣⲁⲓ ϩⲛⲁϣ ⲙⲡⲁⲣⲁⲃⲟⲗⲏ,sahidic,UD_Coptic-Scriptorium/test.conllu#sahidica_mark-Mark_04_s0030 (CC BY 4.0),gold
"It's like a grain of mustard seed, which, when it is sown in the earth, though it is less than all the seeds that are on the earth,",ⲉⲛⲛⲁⲕⲁⲁⲥ ⲛⲧϩⲉ ⲛⲟⲩⲃⲗⲃⲓⲗⲉ ⲛϣⲗⲧⲙ ⲉⲩϣⲁⲛϫⲟⲥ ⲉϩⲣⲁⲓ ⲉⲡⲕⲁϩ ⲉⲥⲥⲟⲃⲕ ⲙⲉⲛ ⲉⲛⲉϭⲣⲱϭ ⲧⲏⲣⲟⲩ ⲉⲧϩⲓϫⲙⲡⲕⲁϩ,sahidic,UD_Coptic-Scriptorium/test.conllu#sahidica_mark-Mark_04_s0031 (CC BY 4.0),gold
"yet when it is sown, grows up, and becomes greater than all the herbs, and puts out great branches, so that the birds of the sky can lodge under its shadow.'",ⲁⲩⲱ ⲉⲩϣⲁⲛϫⲟⲥ ϣⲁⲥⲉⲓ ⲉϩⲣⲁⲓ ⲛⲥϫⲓⲥⲉ ⲉⲛⲟⲩⲟⲟⲧⲉ ⲧⲏⲣⲟⲩ ⲛⲥⲧⲁⲩⲟ ⲉⲃⲟⲗ ⲛϩⲉⲛⲛⲟϭ ⲛⲕⲗⲁⲇⲟⲥ ϩⲱⲥⲧⲉ ⲛⲥⲉϣⲟⲩⲱϩ ϩⲁⲧⲉⲥϩⲁⲉⲓⲃⲉⲥ ⲛϭⲓⲛϩⲁⲗⲁⲧⲉ ⲛⲧⲡⲉ,sahidic,UD_Coptic-Scriptorium/test.conllu#sahidica_mark-Mark_04_s0032 (CC BY 4.0),gold
"With many such parables he spoke the word to them, as they were able to hear it.",ⲁⲩⲱ ϩⲛⲛⲁⲓⲥⲙⲟⲧ ⲙⲡⲁⲣⲁⲃⲟⲗⲏ ⲧⲏⲣⲟⲩ ⲛⲉϥϫⲱ ⲉⲣⲟⲟⲩ ⲙⲡϣⲁϫⲉ ⲕⲁⲧⲁⲧϩⲉ ⲉⲧⲟⲩⲛⲁϣⲥⲱⲧⲙ,sahidic,UD_Coptic-Scriptorium/test.conllu#sahidica_mark-Mark_04_s0033 (CC BY 4.0),gold
Without a parable he didn't speak to them; but privately to his own disciples he explained everything.,ⲁϫⲛⲡⲁⲣⲁⲃⲟⲗⲏ ⲇⲉ ⲙⲉϥϣⲁϫⲉ ⲛⲙⲙⲁⲩ ⲛⲥⲁⲩⲥⲁ ⲇⲉ ϣⲁϥⲃⲟⲗⲟⲩ ⲧⲏⲣⲟⲩ ⲉⲛⲉϥⲙⲁⲑⲏⲧⲏⲥ .,sahidic,UD_Coptic-Scriptorium/test.conllu#sahidica_mark-Mark_04_s0034 (CC BY 4.0),gold
"On that day, when evening had come, he said to them, 'Let's go over to the other side.'",ⲁⲩⲱ ⲡⲉϫⲁϥ ⲛⲁⲩ ϩⲙⲡⲉϩⲟⲟⲩ ⲉⲧⲙⲙⲁⲩ ⲛⲧⲉⲣⲉⲣⲟⲩϩⲉ ϣⲱⲡⲉ ϫⲉⲙⲁⲣⲟⲛ ⲉⲡⲉⲓⲕⲣⲟ,sahidic,UD_Coptic-Scriptorium/test.conllu#sahidica_mark-Mark_04_s0035 (CC BY 4.0),gold
"Leaving the multitude, they took him with them, even as he was, in the boat. Other small boats were also with him.",ⲁⲩⲕⲁⲡⲙⲏⲏϣⲉ ϭⲉ ⲁⲩⲧⲁⲗⲟϥ ⲉⲡϫⲟⲉⲓ ⲛⲧϩⲉ ⲉⲧϥⲛϩⲏⲧⲥ ⲁϩⲉⲛⲕⲉⲉϫⲏⲩ ⲥϭⲏⲣ ⲛⲙⲙⲁϥ .,sahidic,UD_Coptic-Scriptorium/test.conllu#sahidica_mark-Mark_04_s0036 (CC BY 4.0),gold
"A big wind storm arose, and the waves beat into the boat, so much that the boat was already filled.",ⲁⲩⲱ ⲁⲩⲛⲟϭ ⲛϩⲁⲧⲏⲩ ϣⲱⲡⲉ ⲁⲛϩⲟⲉⲓⲙ ϥⲱϭⲉ ⲉⲡϫⲟⲉⲓ ϩⲱⲥⲧⲉ ⲉⲟⲙⲥϥ .,sahidic,UD_Coptic-Scriptorium/test.conllu#sahidica_mark-Mark_04_s0037 (CC BY 4.0),gold
"He himself was in the stern, asleep on the cushion, and they woke him up, and told him, 'Teacher, don't you care that we are dying?'",ⲛⲧⲟϥ ⲇⲉ ⲛⲉϥϩⲓⲡⲁϩⲟⲩ ⲙⲡϫⲟⲉⲓ ⲉϥⲛⲕⲟⲧⲕ ϩⲓϫⲛⲟⲩϣⲟⲧ ⲁⲩⲱ ⲁⲩⲛⲉϩⲥⲉ ⲙⲙⲟϥ ⲉⲩϫⲱ ⲙⲙⲟⲥ ⲛⲁϥ . ϫⲉⲡⲥⲁϩ ⲛⲅⲟ ⲁⲛ ⲡⲉ ⲣⲣⲟⲟⲩϣ ϫⲉⲧⲛⲛⲁⲙⲟⲩ,sahidic,UD_Coptic-Scriptorium/test.conllu#sahidica_mark-Mark_04_s0038 (CC BY 4.0),gold
"He awoke, and rebuked the wind, and said to the sea, 'Peace! Be still!' The wind ceased, and there was a great calm.",ⲁϥⲧⲱⲟⲩⲛϥ ⲇⲉ ⲁϥⲉⲡⲓⲧⲓⲙⲁ ⲙⲡⲧⲏⲩ ⲁⲩⲱ ⲡⲉϫⲁϥ ⲛⲧⲉⲑⲁⲗⲁⲥⲥⲁ ϫⲉⲕⲁⲣⲱ ⲛⲧⲉϣⲧⲙⲣⲱ ⲁⲩⲱ ⲁⲡⲧⲏⲩ ϩⲣⲏϭ ⲁⲩⲛⲟϭ ⲛϫⲁⲙⲏ ϣⲱⲡⲉ .,sahidic,UD_Coptic-Scriptorium/test.conllu#sahidica_mark-Mark_04_s0039 (CC BY 4.0),gold
"He said to them, 'Why are you so afraid? How is it that you have no faith?'",ⲁⲩⲱ ⲡⲉϫⲁϥ ⲛⲁⲩ ϫⲉⲁϩⲣⲱⲧⲛ ⲧⲉⲧⲛⲟ ⲛϭⲁⲃϩⲏⲧ ⲙⲡⲁⲧⲉⲧⲛⲕⲁⲡⲓⲥⲧⲓⲥ ⲛⲏⲧⲛ .,sahidic,UD_Coptic-Scriptorium/test.conllu#sahidica_mark-Mark_04_s0040 (CC BY 4.0),gold
"They were greatly afraid, and said to one another, 'Who then is this, that even the wind and the sea obey him?'",ⲁⲩⲱ ⲁⲩⲣϩⲟⲧⲉ ϩⲛⲟⲩⲛⲟϭ ⲛϩⲟⲧⲉ ⲉⲩϫⲱ ⲙⲙⲟⲥ ⲛⲛⲉⲩⲉⲣⲏⲩ ϫⲉⲟⲩⲁϣ ⲙⲙⲓⲛⲉ ⲡⲉ ⲡⲁⲓ ϫⲉⲡⲕⲉⲧⲏⲩ ⲛⲙⲧⲉⲑⲁⲗⲁⲥⲥⲁ ⲥⲱⲧⲙ ⲛⲥⲱϥ .,sahidic,UD_Coptic-Scriptorium/test.conllu#sahidica_mark-Mark_04_s0041 (CC BY 4.0),gold
"Brothers, I couldn't speak to you as to spiritual, but as to fleshly, as to babies in Christ.",ⲁⲛⲟⲕ ϩⲱ ⲛⲁⲥⲛⲏⲩ ⲙⲡⲓϣϭⲙϭⲟⲙ ⲉϣⲁϫⲉ ⲛⲙⲙⲏⲧⲛ ϩⲱⲥ ⲡⲛⲉⲩⲙⲁⲧⲓⲕⲟⲥ . ⲁⲗⲗⲁ ϩⲱⲥ ⲥⲁⲣⲕⲓⲕⲟⲥ ϩⲱⲥ ⲕⲟⲩⲓ ϩⲙⲡⲉⲭⲣⲓⲥⲧⲟⲥ .,sahidic,UD_Coptic-Scriptorium/test.conllu#sahidica_1corinthians-1Cor_03_s0001 (CC BY 4.0),gold
"I fed you with milk, not with meat; for you weren't yet ready. Indeed, not even now are you ready,",ⲁⲓⲧⲥⲉⲧⲛ ⲉⲣⲱⲧⲉ ⲛⲟⲩϩⲣⲉ ⲁⲛ . ⲛⲉⲙⲡⲁⲧⲉⲧⲛⲉϣϭⲙϭⲟⲙ ⲅⲁⲣ ⲡⲉ . ⲁⲗⲗⲁ ⲧⲉⲛⲟⲩ ⲟⲛ ⲉⲙⲡⲁⲧⲉⲧⲛⲉϣϭⲙϭⲟⲙ .,sahidic,UD_Coptic-Scriptorium/test.conllu#sahidica_1corinthians-1Cor_03_s0002 (CC BY 4.0),gold
"for you are still fleshly. For insofar as there is jealousy, strife, and factions among you, aren't you fleshly, and don't you walk in the ways of men?",ⲉⲧⲓ ⲅⲁⲣ ⲛⲧⲉⲧⲛ ϩⲉⲛⲥⲁⲣⲕⲓⲕⲟⲥ ϩⲟⲡⲟⲩ ⲅⲁⲣ ⲟⲩⲛⲕⲱϩ ϩⲓϯⲧⲱⲛ ⲛϩⲏⲧⲧⲏⲩⲧⲛ . ⲙⲏ ⲛⲧⲉⲧⲛ ϩⲉⲛⲥⲁⲣⲕⲓⲕⲟⲥ ⲁⲛ . ⲁⲩⲱ ⲉⲧⲉⲧⲛⲙⲟⲟϣⲉ ⲕⲁⲧⲁⲣⲱⲙⲉ .,sahidic,UD_Coptic-Scriptorium/test.conllu#sahidica_1corinthians-1Cor_03_s0003 (CC BY 4.0),gold
"For when one says, 'I follow Paul,' and another, 'I follow Apollos,' aren't you fleshly?",ϩⲟⲧⲁⲛ ⲅⲁⲣ ⲉⲣϣⲁⲛⲟⲩⲁ ϫⲟⲟⲥ ϫⲉⲁⲛⲟⲕ ⲙⲉⲛ ⲁⲛⲅⲡⲁⲡⲁⲩⲗⲟⲥ . ⲕⲉⲟⲩⲁ ⲇⲉ ϫⲉⲁⲛⲅⲡⲁⲁⲡⲟⲗⲗⲱ . ⲙⲏ ⲛⲧⲉⲧⲛ ϩⲉⲛⲣⲱⲙⲉ ⲁⲛ .,sahidic,UD_Coptic-Scriptorium/test.conllu#sahidica_1corinthians-1Cor_03_s0004 (CC BY 4.0),gold
"Who then is Apollos, and who is Paul, but servants through whom you believed; and each as the Lord gave to him?",ⲟⲩ ϭⲉ ⲡⲉ ⲁⲡⲟⲗⲗⲱ ⲟⲩ ⲇⲉ ⲡⲉ ⲡⲁⲩⲗⲟⲥ ⲁⲗⲗⲁ ϩⲉⲛⲇⲓⲁⲕⲱⲛ ⲛⲉ ⲉⲁⲧⲉⲧⲛⲡⲓⲥⲧⲉⲩⲉ ⲉⲃⲟⲗ ϩⲓⲧⲟⲟⲧⲟⲩ ⲁⲩⲱ ⲡⲟⲩⲁ ⲡⲟⲩⲁ ⲛⲧϩⲉ ⲉⲛⲧⲁⲡϫⲟⲉⲓⲥ ϯ ⲛⲁϥ .,sahidic,UD_Coptic-Scriptorium/test.conllu#sahidica_1corinthians-1Cor_03_s0005 (CC BY 4.0),gold
I planted. Apollos watered. But God gave the increase.,ⲁⲛⲟⲕ ⲁⲓⲧⲱϭⲉ ⲁⲡⲟⲗⲗⲱ ⲡⲉⲛⲧⲁϥⲧⲥⲟ . ⲁⲗⲗⲁ ⲡⲛⲟⲩⲧⲉ ⲡⲉⲛⲧⲁϥⲁⲩⲝⲁⲛⲉ .,sahidic,UD_Coptic-Scriptorium/test.conllu#sahidica_1corinthians-1Cor_03_s0006 (CC BY 4.0),gold
"So then neither he who plants is anything, nor he who waters, but God who gives the increase.",ϩⲱⲥⲧⲉ ϭⲉ ⲙⲡⲁⲡⲉⲧⲧⲱϭⲉ ⲁⲛ ⲡⲉ ⲟⲩⲇⲉ ⲙⲡⲁⲡⲉⲧⲧⲥⲟ ⲁⲛ ⲡⲉ . ⲁⲗⲗⲁ ⲡⲛⲟⲩⲧⲉ ⲡⲉ ⲉⲧⲁⲩⲝⲁⲛⲉ .,sahidic,UD_Coptic-Scriptorium/test.conllu#sahidica_1corinthians-1Cor_03_s0007 (CC BY 4.0),gold
"Now he who plants and he who waters are the same, but each will receive his own reward according to his own labor.",ⲡⲉⲧⲧⲱϭⲉ ⲇⲉ ⲙⲛⲡⲉⲧⲧⲥⲟ ⲟⲩⲁ ⲛⲉ . ⲡⲟⲩⲁ ⲇⲉ ⲡⲟⲩⲁⲛⲁϫⲓ ⲙⲡⲉϥⲃⲉⲕⲉ ⲕⲁⲧⲁⲡⲉϥϩⲓⲥⲉ .,sahidic,UD_Coptic-Scriptorium/test.conllu#sahidica_1corinthians-1Cor_03_s0008 (CC BY 4.0),gold
"For we are God's fellow workers. You are God's farming, God's building.",ⲁⲛⲟⲛ ϩⲉⲛϣⲃⲣⲣϩⲱⲃ ⲅⲁⲣ ⲛⲧⲉⲡⲛⲟⲩⲧⲉ ⲟⲩⲙⲁ ⲛⲟⲩⲟⲉⲓⲉ ⲛⲧⲉⲡⲛⲟⲩⲧⲉ ⲡⲉ . ⲛⲧⲉⲧⲛ ⲟⲩⲕⲱⲧ ⲛⲧⲉⲡⲛⲟⲩⲧⲉ .,sahidic,UD_Coptic-Scriptorium/test.conllu#sahidica_1corinthians-1Cor_03_s0009 (CC BY 4.0),gold
"According to the grace of God which was given to me, as a wise master builder I laid a foundation, and another builds on it. But let each man be careful how he builds on it.",ⲕⲁⲧⲁⲡⲉϩⲙⲟⲧ ⲛⲧⲉⲡⲛⲟⲩⲧⲉ ⲉⲛⲧⲁⲩⲧⲁⲁϥ ⲛⲁⲓ ϩⲱⲥ ⲥⲟⲫⲟⲥ ⲛⲁⲣⲭⲓⲧⲉⲕⲧⲱⲛ . ⲁⲓⲕⲱ ⲉϩⲣⲁⲓ ⲛⲧⲥⲛⲧⲉ ⲟⲩⲛϭⲉ ⲇⲉ ⲕⲱⲧ ⲉϫⲱⲥ . ⲡⲟⲩⲁ ⲇⲉ ⲡⲟⲩⲁ ⲙⲁⲣⲉϥϭⲱϣⲧ ϫⲉⲉϥⲕⲱⲧ ⲛⲁϣ ⲛϩⲉ .,sahidic,UD_Coptic-Scriptorium/test.conllu#sahidica_1corinthians-1Cor_03_s0010 (CC BY 4.0),gold
"For no one can lay any other foundation than that which has been laid, which is Jesus Christ.",ⲙⲛϭⲟⲙ ⲅⲁⲣ ⲛⲗⲁⲁⲩ ⲉⲕⲁⲕⲉⲥⲛⲧⲉ ⲉϩⲣⲁⲓ ⲡⲁⲣⲁⲧⲉⲧⲕⲏ ⲉϩⲣⲁⲓ ⲉⲧⲉⲡⲁⲓ ⲡⲉ ⲓⲏⲥⲟⲩⲥ ⲡⲉⲭⲣⲓⲥⲧⲟⲥ .,sahidic,UD_Coptic-Scriptorium/test.conllu#sahidica_1corinthians-1Cor_03_s0011 (CC BY 4.0),gold
"But if anyone builds on the foundation with gold, silver, costly stones, wood, hay, or stubble;",ⲉϣϫⲉⲟⲩⲛⲟⲩⲁ ⲇⲉ ⲛⲁⲕⲱⲧ ⲉϫⲛⲧⲉⲓⲥⲛⲧⲉ ⲟⲩⲛⲟⲩⲃ ⲟⲩϩⲁⲧ ϩⲉⲛⲉⲛⲉ ⲙⲙⲉ ϩⲉⲛϣⲉ ⲟⲩⲭⲟⲣⲧⲟⲥ ⲟⲩⲣⲟⲟⲩⲉ .,sahidic,UD_Coptic-Scriptorium/test.conllu#sahidica_1corinthians-1Cor_03_s0012 (CC BY 4.0),gold
"each man's work will be revealed. For the Day will declare it, because it is revealed in fire; and the fire itself will test what sort of work each man's work is.",ⲡϩⲱⲃ ⲙⲡⲟⲩⲁ ⲡⲟⲩⲁ ⲛⲁⲟⲩⲱⲛϩ ⲉⲃⲟⲗ ⲡⲉϩⲟⲟⲩ ⲅⲁⲣ ⲛⲁⲟⲩⲟⲛϩϥ ⲉⲃⲟⲗ ϫⲉⲉϥⲛⲁϭⲱⲗⲡ ⲉⲃⲟⲗ ϩⲛⲧⲥⲁⲧⲉ ⲁⲩⲱ ⲡϩⲱⲃ ⲙⲡⲟⲩⲁ ⲡⲟⲩⲁ ⲛⲧϩⲉ ⲉⲧϥⲟ ⲙⲙⲟⲥ ⲡⲕⲱϩⲧ ⲡⲉⲧⲛⲁⲇⲟⲕⲓⲙⲁⲍⲉ ⲙⲙⲟϥ .,sahidic,UD_Coptic-Scriptorium/test.conllu#sahidica_1corinthians-1Cor_03_s0013 (CC BY 4.0),gold
"If any man's work remains which he built on it, he will receive a reward.",ⲡⲉⲧⲉⲣⲉⲡⲉϥϩⲱⲃ ⲛⲁϭⲱ ⲡⲁⲓ ⲉⲛⲧⲁϥⲕⲟⲧϥ ϥⲛⲁϫⲓ ⲛⲟⲩⲃⲉⲕⲉ .,sahidic,UD_Coptic-Scriptorium/test.conllu#sahidica_1corinthians-1Cor_03_s0014 (CC BY 4.0),gold
"If any man's work is burned, he will suffer loss, but he himself will be saved, but as through fire.",ⲡⲉⲧⲉⲣⲉⲡⲉϥϩⲱⲃ ⲛⲁⲣⲱⲕϩ ϥⲛⲁϯⲟⲥⲉ . ⲛⲧⲟϥ ⲇⲉ ϥⲛⲁⲟⲩϫⲁⲓ . ⲛⲧⲉⲓϩⲉ ⲇⲉ ϩⲱⲥ ⲉⲃⲟⲗ ϩⲓⲧⲙⲡⲕⲱϩⲧ .,sahidic,UD_Coptic-Scriptorium/test.conllu#sahidica_1corinthians-1Cor_03_s0015 (CC BY 4.0),gold
"Don't you know that you are a temple of God, and that God's Spirit lives in you?",ⲛⲧⲉⲧⲛⲥⲟⲟⲩⲛ ⲁⲛ ϫⲉⲛⲧⲉⲧⲛ ⲡⲣⲡⲉ ⲙⲡⲛⲟⲩⲧⲉ . ⲁⲩⲱ ⲡⲉⲡⲛⲉⲩⲙⲁ ⲙⲡⲛⲟⲩⲧⲉ ⲟⲩⲏϩ ⲛϩⲏⲧⲧⲏⲩⲧⲛ .,sahidic,UD_Coptic-Scriptorium/test.conllu#sahidica_1corinthians-1Cor_03_s0016 (CC BY 4.0),gold
"If anyone destroys the temple of God, God will destroy him; for God's temple is holy, which you are.",ⲡⲉⲧⲛⲁⲥⲱⲱϥ ⲙⲡⲣⲡⲉ ⲙⲡⲛⲟⲩⲧⲉ ⲡⲁⲓ ⲡⲛⲟⲩⲧⲉ ⲛⲁⲧⲁⲕⲟϥ ⲡⲣⲡⲉ ⲅⲁⲣ ⲙⲡⲛⲟⲩⲧⲉ ⲟⲩⲁⲁⲃ ⲉⲧⲉⲛⲧⲱⲧⲛ ⲡⲉ .,sahidic,UD_Coptic-Scriptorium/test.conllu#sahidica_1corinthians-1Cor_03_s0017 (CC BY 4.0),gold
"Let no one deceive himself. If anyone thinks that he is wise among you in this world, let him become a fool, that he may become wise.",ⲙⲡⲣⲧⲣⲉⲗⲁⲁⲩ ⲉⲝⲁⲡⲁⲧⲁ ⲙⲙⲟϥ . ⲡⲉⲧϫⲱ ⲙⲙⲟⲥ ϫⲉⲁⲛⲅⲟⲩⲥⲟⲫⲟⲥ ⲛϩⲏⲧⲧⲏⲩⲧⲛ ⲙⲁⲣⲉϥⲣⲥⲟϭ ϩⲙⲡⲉⲓⲁⲓⲱⲛ ϫⲉⲕⲁⲁⲥ ⲉϥⲉϣⲱⲡⲉ ⲛⲥⲟⲫⲟⲥ .,sahidic,UD_Coptic-Scriptorium/test.conllu#sahidica_1corinthians-1Cor_03_s0018 (CC BY 4.0),gold
"For the wisdom of this world is foolishness with God. For it is written, 'He has taken the wise in their craftiness.'",ⲧⲥⲟⲫⲓⲁ ⲅⲁⲣ ⲙⲡⲉⲓⲕⲟⲥⲙⲟⲥ ⲟⲩⲙⲛⲧⲥⲟϭ ⲧⲉ ⲛⲛⲁϩⲣⲙⲡⲛⲟⲩⲧⲉ . ϥⲥⲏϩ ⲅⲁⲣ ϫⲉⲡⲉⲧϭⲱⲡⲉ ⲛⲛⲥⲟⲫⲟⲥ ϩⲛⲛⲉⲩⲕⲟⲧⲥ .,sahidic,UD_Coptic-Scriptorium/test.conllu#sahidica_1corinthians-1Cor_03_s0019 (CC BY 4.0),gold
"And again, 'The Lord knows the reasoning of the wise, that it is worthless.'",ⲁⲩⲱ ⲟⲛ ϫⲉⲡϫⲟⲉⲓⲥ ⲥⲟⲟⲩⲛ ⲛⲙⲙⲟⲕⲙⲉⲕ ⲛⲛⲥⲟⲫⲟⲥ ϫⲉ ⲥⲉϣⲟⲩⲉⲓⲧ,sahidic,UD_Coptic-Scriptorium/test.conllu#sahidica_1corinthians-1Cor_03_s0020 (CC BY 4.0),gold
"Therefore let no one boast in men. For all things are yours,",ϩⲱⲥⲧⲉ ⲙⲡⲣⲧⲣⲉⲗⲁⲁⲩ ϣⲟⲩϣⲟⲩ ⲙⲙⲟϥ ϩⲛⲛⲣⲱⲙⲉ,sahidic,UD_Coptic-Scriptorium/test.conllu#sahidica_1corinthians-1Cor_03_s0021 (CC BY 4.0),gold
"whether Paul, or Apollos, or Cephas, or the world, or life, or death, or things present, or things to come. All are yours,",ⲡⲧⲏⲣϥ ⲅⲁⲣ ⲡⲱⲧⲛ ⲡⲉ ⲉⲓⲧⲉ ⲡⲁⲩⲗⲟⲥ ⲉⲓⲧⲉ ⲁⲡⲟⲗⲗⲱ ⲉⲓⲧⲉ ⲕⲏⲫⲁⲥ ⲉⲓⲧⲉ ⲕⲟⲥⲙⲟⲥ ⲉⲓⲧⲉ ⲱⲛϩ ⲉⲓⲧⲉ ⲙⲟⲩ ⲉⲓⲧⲉ ⲛⲉⲧϣⲟⲟⲡ ⲉⲓⲧⲉ ⲛⲉⲧⲛⲁϣⲱⲡⲉ ⲡⲧⲏⲣϥ ⲡⲱⲧⲛ ⲡⲉ .,sahidic,UD_Coptic-Scriptorium/test.conllu#sahidica_1corinthians-1Cor_03_s0022 (CC BY 4.0),gold
"and you are Christ's, and Christ is God's.",ⲛⲧⲱⲧⲛ ⲇⲉ ⲛⲧⲉⲧⲛ ⲛⲁⲡⲉⲭⲣⲓⲥⲧⲟⲥ . ⲡⲉⲭⲣⲓⲥⲧⲟⲥ ⲇⲉ ⲡⲁⲡⲛⲟⲩⲧⲉ ⲡⲉ .,sahidic,UD_Coptic-Scriptorium/test.conllu#sahidica_1corinthians-1Cor_03_s0023 (CC BY 4.0),gold
"So let a man think of us as Christ's servants, and stewards of God's mysteries.",ⲧⲁⲓ ⲧⲉ ⲧϩⲉ ⲙⲁⲣⲉⲛⲣⲱⲙⲉ ⲟⲡⲛ ϩⲱⲥ ϩⲩⲡⲏⲣⲉⲧⲏⲥ ⲙⲡⲉⲭⲣⲓⲥⲧⲟⲥ . ⲁⲩⲱ ⲛⲟⲓⲕⲟⲛⲟⲙⲟⲥ ⲛⲙⲙⲩⲥⲧⲏⲣⲓⲟⲛ ⲙⲡⲛⲟⲩⲧⲉ .,sahidic,UD_Coptic-Scriptorium/test.conllu#sahidica_1corinthians-1Cor_04_s0001 (CC BY 4.0),gold
"Here, moreover, it is required of stewards, that they be found faithful.",ⲉⲩϣⲓⲛⲉ ϭⲉ ⲙⲡⲉⲓⲙⲁ ϩⲛⲛⲟⲓⲕⲟⲛⲟⲙⲟⲥ ϫⲉ ⲉⲩⲉϩⲉ ⲉⲩⲡⲓⲥⲧⲟⲥ .,sahidic,UD_Coptic-Scriptorium/test.conllu#sahidica_1corinthians-1Cor_04_s0002 (CC BY 4.0),gold
"But with me it is a very small thing that I should be judged by you, or by man's judgment. Yes, I don't judge my own self.",ⲁⲛⲟⲕ ⲇⲉ ⲟⲩⲉⲗⲁⲭⲓⲥⲧⲟⲛ ⲛⲁⲓ ⲡⲉ ⲉⲧⲣⲉⲩⲁⲛⲁⲕⲣⲓⲛⲉ ⲙⲙⲟⲓ ϩⲓⲧⲛⲧⲏⲩⲧⲛ . ⲏ ϩⲓⲧⲛⲟⲩϩⲟⲟⲩ ⲛⲣⲱⲙⲉ . ⲁⲗⲗⲁ ⲟⲩⲇⲉ ⲁⲛⲟⲕ ⲛϯⲁⲛⲁⲕⲣⲓⲛⲉ ⲙⲙⲟⲓ ⲁⲛ .,sahidic,UD_Coptic-Scriptorium/test.conllu#sahidica_1corinthians-1Cor_04_s0003 (CC BY 4.0),gold
"For I know nothing against myself. Yet I am not justified by this, but he who judges me is the Lord.",ⲛϯⲥⲟⲟⲩⲛ ⲅⲁⲣ ⲁⲛ ⲛⲗⲁⲁⲩ ⲉⲁⲓⲁⲁϥ . ⲁⲗⲗⲁ ⲛⲉⲓⲧⲙⲁⲓⲏⲩ ⲁⲛ ϩⲙⲡⲁⲓ . ⲡⲉⲧⲁⲛⲁⲕⲣⲓⲛⲉ ⲇⲉ ⲙⲙⲟⲓ ⲡⲉ ⲡϫⲟⲉⲓⲥ .,sahidic,UD_Coptic-Scriptorium/test.conllu#sahidica_1corinthians-1Cor_04_s0004 (CC BY 4.0),gold
"Therefore judge nothing before the time, until the Lord comes, who will both bring to light the hidden things of darkness, and reveal the counsels of the hearts. Then each man will get his praise from God.",ϩⲱⲥⲧⲉ ⲙⲡⲣⲕⲣⲓⲛⲉ ⲛⲗⲁⲁⲩ ϩⲁⲧϩⲏ ⲙⲡⲉⲩⲟⲉⲓϣ ϣⲁⲛⲧⲉⲡϫⲟⲉⲓⲥ ⲉⲓ . ⲡⲁⲓ ⲉⲧⲛⲁⲣⲟⲩⲟⲉⲓⲛ ⲉⲛⲉⲧϩⲏⲡ ϩⲙⲡⲕⲁⲕⲉ ⲁⲩⲱ ⲛϥⲟⲩⲱⲛϩ ⲉⲃⲟⲗ ⲛⲛϣⲟϫⲛⲉ ⲛⲛϩⲏⲧ . ⲧⲟⲧⲉ ⲡⲧⲁⲉⲓⲟ ⲙⲡⲟⲩⲁ ⲡⲟⲩⲁ ⲛⲁϣⲱⲡⲉ ⲉⲃⲟⲗ ϩⲓⲧⲙⲡⲛⲟⲩⲧⲉ .,sahidic,UD_Coptic-Scriptorium/test.conllu#sahidica_1corinthians-1Cor_04_s0005 (CC BY 4.0),gold
"Now these things, brothers, I have in a figure transferred to myself and Apollos for your sakes, that in us you might learn not to think beyond the things which are written, that none of you be puffed up against one another.",ⲛⲁⲓ ⲇⲉ ⲛⲁⲥⲛⲏⲩ ⲛⲧⲁⲓϫⲓⲧⲟⲩ ⲛⲥⲙⲟⲧ ⲉϩⲣⲁⲓ ⲉϫⲱⲓ ⲙⲛⲁⲡⲟⲗⲗⲱ ⲉⲧⲃⲉⲧⲏⲩⲧⲛ . ϫⲉⲕⲁⲁⲥ ⲉⲧⲉⲧⲛⲉⲥⲃⲟ ⲛϩⲏⲧⲛ ⲉⲧⲙⲣϩⲟⲩⲟ ⲉⲛⲉⲧⲥⲏϩ ϫⲉⲛⲛⲉⲟⲩⲁ ϣⲟⲩϣⲟⲩ ⲙⲙⲟϥ ⲉϫⲛⲟⲩⲁ ϩⲁⲟⲩⲁ .,sahidic,UD_Coptic-Scriptorium/test.conllu#sahidica_1corinthians-1Cor_04_s0006 (CC BY 4.0),gold
"For who makes you different? And what do you have that you didn't receive? But if you did receive it, why do you boast as if you had not received it?",ⲛⲓⲙ ⲅⲁⲣ ⲡⲉⲧⲇⲓⲁⲕⲣⲓⲛⲉ ⲙⲙⲟⲕ ⲟⲩⲇⲉ ⲡⲉⲧⲛⲧⲟⲟⲧⲕ ⲉⲙⲡⲕϫⲓⲧϥ ⲉϣϫⲉ ⲁⲕⲣⲡⲕⲉϫⲓ ⲁϩⲣⲟⲕ ⲕϣⲟⲩϣⲟⲩ ⲙⲙⲟⲕ ϩⲱⲥ ⲉⲙⲡⲕϫⲓ .,sahidic,UD_Coptic-Scriptorium/test.conllu#sahidica_1corinthians-1Cor_04_s0007 (CC BY 4.0),gold
"You are already filled. You have already become rich. You have come to reign without us. Yes, and I wish that you did reign, that we also might reign with you.",ⲏⲇⲏ ⲧⲉⲧⲛⲥⲏⲩ ⲏⲇⲏ ⲁⲧⲉⲧⲛⲣⲣⲙⲙⲁⲟ ⲁϫⲛⲧⲛ ⲁⲧⲉⲧⲛⲣⲣⲣⲟ ⲛⲁⲛⲟⲩⲥ ⲇⲉ ⲉϣϫⲉ ⲁⲧⲉⲧⲛⲣⲣⲣⲟ ϫⲉⲕⲁⲁⲥ ⲉⲛⲉⲣⲣⲣⲟ ϩⲱⲱⲛ ⲛⲙⲙⲏⲧⲛ .,sahidic,UD_Coptic-Scriptorium/test.conllu#sahidica_1corinthians-1Cor_04_s0008 (CC BY 4.0),gold
"For, I think that God has displayed us, the apostles, last of all, like men sentenced to death. For we are made a spectacle to the world, both to angels and men.",ⲁⲣⲏⲩ ⲅⲁⲣ ⲛⲧⲁⲡⲛⲟⲩⲧⲉ ⲕⲁⲁⲛ ⲛⲁⲡⲟⲥⲧⲟⲗⲟⲥ ⲛϩⲁⲉ ⲛⲧϩⲉ ⲛⲛⲉⲓⲉⲡⲓⲑⲁⲛⲁⲧⲏⲥ . ϫⲉⲁⲛϣⲱⲡⲉ ⲛⲑⲉⲁⲧⲣⲟⲛ ⲙⲡⲕⲟⲥⲙⲟⲥ ⲁⲩⲱ ⲛⲛⲁⲅⲅⲉⲗⲟⲥ ⲙⲛⲛⲣⲱⲙⲉ .,sahidic,UD_Coptic-Scriptorium/test.conllu#sahidica_1corinthians-1Cor_04_s0009 (CC BY 4.0),gold
"We are fools for Christ's sake, ·but you are wise in Christ. We are weak, but you are strong. You have honor, but we have dishonor.",ⲁⲛⲟⲛ ⲁⲛⲣⲥⲟϭ ⲉⲧⲃⲉⲡⲉⲭⲣⲓⲥⲧⲟⲥ ⲛⲧⲱⲧⲛ ⲇⲉ ⲛⲧⲉⲧⲛ ϩⲉⲛⲥⲁⲃⲉ ϩⲙⲡⲉⲭⲣⲓⲥⲧⲟⲥ ⲁⲛⲟⲛ ⲧⲛϭⲟⲟⲃ ⲛⲧⲱⲧⲛ ⲇⲉ ⲧⲉⲧⲛϫⲟⲟⲣ ⲛⲧⲱⲧⲛ ⲧⲉⲧⲛⲧⲁⲉⲓⲏⲩ ⲁⲛⲟⲛ ⲇⲉ ⲧⲛⲥⲏϣ,sahidic,UD_Coptic-Scriptorium/test.conllu#sahidica_1corinthians-1Cor_04_s0010 (CC BY 4.0),gold
"Even to this present hour we hunger, thirst, are naked, are beaten, and have no certain dwelling place.",ϣⲁϩⲣⲁⲓ ⲉⲧⲉⲓⲟⲩⲛⲟⲩ ⲧⲛϩⲕⲁⲉⲓⲧ ⲧⲛⲟⲃⲉ ⲧⲛⲕⲏⲕⲁϩⲏⲩ ⲥⲉϯⲕⲗⲯ ⲉϫⲱⲛ ⲧⲛϣⲧⲣⲧⲱⲣ .,sahidic,UD_Coptic-Scriptorium/test.conllu#sahidica_1corinthians-1Cor_04_s0011 (CC BY 4.0),gold
"We toil, working with our own hands. When people curse us, we bless. Being persecuted, we endure.",ⲧⲛϩⲟⲥⲉ ⲉⲛⲣϩⲱⲃ ϩⲛⲛⲉⲛϭⲓϫ ⲙⲙⲓⲛⲙⲙⲟ ⲛ ⲉⲩⲥⲁϩⲟⲩ ⲙⲙⲟⲛ ⲧⲛⲥⲙⲟⲩ ⲉⲣⲟⲟⲩ ⲉⲩⲡⲏⲧ ⲛⲥⲱⲛ ⲧⲛⲁⲛⲉⲭⲉ ⲙⲙⲟⲟⲩ .,sahidic,UD_Coptic-Scriptorium/test.conllu#sahidica_1corinthians-1Cor_04_s0012 (CC BY 4.0),gold
"Being defamed, we entreat. We are made as the filth of the world, the dirt wiped off by all, even until now.",ⲉⲩϫⲓⲟⲩⲁ ⲉⲣⲟⲛ . ⲧⲛⲡⲁⲣⲁⲕⲁⲗⲉⲓ ⲙⲙⲟⲟⲩ ⲛⲧϩⲉ ⲛⲛⲉⲓⲡⲉⲣⲓⲕⲁⲑⲁⲣⲙⲁ ⲙⲡⲕⲟⲥⲙⲟⲥ ⲁⲛⲣϣϥⲉ ⲛⲟⲩⲟⲛ ⲛⲓⲙ ϣⲁϩⲣⲁⲓ ⲉⲧⲉⲓⲟⲩⲛⲟⲩ .,sahidic,UD_Coptic-Scriptorium/test.conllu#sahidica_1corinthians-1Cor_04_s0013 (CC BY 4.0),gold
"I don't write these things to shame you, but to admonish you as my beloved children.",ⲛⲛⲉⲉⲓϯϣⲓⲡⲉ ⲛⲏⲧⲛ ⲁⲛ ⲉⲓⲥϩⲁⲓ ⲛⲏⲧⲛ ⲛⲛⲁⲓ . ⲁⲗⲗⲁ ⲉⲓϯⲥⲃⲱ ⲛⲏⲧⲛ ϩⲱⲥ ϣⲏⲣⲉ ⲙⲙⲉⲣⲓⲧ .,sahidic,UD_Coptic-Scriptorium/test.conllu#sahidica_1corinthians-1Cor_04_s0014 (CC BY 4.0),gold
"For though you have ten thousand tutors in Christ, yet not many fathers. For in Christ Jesus, I became your father through the Good News.",ⲕⲁⲛ ⲉϣⲱⲡⲉ ⲟⲩⲛⲧⲏⲧⲛ ⲙⲙⲁⲩ ⲛⲟⲩⲧⲃⲁ ⲙⲡⲁⲓⲇⲁⲅⲱⲅⲟⲥ ϩⲙⲡⲉⲭⲣⲓⲥⲧⲟⲥ . ⲁⲗⲗⲁ ⲛϩⲁϩ ⲛⲉⲓⲱⲧ ⲁⲛ . ⲁⲛⲟⲕ ⲅⲁⲣ ⲁⲓϫⲡⲉⲧⲏⲩⲧⲛ ϩⲙⲡⲉⲭⲣⲓⲥⲧⲟⲥ ⲓⲏⲥⲟⲩⲥ ϩⲓⲧⲙⲡⲉⲩⲁⲅⲅⲉⲗⲓⲟⲛ .,sahidic,UD_Coptic-Scriptorium/test.conllu#sahidica_1corinthians-1Cor_04_s0015 (CC BY 4.0),gold
"I beg you therefore, be imitators of me.",ϯⲡⲁⲣⲁⲕⲁⲗⲉⲓ ϭⲉ ⲙⲙⲱⲧⲛ ⲧⲛⲧⲛⲧⲏⲩⲧⲛ ⲉⲣⲟⲓ .,sahidic,UD_Coptic-Scriptorium/test.conllu#sahidica_1corinthians-1Cor_04_s0016 (CC BY 4.0),gold
"Because of this I have sent Timothy to you, who is my beloved and faithful child in the Lord, who will remind you of my ways which are in Christ, even as I teach everywhere in every assembly.",ⲉⲧⲃⲉⲡⲁⲓ ⲁⲓⲧⲛⲛⲉⲩⲧⲓⲙⲟⲑⲉⲟⲥ ⲛⲏⲧⲛ ⲉⲧⲉⲡⲁⲓ ⲡⲉ ⲡⲁϣⲏⲣⲉ ⲙⲙⲉⲣⲓⲧ ⲁⲩⲱ ⲙⲡⲓⲥⲧⲟⲥ ϩⲙⲡϫⲟⲉⲓⲥ ⲡⲁⲓ ⲉⲧⲛⲁⲧⲣⲉⲧⲛⲣⲡⲙⲉⲉⲩⲉ ⲛⲛⲁϩⲓⲟⲟⲩⲉ ⲉⲧϩⲙⲡⲉⲭⲣⲓⲥⲧⲟⲥ ⲛⲧϩⲉ ⲉϯϯⲥⲃⲱ ⲙⲙⲟⲥ ϩⲛⲛⲉⲕⲕⲗⲏⲥⲓⲁ ⲧⲏⲣⲟⲩ ϩⲙⲙⲁ ⲛⲓⲙ .,sahidic,UD_Coptic-Scriptorium/test.conllu#sahidica_1corinthians-1Cor_04_s0017 (CC BY 4.0),gold
"Now some are puffed up, as though I were not coming to you.",ϩⲱⲥ ⲉⲛϯⲛⲏⲩ ⲇⲉ ⲁⲛ ϣⲁⲣⲱⲧⲛ ⲁϩⲟⲓⲛⲉ ϫⲓⲥⲉ ⲛϩⲏⲧ,sahidic,UD_Coptic-Scriptorium/test.conllu#sahidica_1corinthians-1Cor_04_s0018 (CC BY 4.0),gold
"But I will come to you shortly, if the Lord is willing. And I will know, not the word of those who are puffed up, but the power.",ϯⲛⲏⲩ ⲇⲉ ϣⲁⲣⲱⲧⲛ ϩⲛⲟⲩϭⲉⲡⲏ ⲉⲣϣⲁⲛⲡϫⲟⲉⲓⲥ ⲣϩⲛⲁϥ . ⲛⲧⲁⲉⲓⲙⲉ ⲁⲛ ⲉⲡϣⲁϫⲉ ⲛⲛⲉⲧϫⲟⲥⲉ ⲛϩⲏⲧ . ⲁⲗⲗⲁ ⲧⲉⲩϭⲟⲙ .,sahidic,UD_Coptic-Scriptorium/test.conllu#sahidica_1corinthians-1Cor_04_s0019 (CC BY 4.0),gold
"For the Kingdom of God is not in word, but in power.",ⲧⲙⲛⲧⲣⲣⲟ ⲅⲁⲣ ⲙⲡⲛⲟⲩⲧⲉ ⲛⲉⲥϩⲛϣⲁϫⲉ ⲁⲛ . ⲁⲗⲗⲁ ϩⲛⲟⲩϭⲟⲙ .,sahidic,UD_Coptic-Scriptorium/test.conllu#sahidica_1corinthians-1Cor_04_s0020 (CC BY 4.0),gold
"What do you want? Shall I come to you with a rod, or in love and a spirit of gentleness?",ⲟⲩ ⲡⲉⲧⲉⲧⲛⲟⲩⲁϣϥ . ⲧⲁⲉⲓ ϣⲁⲣⲱⲧⲛ ϩⲛⲟⲩϭⲉⲣⲱⲃ ϫⲛϩⲛⲟⲩⲁⲅⲁⲡⲏ ⲙⲛⲟⲩⲡⲛⲉⲩⲙⲁ ⲙⲙⲛⲧⲣⲙⲣⲁϣ .,sahidic,UD_Coptic-Scriptorium/test.conllu#sahidica_1corinthians-1Cor_04_s0021 (CC BY 4.0),gold
"Oh you guilty on your part who allow Satan to come in, defiling the holy places of God.",ⲱ ⲧⲉⲧⲛⲣⲱϣⲉ ⲛⲧⲱⲧⲛ ⲛⲉⲧⲕⲁⲙⲁ ⲙⲡⲥⲁⲧⲁⲛⲁⲥ ⲉⲧⲣⲉϥⲉⲓ ⲉϩⲟⲩⲛ ⲛϥϫⲱϩⲙ ⲛⲙⲙⲁ ⲉⲧⲟⲩⲁⲁⲃ ⲙⲡⲛⲟⲩⲧⲉ ·,sahidic,UD_Coptic-Scriptorium/test.conllu#besa_letters-to_thieving_nuns_s0001 (CC BY 4.0),gold
And you defile his temple which is you yourselves.,ⲁⲩⲱ ⲛⲧⲉⲧⲛⲥⲱⲱϥ ⲙⲡⲉϥⲣⲡⲉ ⲉⲧⲉⲛⲧⲱⲧⲛ ⲡⲉ ⲙⲙⲓⲛⲙⲙⲱⲧⲛ ·,sahidic,UD_Coptic-Scriptorium/test.conllu#besa_letters-to_thieving_nuns_s0002 (CC BY 4.0),gold
"Didn’t you remember the prohibition of the apostle, “he who will defile the temple of God, that one God will destroy.”","ⲙⲡⲉⲧⲛⲣⲡⲙⲉⲉⲩⲉ ⲛⲧⲁⲡⲟⲫⲁⲥⲓⲥ ⲙⲡⲁⲡⲟⲥⲧⲟⲗⲟⲥ , ϫⲉⲡⲉⲧⲛⲁⲥⲱⲱϥ ⲙⲡⲉⲣⲡⲉ ⲙⲡⲛⲟⲩⲧⲉ . ⲡⲁⲓ ⲡⲛⲟⲩⲧⲉ ⲛⲁⲧⲁⲕⲟϥ :",sahidic,UD_Coptic-Scriptorium/test.conllu#besa_letters-to_thieving_nuns_s0003 (CC BY 4.0),gold
"Nor still did you remember all the curses which our father said as he gave all of us into the hand of God saying: “he is cursed, he who will defile his body in any form, or steal anything, from a string to a lace.”","ⲟⲩⲧⲉ ⲟⲛ ⲙⲡⲉⲧⲛⲣⲡⲙⲉⲉⲩⲉ ⲛⲛⲥⲁϩⲟⲩ ⲧⲏⲣⲟⲩ ⲉⲛⲧⲁⲡⲉⲛⲉⲓⲱⲧ ϫⲟⲟⲩ ⲉϥϯ ⲙⲙⲟⲛ ⲧⲏⲣⲛ ⲉⲧⲟⲟⲧϥ ⲙⲡⲛⲟⲩⲧⲉ ⲉϥϫⲱ ⲙⲙⲟⲥ , ϫⲉϥⲥϩⲟⲩⲟⲣⲧ ⲛϭⲓⲡⲉⲧⲛⲁϫⲱϩⲙ ⲙⲡⲉϥⲥⲱⲙⲁ ⲕⲁⲧⲁⲗⲁⲁⲩ ⲛⲥⲙⲟⲧ · ⲏ ⲛϥϫⲓⲟⲩⲉ ϩⲛⲗⲁⲁⲩ ⲛϩⲛⲟ · ϫⲓⲛⲟⲩϩⲱⲥ ⲙⲛⲟⲩⲙⲟⲩⲥ ·",sahidic,UD_Coptic-Scriptorium/test.conllu#besa_letters-to_thieving_nuns_s0004 (CC BY 4.0),gold
Most of all clothes and robes and hoods.,ⲙⲁⲗⲓⲥⲧⲁ ϩⲟⲉⲓⲧⲉ ϩⲓⲡⲣⲏϣ ϩⲓⲕⲗⲁϥⲧ ·,sahidic,UD_Coptic-Scriptorium/test.conllu#besa_letters-to_thieving_nuns_s0005 (CC BY 4.0),gold
And down to the least of things of eating.,ⲁⲩⲱ ϣⲁϩⲣⲁⲓ ⲉⲟⲩⲉⲗⲁⲭⲓⲥⲧⲟⲛ ⲛϩⲛⲟ ⲛⲟⲩⲱⲙ ·,sahidic,UD_Coptic-Scriptorium/test.conllu#besa_letters-to_thieving_nuns_s0006 (CC BY 4.0),gold
Whether out of the service of God or out of the shares of those next to them,ⲉⲓⲧⲉ ⲉⲃⲟⲗ ϩⲛⲛⲉϩⲛⲁⲁⲩ ⲛⲧⲇⲓⲁⲕⲟⲛⲓⲁ ⲙⲡⲛⲟⲩⲧⲉ · ⲉⲓⲧⲉ ⲉⲃⲟⲗ ϩⲛⲛⲧⲟ ⲛⲛⲉⲧϩⲓⲧⲟⲩⲱⲟⲩ ·,sahidic,UD_Coptic-Scriptorium/test.conllu#besa_letters-to_thieving_nuns_s0007 (CC BY 4.0),gold
"I actually thought to come to you in good faith,",ⲛⲉⲓⲙⲉⲉⲩⲉ ⲙⲉⲛ ⲡⲉ ⲉⲉⲓ ϣⲁⲣⲱⲧⲛ ϩⲛⲟⲩⲧⲱⲧ ⲛϩⲏⲧ ·,sahidic,UD_Coptic-Scriptorium/test.conllu#besa_letters-to_thieving_nuns_s0008 (CC BY 4.0),gold
"but the sorrow of those who have enraged God and pained his holy ghost, is what has hindered our joy.",ⲁⲗⲗⲁ ⲡⲉⲙⲕⲁϩ ⲛϩⲏⲧ ⲛⲛⲉⲛⲧⲁⲩϯϭⲱⲛⲧ ⲙⲡⲛⲟⲩⲧⲉ ⲁⲩⲱ ⲁⲩⲗⲩⲡⲉⲓ ⲙⲡⲉϥⲡⲛⲉⲩⲙⲁ ⲉⲧⲟⲩⲁⲁⲃ · ⲡⲉⲛⲧⲁϥⲕⲱⲗⲩⲉ ⲙⲡⲉⲛⲟⲩⲣⲟⲧ ·,sahidic,UD_Coptic-Scriptorium/test.conllu#besa_letters-to_thieving_nuns_s0009 (CC BY 4.0),gold
I know that every suffering is my fate.,ϯⲥⲟⲟⲩⲛ ⲙⲉⲛ ϫⲉⲡⲁⲙⲡϣⲁ ⲡⲉ ⲙⲕⲁϩ ⲛϩⲏⲧ ⲛⲓⲙ ·,sahidic,UD_Coptic-Scriptorium/test.conllu#besa_letters-to_thieving_nuns_s0010 (CC BY 4.0),gold
"But if God with our Lord Jesus is doing his will, I come to you in a rage.",ⲁⲗⲗⲁ ⲉⲣϣⲁⲛⲡⲛⲟⲩⲧⲉ ⲙⲛⲡⲉⲛϫⲟⲉⲓⲥ ⲓⲏⲥⲟⲩⲥ ⲣϩⲛⲁϥ · ϯⲛⲏⲩ ϣⲁⲣⲱⲧⲛ ϩⲛⲟⲩϭⲱⲛⲧ ·,sahidic,UD_Coptic-Scriptorium/test.conllu#besa_letters-to_thieving_nuns_s0011 (CC BY 4.0),gold
"And I will do to these unwise ones and these foolish virgins, who have no oil in their vessels all those things that are in my heart.","ⲛⲧⲁⲉⲓⲣⲉ ⲛⲛⲓⲁⲧⲥⲃⲱ ⲁⲩⲱ ⲛⲓⲡⲁⲣⲑⲉⲛⲟⲥ ⲛⲥⲟϭ , ⲉⲧⲉⲙⲛⲛⲉϩ ϩⲛⲛⲉⲩⲁⲅⲅⲓⲟⲛ ⲛⲛⲉⲧϩⲙⲡⲁϩⲏⲧ ⲧⲏⲣⲟⲩ ·",sahidic,UD_Coptic-Scriptorium/test.conllu#besa_letters-to_thieving_nuns_s0012 (CC BY 4.0),gold
That still again you return back to these provocations of God you fall down by the sword of the wicked one who has destroyed all of civilization in his sins and acts of lawlessness.,ϫⲉⲡⲁⲗⲓⲛ ⲟⲛ ⲛⲧⲉⲧⲛⲕⲉⲧⲧⲏⲩⲧⲛ ⲉⲡⲁϩⲟⲩ ϩⲓⲛⲓⲙⲛⲧⲣⲉϥϯϭⲱⲛⲧ ⲙⲡⲛⲟⲩⲧⲉ ⲛⲧⲉⲧⲛϩⲉ ⲉϩⲣⲁⲓ ⲉⲧⲟⲟⲧⲥ ⲛⲧⲥⲏϥⲉ ⲙⲡⲡⲟⲛⲏⲣⲟⲥ ⲡⲉⲛⲧⲁϥⲧⲁⲕⲟ ⲛⲧⲟⲓⲕⲟⲩⲙⲉⲛⲏ ⲧⲏⲣⲥ ϩⲛⲛⲉϥⲛⲟⲃⲉ ⲙⲛⲛⲉϥⲁⲛⲟⲙⲓⲁ ·,sahidic,UD_Coptic-Scriptorium/test.conllu#besa_letters-to_thieving_nuns_s0013 (CC BY 4.0),gold
"For you have loved defilement rather than purification, and you have chosen death for you rather than life.",ⲉⲃⲟⲗ ϫⲉⲁⲧⲉⲧⲛⲙⲉⲣⲉⲡϫⲱϩⲙ · ⲉϩⲟⲩⲉⲡⲧⲃⲃⲟ · ⲁⲩⲱ ⲁⲧⲉⲧⲛⲥⲱⲧⲡ ⲛⲏⲧⲛ ⲙⲡⲙⲟⲩ · ⲉϩⲟⲩⲉⲡⲱⲛϩ ·,sahidic,UD_Coptic-Scriptorium/test.conllu#besa_letters-to_thieving_nuns_s0014 (CC BY 4.0),gold
"For you have angered him who has created you, and who has nourished you, God who is forever.",ⲁⲧⲉⲧⲛϯⲛⲟⲩϭⲥ ⲅⲁⲣ ⲙⲡⲉⲛⲧⲁϥⲧⲁⲙⲓⲉⲧⲏⲩⲧⲛ · ⲁⲩⲱ ⲁϥⲥⲁⲛϣⲧⲏⲩⲧⲛ ⲡⲛⲟⲩⲧⲉ ⲡϣⲁⲉⲛⲉϩ ·,sahidic,UD_Coptic-Scriptorium/test.conllu#besa_letters-to_thieving_nuns_s0015 (CC BY 4.0),gold
"And you have also given suffering to her who has nursed you, Jerusalem, which is the congregation.",ⲁⲧⲉⲧⲛϯⲙⲕⲁϩ ⲛϩⲏⲧ ⲇⲉ ⲟⲛ ⲛⲧⲉⲛⲧⲁⲥϣⲉⲡϣⲡⲧⲏⲩⲧⲛ ⲧϩⲓⲉⲣⲟⲩⲥⲁⲗⲏⲙ ⲉⲧⲉⲧⲥⲩⲛⲁⲅⲱⲅⲏ ⲧⲉ ·,sahidic,UD_Coptic-Scriptorium/test.conllu#besa_letters-to_thieving_nuns_s0016 (CC BY 4.0),gold
And you have fallen in daylight like those who are in midnight.,ⲁⲩⲱ ⲁⲧⲉⲧⲛϩⲉ ⲙⲙⲉⲉⲣⲉ ⲛⲧϩⲉ ⲛⲛⲉⲧϩⲛⲧⲡⲁϣⲉ ⲛⲧⲉⲩϣⲏ ·,sahidic,UD_Coptic-Scriptorium/test.conllu#besa_letters-to_thieving_nuns_s0017 (CC BY 4.0),gold
"As it is written: “she has stumbled, she has fallen, that is the virgin of Israel and so she won’t get up again.",ⲛⲧϩⲉ ⲉⲧⲥⲏϩ ϫⲉⲁⲥⲥⲗⲁⲁⲧⲉ ⲁⲥϩⲉ ⲛϭⲓⲧⲡⲁⲣⲑⲉⲛⲟⲥ ⲙⲡⲓⲥⲣⲁⲏⲗ ⲛⲥⲛⲁⲟⲩⲱϩ ϭⲉ ⲁⲛ ⲉⲧⲟⲟⲧⲥ ⲉⲧⲱⲟⲩⲛ ·,sahidic,UD_Coptic-Scriptorium/test.conllu#besa_letters-to_thieving_nuns_s0018 (CC BY 4.0),gold
"For “those who sleep,” he said, “it’s at night that they sleep. And those who are drunk, it’s at night that they’re drunk”.",ⲛⲉⲧⲛⲕⲟⲧⲕ ⲅⲁⲣ ⲡⲉϫⲁϥ · ⲉⲩⲛⲕⲟⲧⲕ ⲛⲧⲉⲩϣⲏ · ⲁⲩⲱ ⲛⲉⲧⲧⲁϩⲉ . ⲉⲩⲧⲁϩⲉ ⲛⲧⲉⲩϣⲏ ·,sahidic,UD_Coptic-Scriptorium/test.conllu#besa_letters-to_thieving_nuns_s0019 (CC BY 4.0),gold
"But as for you, you’ve drunk in day like those of whom it is said: “those who are drunk without wine ”.",ⲛⲧⲱⲧⲛ ⲇⲉ ⲁⲧⲉⲧⲛϯϩⲉ ⲙⲙⲉⲉⲣⲉ ⲛⲧϩⲉ ⲛⲛⲉⲛⲧⲁⲩϫⲟⲟⲥ ⲉⲧⲃⲏⲏⲧⲟⲩ · ϫⲉⲛⲉⲧⲧⲁϩⲉ ⲁϫⲛⲏⲣⲡ ·,sahidic,UD_Coptic-Scriptorium/test.conllu#besa_letters-to_thieving_nuns_s0020 (CC BY 4.0),gold
And you have slept in daylight like those who sleep in the night.,ⲁⲩⲱ ⲁⲧⲉⲧⲛϩⲱⲣⲡ ⲙⲙⲉⲉⲣⲉ ⲛⲧϩⲉ ⲛⲛⲉⲧⲛⲕⲟⲧⲕ ⲛⲧⲉⲩϣⲏ ·,sahidic,UD_Coptic-Scriptorium/test.conllu#besa_letters-to_thieving_nuns_s0021 (CC BY 4.0),gold
For you have left the fear of God behind you;,ⲉⲃⲟⲗ ϫⲉⲁⲧⲉⲧⲛⲕⲱ ⲛⲥⲱⲧⲛ ⲛⲧϩⲟⲧⲉ ⲙⲡⲛⲟⲩⲧⲉ ·,sahidic,UD_Coptic-Scriptorium/test.conllu#besa_letters-to_thieving_nuns_s0022 (CC BY 4.0),gold
as you have loved darkness instead of light;,ⲉⲁⲧⲉⲧⲛⲙⲉⲣⲉⲡⲕⲁⲕⲉ ⲉϩⲟⲩⲉ ⲉⲡⲟⲩⲟⲉⲓⲛ ·,sahidic,UD_Coptic-Scriptorium/test.conllu#besa_letters-to_thieving_nuns_s0023 (CC BY 4.0),gold
"and as you have also thought what’s bitter to be sweet, and what’s sweet to be bitter.",ⲉⲁⲧⲉⲧⲛⲉⲡⲡⲉⲧⲥⲁϣⲉ ⲇⲉ ⲟⲛ ϫⲉϥϩⲟⲗϭ · ⲁⲩⲱ ⲡⲉⲧϩⲟⲗϭ ϫⲉϥⲥⲁϣⲉ ·,sahidic,UD_Coptic-Scriptorium/test.conllu#besa_letters-to_thieving_nuns_s0024 (CC BY 4.0),gold
"Because of this, woe to you evil ones that you did not think of all the toil that our father has endured with all of you.",ⲉⲧⲃⲉⲡⲁⲓ ⲟⲩⲟⲓ ⲛⲏⲧⲛ ⲙⲡⲟⲛⲏⲣⲟⲥ ϫⲉⲙⲡⲉⲧⲛⲣⲡⲙⲉⲉⲩⲉ ⲙⲡϩⲓⲥⲉ ⲧⲏⲣϥ ⲉⲛⲧⲁⲡⲉⲛⲉⲓⲱⲧ ϣⲟⲡϥ ⲛⲙⲙⲏⲧⲛ ⲧⲏⲣⲧⲛ ·,sahidic,UD_Coptic-Scriptorium/test.conllu#besa_letters-to_thieving_nuns_s0025 (CC BY 4.0),gold
As you have left behind his teachings of life and those of the petitions of your fathers.,ⲉⲁⲧⲉⲧⲛⲕⲱ ⲛⲥⲱⲧⲛ ⲛⲛⲉϥⲥⲃⲟⲟⲩⲉ ⲛⲱⲛϩ ⲙⲛⲛⲁⲛⲥⲙⲙⲉ ⲛⲛⲉⲧⲛⲉⲓⲟⲧⲉ :,sahidic,UD_Coptic-Scriptorium/test.conllu#besa_letters-to_thieving_nuns_s0026 (CC BY 4.0),gold
"Furthermore, behold the elders go with their brothers, they came to you another time.",ⲡⲗⲏⲛ ⲉⲓⲥⲛϩⲗⲗⲟ ⲉⲓ ⲙⲛⲛⲉⲛⲥⲛⲏⲩ ⲁⲩⲉⲓ ϣⲁⲣⲱⲧⲛ ⲛⲕⲉⲥⲟⲡ ·,sahidic,UD_Coptic-Scriptorium/test.conllu#besa_letters-to_thieving_nuns_s0027 (CC BY 4.0),gold
As we live in a great grief and much heart ache.,ⲉⲛⲟⲛϩ ϩⲛⲟⲩⲛⲟϭ ⲛⲗⲩⲡⲏ ⲙⲛⲟⲩⲙⲕⲁϩ ⲛϩⲏⲧ ⲉⲛⲁϣⲱϥ ·,sahidic,UD_Coptic-Scriptorium/test.conllu#besa_letters-to_thieving_nuns_s0028 (CC BY 4.0),gold
To have them done one by one by you according to their worth.,ⲉⲧⲣⲉⲩⲉⲓⲣⲉ ⲛⲧⲟⲩⲉⲓ ⲧⲟⲩⲉⲓ ⲙⲙⲱⲧⲛ ⲕⲁⲧⲁⲡⲉⲥⲙⲡϣⲁ ·,sahidic,UD_Coptic-Scriptorium/test.conllu#besa_letters-to_thieving_nuns_s0029 (CC BY 4.0),gold
Since you have left the flow of the water of life behind you.,ⲉⲃⲟⲗ ϫⲉⲁⲧⲉⲧⲛⲕⲱ ⲛⲥⲱⲧⲛ ⲛⲧⲡⲏⲅⲏ ⲙⲙⲟⲟⲩ ⲛⲱⲛϩ ·,sahidic,UD_Coptic-Scriptorium/test.conllu#besa_letters-to_thieving_nuns_s0030 (CC BY 4.0),gold
While you dug yourselves pits that are broken in making your hearts of foolishness do wrong to you.,ⲉⲁⲧⲉⲧⲛϣⲓⲕⲉ ⲛⲏⲧⲛ ⲛϩⲉⲛϣⲏⲓ ⲉⲩⲟⲩⲟϭⲡ ϩⲙⲡⲧⲣⲉⲡⲉⲧⲛϩⲏⲧ ⲛⲁⲧⲥⲃⲱ ⲣⲕⲁⲕⲉ ⲉⲣⲱⲧⲛ ·,sahidic,UD_Coptic-Scriptorium/test.conllu#besa_letters-to_thieving_nuns_s0031 (CC BY 4.0),gold
While you say: 'we are clever.',ⲉⲧⲉⲧⲛϫⲱ ⲙⲙⲟⲥ ϫⲉⲁⲛⲟⲛ ϩⲉⲛⲥⲁⲃⲉ ·,sahidic,UD_Coptic-Scriptorium/test.conllu#besa_letters-to_thieving_nuns_s0032 (CC BY 4.0),gold
You have been foolish.,ⲁⲧⲉⲧⲛⲣⲥⲟϭ ·,sahidic,UD_Coptic-Scriptorium/test.conllu#besa_letters-to_thieving_nuns_s0033 (CC BY 4.0),gold
While you have changed the honor of God in your actions which are unworthy.,ⲉⲁⲧⲉⲧⲛϣⲓⲃⲉ ⲙⲡⲉⲟⲟⲩ ⲙⲡⲛⲟⲩⲧⲉ ϩⲛϩⲉⲛϩⲃⲏⲩⲉ ⲉⲙⲉϣϣⲉ .,sahidic,UD_Coptic-Scriptorium/test.conllu#besa_letters-to_thieving_nuns_s0034 (CC BY 4.0),gold
"For this reason, God has laid you down to torments, which are written, that is stealing and defilement and every kind of evil.",ⲉⲧⲃⲉⲡⲁⲓ ⲁⲡⲛⲟⲩⲧⲉ ϯⲧⲏⲩⲧⲛ ⲉϩⲣⲁⲓ ⲉϩⲉⲛⲡⲁⲑⲟⲥ ⲉⲩⲥⲏϣ ⲉⲧⲉⲡϫⲓⲟⲩⲉ ⲡⲉ ⲙⲛⲡϫⲱϩⲙ ⲙⲛⲡⲟⲛⲏⲣⲟⲛ ⲛⲓⲙ ·,sahidic,UD_Coptic-Scriptorium/test.conllu#besa_letters-to_thieving_nuns_s0035 (CC BY 4.0),gold
"Those things which every vengence will happen to those that commit them, not just in this world but in the other one.",ⲛⲁⲓ ⲉⲧⲉⲣⲉⲧⲓⲙⲱⲣⲓⲁ ⲛⲓⲙ ϣⲟⲟⲡ ⲛⲛⲉⲧⲉⲓⲣⲉ ⲙⲙⲟⲟⲩ · ⲟⲩ ⲙⲟⲛⲟⲛ ϩⲙⲡⲉⲓⲁⲓⲱⲛ · ⲁⲗⲗⲁ ϩⲙⲡⲕⲉⲟⲩⲁ :,sahidic,UD_Coptic-Scriptorium/test.conllu#besa_letters-to_thieving_nuns_s0036 (CC BY 4.0),gold
"world, as we walk in defilement and drunkenness and reveling and drinking and defiled idol worship. (1 Pet 4:3)",ⲕⲟⲥⲙⲟⲥ ⲉⲛⲙⲟⲟϣⲉ ϩⲛⲛϫⲱϩⲙ ⲙⲛⲛϯϩⲉ · ⲙⲛⲛϫⲏⲣ · ⲙⲛⲛⲥⲱ · ⲙⲛⲙⲙⲛⲧⲣⲉϥϣⲙϣⲉⲉⲓⲇⲱⲗⲟⲛ ⲉⲧϫⲁϩⲙ ·,sahidic,UD_Coptic-Scriptorium/test.conllu#besa_letters-exhortations_s0001 (CC BY 4.0),gold
"As we walk in wickedness and envy, becoming hated as we hate each other.",ⲉⲛⲙⲟⲟϣⲉ ϩⲛⲟⲩⲕⲁⲕⲓⲁ ⲙⲛⲟⲩⲫⲑⲟⲛⲟⲥ · ⲉⲛⲟ ⲙⲙⲉⲥⲧⲉ ⲉⲛⲙⲟⲥⲧⲉ ⲛⲛⲉⲛⲉⲣⲏⲩ ·,sahidic,UD_Coptic-Scriptorium/test.conllu#besa_letters-exhortations_s0002 (CC BY 4.0),gold
As we become disobedient and stray. (Titus 3:3),ⲉⲛⲟ ⲛⲁⲧⲥⲱⲧⲙ · ⲉⲛⲡⲗⲁⲛⲁ ·,sahidic,UD_Coptic-Scriptorium/test.conllu#besa_letters-exhortations_s0003 (CC BY 4.0),gold
As we walk in the vanity of our heart and become dark in our thoughts.,ⲉⲛⲙⲟⲟϣⲉ ϩⲙⲡⲡⲉⲧϣⲟⲩⲉⲓⲧ ⲙⲡⲉⲛϩⲏⲧ · ⲉⲛⲟ ⲛⲕⲁⲕⲉ ϩⲛⲛⲉⲛⲙⲉⲉⲩⲉ ·,sahidic,UD_Coptic-Scriptorium/test.conllu#besa_letters-exhortations_s0004 (CC BY 4.0),gold
As we become alienated from the life of God because of the ignorance that is inside us because of our obstinacy.,"ⲉⲛⲟ ⲛⲁⲗⲗⲟⲧⲣⲓⲟⲥ ⲉⲡⲱⲛϩ ⲙⲡⲛⲟⲩⲧⲉ , ⲉⲧⲃⲉⲧⲙⲛⲧⲁⲧⲥⲟⲟⲩⲛ ⲉⲧϣⲟⲟⲡ ⲛϩⲏⲧⲛ ⲉⲧⲃⲉⲡⲉⲛⲧⲱⲛ ⲛϩⲏⲧ ·",sahidic,UD_Coptic-Scriptorium/test.conllu#besa_letters-exhortations_s0005 (CC BY 4.0),gold
As we have given over to defilement and doing every impure thing.,ⲉⲁⲛⲧⲁⲁⲛ ⲙⲙⲓⲛⲙⲙⲟⲛ ⲙⲡϫⲱϩⲙ ⲙⲛⲡⲣϩⲱⲃ ⲉⲁⲕⲁⲑⲁⲣⲥⲓⲁ ⲛⲓⲙ ·,sahidic,UD_Coptic-Scriptorium/test.conllu#besa_letters-exhortations_s0006 (CC BY 4.0),gold
But now it is not in this way that we were taught. (Eph 4:17-20),ⲧⲉⲛⲟⲩ ⲇⲉ ⲛⲧⲁⲩⲧⲥⲁⲃⲟⲛ ⲁⲛ ⲛⲧⲉⲓϩⲉ ·,sahidic,UD_Coptic-Scriptorium/test.conllu#besa_letters-exhortations_s0007 (CC BY 4.0),gold
But rather what was taught to us is to do something for our salvation in fear and trembling.,ⲁⲗⲗⲁ ⲉⲛⲧⲁⲩϯⲥⲃⲱ ⲛⲁⲛ ϫⲉϩⲛⲟⲩϩⲟⲧⲉ ⲙⲛⲟⲩⲥⲧⲱⲧ ⲁⲣⲓϩⲱⲃ ⲉⲡⲉⲧⲛⲟⲩϫⲁⲓ .,sahidic,UD_Coptic-Scriptorium/test.conllu#besa_letters-exhortations_s0008 (CC BY 4.0),gold
For God is the one who enacts the will and the fulfillment of the will. (Phil 2:12-13),ⲡⲛⲟⲩⲧⲉ ⲅⲁⲣ ⲡⲉⲧⲉⲛⲉⲣⲅⲉⲓ ⲛϩⲏⲧⲧⲏⲩⲧⲛ ⲙⲡⲟⲩⲱϣ ⲙⲛⲡϫⲱⲕ ⲉⲃⲟⲗ ⲙⲡⲟⲩⲱϣ ·,sahidic,UD_Coptic-Scriptorium/test.conllu#besa_letters-exhortations_s0009 (CC BY 4.0),gold
"And indeed the children of Israel, Moses saw them at that time in the way that they hastened to forget the commandments of God.",ⲕⲁⲓ ⲅⲁⲣ ⲛϣⲏⲣⲉ ⲙⲡⲓⲥⲣⲁⲏⲗ ⲙⲡⲓⲟⲩⲟⲉⲓϣ ⲁⲙⲱⲩⲥⲏⲥ ⲛⲁⲩ ⲉⲣⲟⲟⲩ ⲛⲧϩⲉ ⲉⲧⲟⲩϭⲉⲡⲏ ⲉⲣⲡⲱⲃϣ ⲛⲛⲉⲛⲧⲟⲗⲏ ⲙⲡⲛⲟⲩⲧⲉ,sahidic,UD_Coptic-Scriptorium/test.conllu#besa_letters-exhortations_s0010 (CC BY 4.0),gold
He commanded them to make fringes at the wings of their garments so that they might see them and think of the commandments of God and not forget them. (cf. Num 15:38-39),"ⲁϥⲟⲩⲉϩⲥⲁϩⲛⲉ ⲛⲁⲩ ⲉⲧⲣⲉⲩⲧⲁⲙⲓⲟ ⲛϩⲉⲛⲧⲱⲱⲧⲉ ⲉϫⲛⲛⲧⲛϩ ⲛⲛⲉⲩϩⲟⲉⲓⲧⲉ , ϫⲉⲕⲁⲥ ⲉⲩⲛⲁⲛⲁⲩ ⲉⲣⲟⲟⲩ ⲛⲥⲉⲣⲡⲙⲉⲉⲩⲉ ⲛⲛⲉⲛⲧⲟⲗⲏ ⲙⲡⲛⲟⲩⲧⲉ ⲛⲥⲉⲧⲙⲣⲡⲉⲩⲱⲃϣ :",sahidic,UD_Coptic-Scriptorium/test.conllu#besa_letters-exhortations_s0011 (CC BY 4.0),gold
"Now let us too place the fear of God in our heart instead of the fringes, so that we do not forget the commandments that our fathers entrusted to us.",ⲁⲛⲟⲛ ⲇⲉ ϩⲱⲱⲛ ⲙⲁⲣⲛⲕⲱ ⲛⲁⲛ ⲛⲧϩⲟⲧⲉ ⲙⲡⲛⲟⲩⲧⲉ ϩⲙⲡⲉⲛϩⲏⲧ ⲉⲡⲙⲁ ⲛⲛⲧⲱⲧⲉ . ϫⲉⲕⲁⲥ ⲛⲛⲉⲛⲣⲡⲱⲃϣ ⲛⲛⲉⲛⲧⲟⲗⲏ ⲉⲛⲧⲁⲛⲉⲛⲉⲓⲟⲧⲉ ⲧⲁⲁⲩ ⲉⲧⲟⲟⲧⲛ :,sahidic,UD_Coptic-Scriptorium/test.conllu#besa_letters-exhortations_s0012 (CC BY 4.0),gold
"Therefore brothers let us turn around and repent while the opportunity is not yet lost for us, and while the light is still with us, which is the teachings of our fathers.",ⲉⲧⲃⲉⲡⲁⲓ ϭⲉ ⲛⲉⲥⲛⲏⲩ ⲙⲁⲣⲛⲕⲧⲟⲛ ⲛⲧⲛⲙⲉⲧⲁⲛⲟⲉⲓ ⲉⲙⲡⲁⲧⲉⲡⲕⲁⲓⲣⲟⲥ ⲱϫⲛ ⲛⲧⲟⲟⲧⲛ . ⲁⲩⲱ ϩⲱⲥ ⲉⲣⲉⲡⲟⲩⲟⲉⲓⲛ ϣⲟⲟⲡ ⲛⲙⲙⲁⲛ ⲉⲧⲉⲛⲉⲥⲃⲟⲟⲩⲉ ⲛⲉ ⲛⲛⲉⲛⲉⲓⲟⲧⲉ .,sahidic,UD_Coptic-Scriptorium/test.conllu#besa_letters-exhortations_s0013 (CC BY 4.0),gold
In the way that the Lord said: 'Walk as long as you have the light so that the darkness does not overtake you.' (Jn 12:35),ⲛⲧϩⲉ ⲉⲛⲧⲁⲡϫⲟⲉⲓⲥ ϫⲟⲟⲥ ϫⲉⲙⲟⲟϣⲉ ϩⲟⲥⲟⲛ ⲉⲟⲩⲛⲧⲏⲧⲛ ⲡⲟⲩⲟⲉⲓⲛ · ϫⲉⲛⲛⲉⲡⲕⲁⲕⲉ ⲧⲁϩⲉⲧⲏⲩⲧⲛ · :,sahidic,UD_Coptic-Scriptorium/test.conllu#besa_letters-exhortations_s0014 (CC BY 4.0),gold
"And: 'As we are in the day, let us walk while we are in propriety.' (Rom 13:13)","ⲁⲩⲱ ϫⲉϩⲱⲥ ⲉⲛϩⲙⲡⲉϩⲟⲟⲩ , ⲙⲁⲣⲛⲙⲟⲟϣⲉ ⲉⲛⲧⲥⲁⲛⲏⲩ ·",sahidic,UD_Coptic-Scriptorium/test.conllu#besa_letters-exhortations_s0015 (CC BY 4.0),gold
"And: 'Those that sleep, it's at night that they sleep.",ⲁⲩⲱ ϫⲉⲛⲉⲧⲛⲕⲟⲧⲕ ⲅⲁⲣ . ⲉⲩⲛⲕⲟⲧⲕ ⲛⲧⲉⲩϣⲏ ·,sahidic,UD_Coptic-Scriptorium/test.conllu#besa_letters-exhortations_s0016 (CC BY 4.0),gold
"And those that are drunk, it is at night that they are drunk.",ⲁⲩⲱ ⲛⲉⲧⲧⲁϩⲉ . ⲉⲩⲧⲁϩⲉ ⲛⲧⲉⲩϣⲏ ·,sahidic,UD_Coptic-Scriptorium/test.conllu#besa_letters-exhortations_s0017 (CC BY 4.0),gold
"But we are of the day, let us be sober as we don the armor of faith.' (1 Thess 5:7-8)",ⲁⲛⲟⲛ ⲇⲉ ⲁⲛⲟⲛ ⲛⲁⲡⲉϩⲟⲟⲩ ⲙⲁⲣⲛⲛⲏⲫⲉ · ⲉⲁⲛϯ ϩⲓⲱⲱⲛ ⲙⲡϩⲱⲕ ⲛⲧⲡⲓⲥⲧⲓⲥ,sahidic,UD_Coptic-Scriptorium/test.conllu#besa_letters-exhortations_s0018 (CC BY 4.0),gold
"THE LIFE AND CONVERSATION OF OUR SAINTED FATHER, WHO WAS GLORIOUS IN EVERYTHING, SAINT APA CYRUS, THE PERFECT GOVERNOR, WHICH WAS W'RITTEN BY APA PAMBO, THE ELDER OF THE CHURCH OF SHIET. SAINT APA CYRUS DIED ON THE EIGHTH DAY OF THE MONTH EPEIPH IN THE PEACE OF GOD.",ⲡⲃⲓⲟⲥ ⲁⲩⲱ ⲧⲡⲟⲗⲓⲧⲉⲓⲁ ⲙⲡⲉⲛⲡⲉⲧⲟⲩⲁⲁⲃ ⲛⲉⲓⲱⲧ ⲉⲧⲧⲁⲓⲏⲩ ⲕⲁⲧⲁⲥⲙⲟⲧ ⲛⲓⲙ ⲡϩⲁⲅⲓⲟⲥ ⲁⲡⲁ ⲕⲩⲣⲟⲥ · ⲡⲧⲉⲗⲓⲟⲥ ⲛⲁⲙⲉ ⲛⲧⲁϥϩⲓⲥⲧⲟⲣⲓⲍⲉ ⲙⲙⲟϥ · ⲛϭⲓⲁⲡⲁ ⲡⲁⲙⲃⲱ ⲡⲉⲡⲣⲉⲥⲃⲩⲧⲉⲣⲟⲥ ⲛⲧⲉⲕⲕⲗⲏⲥⲓⲁ ⲛϣⲓⲏⲧ ⲛⲧⲁϥⲙⲧⲟⲛ ⲙⲙⲟϥ ⲛϭⲓⲡⲉⲧⲟⲩⲁⲁⲃ · ⲁⲡⲁ ⲕⲩⲣⲟⲥ ϩⲛⲥⲟⲩϣⲙⲟⲩⲛ ⲙⲡⲉⲃⲟⲧ ⲉⲡⲏⲡ ϩⲛⲟⲩⲉⲓⲣⲏⲛⲏ ⲛⲧⲉⲡⲛⲟⲩⲧⲉ ·,sahidic,UD_Coptic-Scriptorium/test.conllu#life_cyrus-life_cyrus_01_s0001 (CC BY 4.0),gold
"MAY HIS HOLY BLESSING COME UPON US, AND MAY WE BE SAVED! AMEN.",ⲉⲣⲉⲛⲉϥⲥⲙⲟⲩ ⲉⲧⲟⲩⲁⲁⲃ ⲛⲁⲉⲓ ⲉϩⲣⲁⲓ ⲉϫⲱⲛ ⲛⲧⲛⲟⲩϫⲁⲓ ϩⲁⲙⲏⲛ ⁛ —,sahidic,UD_Coptic-Scriptorium/test.conllu#life_cyrus-life_cyrus_01_s0002 (CC BY 4.0),gold
"And it came to pass in the time of Apa Pambo, the elder of the church of Shiet, after he had protected the body of the blessed woman Hillaria, the daughter of the Emperor Zeno,",ⲁⲥϣⲱⲡⲉ ⲇⲉ ⲙⲡⲉⲟⲩⲟⲉⲓϣ ⲛⲁⲡⲁ ⲡⲁⲙⲃⲱ ⲡⲉⲡⲣⲉⲥⲃⲩⲧⲉⲣⲟⲥ ⲛⲧⲉⲕⲕⲗⲏⲥⲓⲁ ⲛϣⲓⲏⲧ · ⲙⲛⲛⲥⲁⲧⲣⲉϥⲥⲕⲉⲡⲁⲍⲉ ⲙⲡⲥⲱⲙⲁ ⲛⲧⲙⲁⲕⲁⲣⲓⲁ ϩⲓⲗⲗⲁⲣⲓⲁ ⲧϣⲉⲉⲣⲉ ⲙⲡⲣⲣⲟ ⲍⲏⲛⲱⲛ ·,sahidic,UD_Coptic-Scriptorium/test.conllu#life_cyrus-life_cyrus_01_s0003 (CC BY 4.0),gold
"A vision was shewn to him, [and a voice said unto him,] 'Rise up, and go thou into the district which is on the sea-coast,",ⲁⲩϩⲟⲣⲟⲙⲁ ϭⲱⲗⲡ ⲛⲁϥ ⲉⲃⲟⲗ · ϫⲉⲧⲱⲟⲩⲛ ⲛⲅⲙⲟⲟϣⲉ ⲉϩⲟⲩⲛ ϩⲙⲡⲥⲁ ⲙⲡⲱⲕⲉⲁⲛⲟⲥ ·,sahidic,UD_Coptic-Scriptorium/test.conllu#life_cyrus-life_cyrus_01_s0004 (CC BY 4.0),gold
"and thou shalt enquire for the anchorite, of whose sandals there is not in the whole world anyone who is worthy to unloose the latchets.'",ⲕⲛⲁϭⲓⲛⲉ ⲛⲟⲩⲛⲟϭ ⲛⲁⲛⲁⲭⲱⲣⲏⲧⲏⲥ ⲡⲁⲓ ⲉⲧⲉⲙⲡⲕⲟⲥⲙⲟⲥ ⲧⲏⲣϥ ⲙⲡϣⲁ ⲁⲛ ⲛⲟⲩⲥϣ ⲛⲧⲁϭⲥⲉ ⲛⲟⲩⲱⲧ ⲛⲧⲉⲛⲉϥⲟⲩⲉⲣⲏⲧⲉ ·,sahidic,UD_Coptic-Scriptorium/test.conllu#life_cyrus-life_cyrus_01_s0005 (CC BY 4.0),gold
"And the blessed Apa Pambo rose up and went into the desert in the strength of God which was with him, even as it was with the blessed Antonius at the time when he was on his journey to go to the blessed man Apa Paulus a second time.",ⲛⲧⲟϥ ⲇⲉ ⲡⲙⲁⲕⲁⲣⲓⲟⲥ ⲁⲡⲁ ⲡⲁⲙⲃⲱ · ⲁϥⲧⲱⲟⲩⲛ ⲁϥⲙⲟⲟϣⲉ ⲉϩⲟⲩⲛ ϩⲙⲡⲧⲟⲟⲩ ϩⲓⲧⲛⲧϭⲟⲙ ⲙⲡⲛⲟⲩⲧⲉ ⲉⲧϣⲟⲟⲡ ⲛⲙⲙⲁϥ ⲛⲧϩⲉ ⲙⲡⲙⲁⲕⲁⲣⲓⲟⲥ ⲁⲛⲧⲱⲛⲓⲟⲥ · ϩⲙⲡⲉⲟⲩⲟⲉⲓϣ ⲛⲧⲁϥⲙⲟⲟϣⲉ ⲁϥⲃⲱⲕ ϣⲁⲡⲙⲁⲕⲁⲣⲓⲟⲥ ⲁⲡⲁ ⲡⲁⲩⲗⲟⲥ ⲡⲙⲉϩⲥⲛⲁⲩ ·,sahidic,UD_Coptic-Scriptorium/test.conllu#life_cyrus-life_cyrus_01_s0006 (CC BY 4.0),gold
"And the blessed elder Apa Pambo rose up and went into the desert,",ⲛⲧⲟϥ ⲇⲉ ⲡⲙⲁⲕⲁⲣⲓⲟⲥ ⲁⲡⲁ ⲡⲁⲙⲃⲱ ⲡⲉⲡⲣⲉⲥⲃⲩⲧⲉⲣⲟⲥ ⲁϥⲧⲱⲟⲩⲛ ⲁϥⲙⲟⲟϣⲉ ⲉϩⲟⲩⲛ ϩⲙⲡϫⲁⲓⲉ ·,sahidic,UD_Coptic-Scriptorium/test.conllu#life_cyrus-life_cyrus_01_s0007 (CC BY 4.0),gold
"and he came to the cell of a monk,",ⲁϥⲉⲓ ⲉϩⲣⲁⲓ ⲉϫⲛⲟⲩⲕⲁⲧⲁⲅⲁⲓⲟⲛ ·,sahidic,UD_Coptic-Scriptorium/test.conllu#life_cyrus-life_cyrus_01_s0008 (CC BY 4.0),gold
"and he stood still and knocked at the door for a considerable space of time,",ⲁϥⲁϩⲉⲣⲁⲧϥ ⲁϥⲕⲱⲗϩ ⲉϩⲟⲩⲛ ⲉⲡⲣⲟ ⲛⲁⲧϣⲁⲩ ⲛⲟⲩⲟⲩⲛⲟⲩ,sahidic,UD_Coptic-Scriptorium/test.conllu#life_cyrus-life_cyrus_01_s0009 (CC BY 4.0),gold
"and he cried out three times, according to the rules of the monkish brethren saying, 'Bless me!'",ⲁϥⲙⲟⲩⲧⲉ ⲛϣⲟⲙⲛⲧ ⲛⲥⲟⲡ · ⲕⲁⲧⲁⲡⲕⲁⲛⲱⲛ ⲛⲛⲉⲥⲛⲏⲩ ⲙⲙⲟⲛⲁⲭⲟⲥ · ⲉϥϫⲱ ⲙⲙⲟⲥ ϫⲉⲥⲙⲟⲩ ⲉⲣⲟⲓ ·,sahidic,UD_Coptic-Scriptorium/test.conllu#life_cyrus-life_cyrus_01_s0010 (CC BY 4.0),gold
"And whilst I, Pambo, was standing at the door, the brother made answer to me inside, saying, ' Hail, Pambo, the elder of the church of Shiet, thou mighty ship that sailest over the desert that is without water.",ⲁⲩⲱ ⲉⲧⲓ ⲉⲓⲁϩⲉⲣⲁⲧ ϩⲓⲡⲣⲟ ⲁⲛⲟⲕ ⲡⲁⲙⲃⲱ · ⲁⲡⲥⲟⲛ ⲣⲟⲩⲱ ⲛⲁⲓ ϩⲙⲡⲥⲁ ⲛϩⲟⲩⲛ ⲉϥϫⲱ ⲙⲙⲟⲥ ϫⲉⲭⲁⲓⲣⲉ ⲡⲁⲙⲃⲱ ⲡⲉⲡⲣⲉⲥⲃⲩⲧⲉⲣⲟⲥ ⲛⲧⲉⲕⲕⲗⲏⲥⲓⲁ ⲛϣⲓⲏⲧ ⲡⲛⲟϭ ⲛϫⲟⲓ ⲉⲧⲣϩⲱⲧ ϩⲙⲡϫⲁⲓⲉ ⲛⲁⲧⲙⲟⲟⲩ ·,sahidic,UD_Coptic-Scriptorium/test.conllu#life_cyrus-life_cyrus_01_s0011 (CC BY 4.0),gold
"Behold, I have eagerly desired to see thee for a very long time!",ⲉⲓⲥⲛⲟϭ ⲅⲁⲣ ⲛⲟⲩⲟⲉⲓϣ ϯⲉⲡⲓⲑⲩⲙⲉⲓ ⲉⲛⲁⲩ ⲉⲣⲟⲕ ·,sahidic,UD_Coptic-Scriptorium/test.conllu#life_cyrus-life_cyrus_01_s0012 (CC BY 4.0),gold
"Behold, God hath fulfilled for me my wish this day!",ⲉⲓⲥ ⲡⲁⲟⲩⲱϣ ⲁⲡⲛⲟⲩⲧⲉ ϫⲟⲕϥ ⲛⲁⲓ ⲉⲃⲟⲗ · ⲙⲡⲟⲟⲩ ·,sahidic,UD_Coptic-Scriptorium/test.conllu#life_cyrus-life_cyrus_01_s0013 (CC BY 4.0),gold
"Come in, O blessed man!'",ⲁⲙⲟⲩ ⲉϩⲟⲩⲛ ⲡⲣⲱⲙⲉ ⲉⲧⲥⲙⲁⲙⲁⲁⲧ ⁛ —,sahidic,UD_Coptic-Scriptorium/test.conllu#life_cyrus-life_cyrus_01_s0014 (CC BY 4.0),gold
"And Apa Pambo answered, saying, 'Hail thou, Apa Hierax, who hast become a companion of the angels of God by reason of thy purity.'",ⲁϥⲟⲩⲱϣⲃ ⲛϭⲓⲁⲡⲁ ⲡⲁⲙⲃⲱ · ⲉϥϫⲱ ⲙⲙⲟⲥ ϫⲉⲭⲁⲓⲣⲉ · ⲁⲡⲁ ϩⲓⲉⲣⲁⲝ · ⲡⲉⲛⲧⲁϥⲣϣⲃⲏⲣ ⲉⲛⲁⲅⲅⲉⲗⲟⲥ ⲙⲡⲛⲟⲩⲧⲉ ⲉⲧⲃⲉⲡⲉϥⲧⲃⲃⲟ ·,sahidic,UD_Coptic-Scriptorium/test.conllu#life_cyrus-life_cyrus_01_s0015 (CC BY 4.0),gold
"And Apa Hierax opened the door, and brought in Apa Pambo, and they sat down together.",ⲛⲧⲟϥ ⲇⲉ ⲟⲛ ⲁⲡⲁ ϩⲓⲉⲣⲁⲝ ⲁϥⲟⲩⲱⲛ ⲙⲡⲣⲟ · ⲁϥϫⲓⲧϥ · ⲉϩⲟⲩⲛ ⲁⲩϩⲙⲟⲟⲥ ⲙⲛⲛⲉⲩⲉⲣⲏⲩ ·,sahidic,UD_Coptic-Scriptorium/test.conllu#life_cyrus-life_cyrus_01_s0016 (CC BY 4.0),gold
"And Apa Pambo said unto him, 'My beloved brother Apa Hierax, behold, is it very many years since thou didst come to this place?'",ⲡⲉϫⲁϥ ⲛⲁϥ ⲛϭⲓⲁⲡⲁ ⲡⲁⲙⲃⲱ ϫⲉⲡⲁⲙⲉⲣⲓⲧ ⲛⲥⲟⲛ ⲁⲡⲁ ϩⲓⲉⲣⲁⲝ · ⲉⲓⲥ ⲁⲟⲩⲏⲣ ⲛⲣⲟⲙⲡⲉ · ϫⲓⲛⲛⲧⲁⲕⲉⲓ ⲉϩⲟⲩⲛ ⲉⲡⲉⲓⲙⲁ ·,sahidic,UD_Coptic-Scriptorium/test.conllu#life_cyrus-life_cyrus_01_s0017 (CC BY 4.0),gold
"And Apa Hierax said unto Pambo, 'Behold, I have been in this place eighteen years, and I have never eaten any of the foods which are usually eaten in this world, but I have lived upon the fruit of trees.'",ⲡⲉϫⲁϥ ϫⲉⲉⲓⲥⲙⲛⲧϣⲙⲏⲛ ⲛⲣⲟⲙⲡⲉ ϯ ⲙⲡⲉⲓⲙⲁ · ⲁⲩⲱ ⲙⲡⲓⲟⲩⲉⲙⲗⲁⲁⲩ ⲛⲧⲣⲟⲫⲏ ⲉⲡⲁⲡⲉⲓⲕⲟⲥⲙⲟⲥ ⲡⲉ ⲁⲗⲗⲁ ⲉⲓⲟⲛϩ ⲛⲕⲁⲣⲡⲟⲥ ⲛⲛϣⲏⲛ ·,sahidic,UD_Coptic-Scriptorium/test.conllu#life_cyrus-life_cyrus_01_s0018 (CC BY 4.0),gold
"Now there was a palm-tree growing outside that cell, and it produced twelve clusters, one cluster each month,",ⲛⲉⲩⲛⲟⲩⲃⲛⲛⲉ · ⲇⲉ ⲣⲏⲧ · ⲛⲥⲁⲃⲟⲗ ⲙⲡⲉϥⲙⲁ ⲛϣⲱⲡⲉ · ⲉⲥⲧⲁⲩⲟ ⲉⲃⲟⲗ ⲙⲙⲛⲧⲥⲛⲟⲟⲩⲥ ⲛⲗⲟⲟⲩ ⲟⲩⲗⲟⲟⲩ ⲕⲁⲧⲁⲉⲃⲟⲧ ·,sahidic,UD_Coptic-Scriptorium/test.conllu#life_cyrus-life_cyrus_01_s0019 (CC BY 4.0),gold
and he lived upon the fruit thereof.,ⲉϥⲟⲛϩ ⲉⲡⲉⲥⲕⲁⲣⲡⲟⲥ ·,sahidic,UD_Coptic-Scriptorium/test.conllu#life_cyrus-life_cyrus_01_s0020 (CC BY 4.0),gold
"And I, Pambo, said unto him, 'My beloved father, are there any brethren living beyond thee in the desert?'",ⲁⲛⲟⲕ ⲇⲉ ⲡⲁⲙⲃⲱ ⲡⲉϫⲁⲓ ⲛⲁϥ ϫⲉⲡⲁⲙⲉⲣⲓⲧ ⲛⲉⲓⲱⲧ ⲁⲣⲁ ⲟⲩⲛⲥⲟⲛ ⲙⲡⲉⲕϩⲟⲩⲛ ·,sahidic,UD_Coptic-Scriptorium/test.conllu#life_cyrus-life_cyrus_01_s0021 (CC BY 4.0),gold
"And Apa Hierax said, 'There are some;",ⲡⲉϫⲁϥ ⲛⲁⲓ ϫⲉⲟⲩⲛⲟⲩⲟⲛ,sahidic,UD_Coptic-Scriptorium/test.conllu#life_cyrus-life_cyrus_01_s0022 (CC BY 4.0),gold
"bless me, and get thee gone to them, and receive a blessing at their hands.",ⲥⲙⲟⲩ ⲉⲣⲟⲓ ⲛⲅⲃⲱⲕ ϣⲁⲣⲟⲟⲩ · ⲛⲅϫⲓⲥⲙⲟⲩ ⲉⲃⲟⲗ ϩⲓⲧⲟⲟⲧⲟⲩ ·,sahidic,UD_Coptic-Scriptorium/test.conllu#life_cyrus-life_cyrus_01_s0023 (CC BY 4.0),gold
"And having departed from him into the mountain I came to a small cell of a monk,",ⲛⲧⲉⲣⲓⲙⲟⲟϣⲉ ⲉⲃⲟⲗ ϩⲓⲧⲟⲟⲧϥ ⲉϩⲟⲩⲛ ϩⲙⲡⲧⲟⲟⲩ ⲁⲓⲉⲓ ⲉϩⲣⲁⲓ ⲉϫⲛⲟⲩⲕⲟⲩⲓ ⲛⲕⲁⲧⲁⲅⲉⲓⲟⲛ ·,sahidic,UD_Coptic-Scriptorium/test.conllu#life_cyrus-life_cyrus_01_s0024 (CC BY 4.0),gold
and I called into it according to the rule of the monkish brethren.,ⲁⲓⲙⲟⲩⲧⲉ ⲉϩⲟⲩⲛ ⲕⲁⲧⲁⲡⲕⲁⲛⲱⲛ ⲛⲛⲉⲥⲛⲏⲩ ⲙⲙⲟⲛⲁⲭⲟⲥ ·,sahidic,UD_Coptic-Scriptorium/test.conllu#life_cyrus-life_cyrus_01_s0025 (CC BY 4.0),gold
"And as I stood outside it, the brother made answer unto me from the inside, saying, 'Hail, Apa Pambo, the elder of the church of Shiet, thou mighty ship that sailest over the desert that is without water,",ⲉⲧⲓ ⲉⲓⲁϩⲉⲣⲁⲧ ϩⲓⲡⲥⲁ ⲛⲃⲟⲗ ⲁⲡⲥⲟⲛ ⲣⲟⲩⲱ ⲛⲁⲓ ϩⲙⲡⲥⲁ ⲛϩⲟⲩⲛ ⲉϥϫⲱ ⲙⲙⲟⲥ · ϫⲉⲭⲁⲓⲣⲉ ⲁⲡⲁ ⲡⲁⲙⲃⲱ · ⲡⲡⲣⲉⲥⲃⲩⲧⲉⲣⲟⲥ ⲛⲧⲉⲕⲕⲗⲏⲥⲓⲁ · ⲛϣⲓⲏⲧ · ⲁⲩⲱ ⲡⲛⲟϭ ⲛϫⲟⲓ ⲉⲧⲣϩⲱⲧ ϩⲙⲡϫⲁⲓⲉ ⲛⲁⲧⲙⲟⲟⲩ ·,sahidic,UD_Coptic-Scriptorium/test.conllu#life_cyrus-life_cyrus_01_s0026 (CC BY 4.0),gold
"behold, I have longed eagerly to see thee for many days.",ⲉⲓⲥⲟⲩⲙⲏⲏϣⲉ ⲛϩⲟⲟⲩ ϯⲉⲡⲓⲑⲩⲙⲉⲓ ⲉⲛⲁⲩ ⲉⲣⲟⲕ ·,sahidic,UD_Coptic-Scriptorium/test.conllu#life_cyrus-life_cyrus_01_s0027 (CC BY 4.0),gold
At last hath God fulfilled my wish for me this day;,ⲗⲟⲓⲡⲟⲛ ⲁⲡϫⲟⲉⲓⲥ ϫⲱⲕ ⲉⲃⲟⲗ ⲙⲡⲁⲟⲩⲱϣ ⲛⲁⲓ ⲙⲡⲟⲟⲩ ·,sahidic,UD_Coptic-Scriptorium/test.conllu#life_cyrus-life_cyrus_01_s0028 (CC BY 4.0),gold
"come inside, and do not stand outside.'",ⲁⲙⲟⲩ ⲉϩⲟⲩⲛ ⲙⲡⲣⲁϩⲉⲣⲁⲧⲕ ϩⲓⲡⲥⲁ ⲛⲃⲟⲗ ·,sahidic,UD_Coptic-Scriptorium/test.conllu#life_cyrus-life_cyrus_01_s0029 (CC BY 4.0),gold
"And I made answer to him, I, Pambo 'O my beloved father Pamoun my lord, hail, my beloved brother, unto whom belongeth the coat of many colours, which is like unto the coat of Joseph the righteous man.",ⲁⲓⲟⲩⲱϣⲃ ⲛⲁϥ · ⲁⲛⲟⲕ ⲡⲁⲙⲃⲱ ϫⲉⲡⲁⲙⲉⲣⲓⲧ ⲛⲉⲓⲱⲧ ⲁⲡⲁ ⲡⲁⲙⲟⲩⲛ · ⲡⲁⲙⲡⲟⲣⲕ ⲕⲩⲣⲓⲟⲥ ⲭⲁⲓⲣⲉ ⲡⲁⲙⲉⲣⲓⲧ ⲛⲥⲟⲛ ⲡⲁⲧⲉϣⲧⲏⲛ ⲛⲁⲩⲁⲛ ⲁⲩⲁⲛ ⲛⲧϩⲉ ⲛⲧⲉϣⲧⲏⲛ · ⲛⲓⲱⲥⲏⲫ ⲡⲇⲓⲕⲁⲓⲟⲥ ·,sahidic,UD_Coptic-Scriptorium/test.conllu#life_cyrus-life_cyrus_01_s0030 (CC BY 4.0),gold
And before God it is more precious than all the purple of the kings of this world.',ⲛⲛⲁϩⲣⲙⲡⲛⲟⲩⲧⲉ ⲇⲉ ⲥⲧⲁⲓⲏⲩ ⲛϩⲟⲩⲟ ⲉⲡⲟⲣⲫⲩⲣⲁ ⲛⲓⲙ ⲛⲣⲣⲟ ⲛⲧⲉⲡⲉⲓⲕⲟⲥⲙⲟⲥ ·,sahidic,UD_Coptic-Scriptorium/test.conllu#life_cyrus-life_cyrus_01_s0031 (CC BY 4.0),gold
"Believe me, O my brethren and fathers, I, Pambo, the least of all men, smelled the sweet odour of that brother for a mile before I came to the place where he was.",ⲡⲓⲥⲧⲉⲩⲉ ⲛⲁⲓ ⲛⲁⲥⲛⲏⲩ ⲁⲩⲱ ⲛⲁⲉⲓⲟⲧⲉ · ⲁⲛⲟⲕ ⲡⲁⲙⲃⲱ ⲡⲉⲓⲉⲗⲁⲭⲓⲥⲧⲟⲥ ⲁⲓϣⲱⲗⲙ ⲙⲡⲉⲥϯⲛⲟⲩϥⲉ ⲙⲡⲥⲟⲛ ⲉⲧⲙⲙⲁⲩ ⲛⲁⲟⲩⲙⲓⲗⲓⲟⲛ ⲙⲡⲁⲧⲓⲡⲱϩ ⲉⲣⲟϥ ·,sahidic,UD_Coptic-Scriptorium/test.conllu#life_cyrus-life_cyrus_01_s0032 (CC BY 4.0),gold
"And when we had saluted each other, we offered up prayer, and we sat down.",ⲛⲧⲉⲣⲛⲁⲥⲡⲁⲍⲉ ⲇⲉ ⲛⲛⲉⲛⲉⲣⲏⲩ ⲁⲛϣⲗⲏⲗ ⲁⲛϩⲙⲟⲟⲥ,sahidic,UD_Coptic-Scriptorium/test.conllu#life_cyrus-life_cyrus_01_s0033 (CC BY 4.0),gold
"And I said unto him, ' My father, I know that thou must be cold in winter, and thou wilt not be burnt up with the heat in the summer, when wearing a tunic of this kind.'",ⲡⲉϫⲁⲓ ⲛⲁϥ ϫⲉⲡⲁⲉⲓⲱⲧ ⲉⲓⲉ ⲙⲉⲕⲱϭⲃ ⲛⲧⲉⲡⲣⲱ · ⲟⲩⲇⲉ ⲙⲉⲕⲥⲱϣⲙ ϩⲙⲡϣⲱⲙ ⲉⲕⲫⲟⲣⲉⲓ · ⲛⲧⲉϣⲧⲏⲛ ⲛⲧⲉⲓⲙⲓⲛⲉ ·,sahidic,UD_Coptic-Scriptorium/test.conllu#life_cyrus-life_cyrus_01_s0034 (CC BY 4.0),gold
"And Apa Pamoun said unto me, because this, most certainly, is its name, O my beloved brother Apa Pambo.",ⲡⲉϫⲁϥ ⲛⲁⲓ ⲛϭⲓⲁⲡⲁ ⲡⲁⲙⲟⲩⲛ · ⲡⲁⲙⲡⲟⲣⲕ ⲉⲃⲟⲗ ϫⲉⲡⲁⲓ ⲙⲙⲁⲧⲉ · ⲡⲉ ⲡⲉϥⲣⲁⲛ · ϫⲉⲡⲁⲙⲉⲣⲓⲧ ⲛⲥⲟⲛ ⲁⲡⲁ ⲡⲁⲙⲃⲱ ·,sahidic,UD_Coptic-Scriptorium/test.conllu#life_cyrus-life_cyrus_01_s0035 (CC BY 4.0),gold
"Believe me, O my beloved father, behold, it is twenty years ago since I came to this place, and with this single garment I have found means to keep myself warm during the winter, and to moderate the heat of the atmosphere in summer time.",ⲡⲓⲥⲧⲉⲩⲉ ⲛⲁⲓ ⲱ ⲡⲁⲙⲉⲣⲓⲧ ⲛⲉⲓⲱⲧ ϫⲉⲉⲓⲥϫⲟⲩⲱⲧⲉ ⲛⲣⲟⲙⲡⲉ · ϫⲓⲛⲛⲧⲁⲓⲉⲓ ⲉⲡⲉⲓⲙⲁ ⲧⲉⲓϩⲃⲥⲱ ⲛⲟⲩⲱⲧ ⲧⲉⲧⲓϭⲓⲛⲉ ⲛⲧⲁϩⲙⲙⲉ ⲛϩⲏⲧⲥ · ⲛⲧⲉⲡⲣⲱ · ⲁⲩⲱ ⲧⲕⲉⲕⲣⲁⲥⲓⲥ ⲙⲡⲁⲏⲣ ⲙⲡϣⲱⲙ ·,sahidic,UD_Coptic-Scriptorium/test.conllu#life_cyrus-life_cyrus_01_s0036 (CC BY 4.0),gold
And I confess unto thee that this tunic will suffice for me until the day of my death;,ⲁⲩⲱ ϯϩⲟⲙⲟⲗⲟⲅⲉⲓ ⲛⲁⲕ · ϫⲉⲧⲁⲓ ⲣⲱϣⲉ ⲉⲣⲟⲓ ϣⲁⲡⲉϩⲟⲟⲩ ⲙⲡⲁⲙⲟⲩ ·,sahidic,UD_Coptic-Scriptorium/test.conllu#life_cyrus-life_cyrus_01_s0037 (CC BY 4.0),gold
"and, moreover, when I am dead it will be large enough for them to roll me up in it until the day of the Judgement of Truth.'",ⲁⲩⲱ ϩⲙⲡⲁⲕⲉⲙⲟⲩ ⲟⲛ ⲥⲣⲱϣⲉ ⲉⲣⲟⲓ ⲛⲥⲉⲥⲟⲩⲗⲟⲩⲱⲗⲧ ⲙⲙⲟⲥ ϣⲁⲡⲉϩⲟⲟⲩ ⲙⲡϩⲁⲡ ⲙⲙⲉ ·,sahidic,UD_Coptic-Scriptorium/test.conllu#life_cyrus-life_cyrus_01_s0038 (CC BY 4.0),gold
"And I said unto him, 'My beloved father, is there any brother living beyond thee in the desert?'",ⲡⲉϫⲁⲓ ⲛⲁϥ ϫⲉⲡⲁⲙⲉⲣⲓⲧ ⲛⲉⲓⲱⲧ ϫⲉⲁⲣⲁ ⲟⲩⲛⲥⲟⲛ ⲙⲡⲉⲕⲥⲁ ⲛϩⲟⲩⲛ ·,sahidic,UD_Coptic-Scriptorium/test.conllu#life_cyrus-life_cyrus_01_s0039 (CC BY 4.0),gold
"And he said unto me, 'There is one brother the latchet of one of whose sandals all the whole world is not worthy to unloose.",ⲡⲉϫⲁϥ ⲛⲁⲓ ϫⲉⲥⲉ ⲟⲩⲛⲟⲩⲁ ⲙⲙⲁⲩ · ⲉⲣⲉⲡⲕⲟⲥⲙⲟⲥ ⲧⲏⲣϥ ⲙⲡϣⲁ ⲁⲛ ⲛⲟⲩⲥϣⲛⲧⲁϭⲥⲉ ⲛⲟⲩⲱⲧ · ⲛⲧⲉⲛⲉϥⲟⲩⲣⲏⲏⲧⲉ ·,sahidic,UD_Coptic-Scriptorium/test.conllu#life_cyrus-life_cyrus_01_s0040 (CC BY 4.0),gold
"I myself went to him many times, wishing to visit him,",ⲁⲓⲃⲱⲕ ϣⲁⲣⲟϥ ⲛϩⲁϩ ⲛⲥⲟⲡ ⲉⲓⲟⲩⲱϣ ⲉϭⲙⲡϣⲓⲛⲉ ·,sahidic,UD_Coptic-Scriptorium/test.conllu#life_cyrus-life_cyrus_01_s0041 (CC BY 4.0),gold
"and he used to answer me from the inside of his cell, saying, 'Get thee gone! In coming hither thou hast given thyself trouble [to no purpose].",ⲁⲩⲱ ⲛⲉϣⲁϥⲣⲟⲩⲱ ⲛⲁⲓ ϩⲙⲡⲥⲁ ⲛϩⲟⲩⲛ ⲉϥϫⲱ ⲙⲙⲟⲥ · ϫⲉⲁⲗⲟⲕ ⲉⲕϯϩⲓⲥⲉ ⲛⲁⲕ ⲉⲕⲛⲏⲩ · ⲉⲡⲉⲓⲙⲁ,sahidic,UD_Coptic-Scriptorium/test.conllu#life_cyrus-life_cyrus_01_s0042 (CC BY 4.0),gold
"No man of flesh shall see my face, except the elder of the church of Shiet.'",ⲉⲡⲉⲓ ⲙⲛϭⲟⲙ ⲛⲣⲙⲛⲥⲁⲣⲝ ⲉⲛⲁⲩ ⲉⲡⲁϩⲟ · ⲉⲓⲙⲏⲧⲓ ⲡⲉⲡⲣⲉⲥⲃⲩⲧⲉⲣⲟⲥ ⲛⲧⲉⲕⲕⲗⲏⲥⲓⲁ · ⲛϣⲓⲏⲧ ·,sahidic,UD_Coptic-Scriptorium/test.conllu#life_cyrus-life_cyrus_01_s0043 (CC BY 4.0),gold
"And now, O my father, perhaps it was ordained for thee to take me with thee, so that I may receive a blessing at his hands before I die.'",ⲧⲉⲛⲟⲩ ⲇⲉ ⲙⲉϣⲁⲕ ⲱ ⲡⲁⲉⲓⲱⲧ ⲡⲧⲱϣ ⲡⲉ ⲡⲁⲓ ⲉⲧⲣⲁⲉⲓ ⲛⲙⲙⲁⲕ ⲛⲧⲁⲛⲁⲩ ⲉⲣⲟϥ ⲁⲩⲱ ⲛⲧⲁϫⲓⲥⲙⲟⲩ ⲉⲃⲟⲗ ϩⲓⲧⲟⲟⲧϥ ⲙⲡⲁⲧⲓⲙⲟⲩ ⁛ —,sahidic,UD_Coptic-Scriptorium/test.conllu#life_cyrus-life_cyrus_01_s0044 (CC BY 4.0),gold
"And I said unto him, 'Nay, it is not ordained thus, and it is not for this purpose that I have come to this place.",ⲡⲉϫⲁⲓ ⲛⲁϥ · ϫⲉⲙⲙⲟⲛ · ⲡⲧⲱϣ ⲁⲛ ⲡⲉ ⲡⲁⲓ · ⲉⲧⲃⲉⲡⲁⲓ ⲣⲱ · ⲛⲧⲁⲓⲉⲓ ϣⲁⲣⲟⲕ ⲉⲡⲉⲓⲙⲁ ·,sahidic,UD_Coptic-Scriptorium/test.conllu#life_cyrus-life_cyrus_01_s0045 (CC BY 4.0),gold
But I will remember thee if the Lord maketh straight my way so that I may meet that brother.,ⲁⲗⲗⲁ ϯⲛⲁⲣⲡⲉⲕⲙⲉⲉⲩⲉ ⲉⲣϣⲁⲛⲡϫⲟⲉⲓⲥ ⲥⲟⲟⲩⲧⲛ ⲛⲧⲁϩⲓⲏ ⲛⲧⲁⲁⲡⲁⲛⲧⲁ · ⲉⲡⲥⲟⲛ ⲉⲧⲙⲙⲁⲩ ·,sahidic,UD_Coptic-Scriptorium/test.conllu#life_cyrus-life_cyrus_01_s0046 (CC BY 4.0),gold
"And, my father, do thou remember me until I shall enjoy the blessing of that brother.'",ⲡⲗⲏⲛ ⲱ ⲡⲁⲉⲓⲱⲧ ⲁⲣⲓⲡⲁⲙⲉⲉⲩⲉ ϣⲁⲛⲧⲓⲁⲡⲟⲗⲁⲩⲉ ⲙⲡⲉⲥⲙⲟⲩ ⲙⲡⲥⲟⲛ ⲉⲧⲙⲙⲁⲩ ·,sahidic,UD_Coptic-Scriptorium/test.conllu#life_cyrus-life_cyrus_01_s0047 (CC BY 4.0),gold
"And when I had journeyed into the mountain about the distance of a mile — now I, Pambo, the least of men, swear unto thee by the awful throne of God, and I do not lie in what I am going to say — the being who seized the prophet Habakkuk in ancient days, and carried him, and the food which was in his hands, and brought him to the pit of the lions [when] Habakkuk gave it (i.e. the food) to Daniel who was in the pit of the lions, this same being, I say, seized me under the impulse of the Spirit, and brought me to the little habitation of that brother.",ⲛⲧⲉⲣⲓⲙⲟⲟϣⲉ ⲉϩⲟⲩⲛ ϩⲙⲡⲧⲟⲟⲩ ⲡⲁⲣⲁⲟⲩⲙⲓⲗⲓⲟⲛ · ϯⲱⲣⲕ ⲛⲏⲧⲛ ⲙⲡⲃⲏⲙⲁ · ⲉⲧϩⲁϩⲟⲧⲉ · ⲙⲡⲛⲟⲩⲧⲉ · ⲁⲛⲟⲕ ⲡⲁⲙⲃⲱ ⲡⲉⲓⲉⲗⲁⲭⲓⲥⲧⲟⲥ · ϫⲉⲛϯϫⲓϭⲟⲗ ⲁⲛ ϩⲙⲡⲉⲧⲓⲛⲁϫⲟⲟϥ · ⲧⲉⲛⲟⲩ ϫⲉⲡⲉⲛⲧⲁϥⲁⲙⲁϩⲧⲉ ⲛⲁⲃⲃⲁⲕⲟⲩⲙ ⲡⲉⲡⲣⲟⲫⲏⲧⲏⲥ ⲙⲡⲉⲟⲩⲟⲉⲓϣ ⲁϥⲉⲓⲛⲉ ⲙⲙⲟϥ ⲙⲛⲡⲁⲣⲓⲥⲧⲟⲛ ⲉⲧⲛⲧⲟⲟⲧϥ · ⲁϥⲛⲧϥ ⲉϫⲙⲡϣⲏⲓ ⲛⲙⲙⲟⲩⲓ · ⲁϥⲧⲁⲁϥ ⲛⲇⲁⲛⲓⲏⲗ · ϩⲙⲡϣⲏⲓ ⲛⲙⲙⲟⲩⲓ · ⲛⲧⲟϥ ⲟⲛ ⲡⲉⲛⲧⲁϥⲁⲙⲁϩⲧⲉ ⲙⲙⲟⲓ ϩⲛⲧϩⲟⲣⲙⲏ ⲙⲡⲉⲡⲛⲉⲩⲙⲁ ⲁϥⲉⲓⲛⲉ ⲙⲙⲟⲓ ⲉϫⲙⲡⲕⲁⲧⲁⲅⲉⲓⲟⲛ ⲙⲡⲥⲟⲛ ⲉⲧⲙⲙⲁⲩ ·,sahidic,UD_Coptic-Scriptorium/test.conllu#life_cyrus-life_cyrus_01_s0048 (CC BY 4.0),gold
"And I knocked at the door, according to the rule of the monkish brethren, and I stood still at the door for a long time.",ⲁⲩⲱ ⲁⲓⲕⲱⲗϩ ⲉⲡⲣⲟ ⲕⲁⲧⲁⲡⲕⲁⲛⲱⲛ ⲛⲛⲉⲥⲛⲏⲩ ⲙⲙⲟⲛⲁⲭⲟⲥ · ⲁⲩⲱ ⲛⲉⲓⲁϩⲉⲣⲁⲧ ϩⲓⲣⲙⲡⲣⲟ · ⲛⲟⲩⲛⲟϭ ⲛⲛⲁⲩ,sahidic,UD_Coptic-Scriptorium/test.conllu#life_cyrus-life_cyrus_01_s0049 (CC BY 4.0),gold
"And after these things the brother answered me from within, saying, 'Hail, Apa Pambo, thou elder of the church of Shiet, thou mighty ship that sailest over the desert that is without water.",ⲙⲛⲛⲥⲁⲛⲁⲓ ⲁⲡⲥⲟⲛ ⲣⲟⲩⲱ ⲛⲁⲓ ϩⲙⲡⲥⲁ ⲛϩⲟⲩⲛ · ⲉϥϫⲱ ⲙⲙⲟⲥ · ϫⲉⲭⲁⲓⲣⲉ ⲁⲡⲁ ⲡⲁⲙⲃⲱ ⲡⲉⲡⲣⲉⲥⲃⲩⲧⲉⲣⲟⲥ ⲛⲧⲉⲕⲕⲗⲏⲥⲓⲁ · ⲛϣⲓⲏⲧ ⲁⲩⲱ ⲡⲛⲟϭ ⲛϫⲟⲓ ⲉⲧⲣϩⲱⲧ ϩⲙⲡϫⲁⲓⲉ ⲛⲁⲧⲙⲟⲟⲩ ·,sahidic,UD_Coptic-Scriptorium/test.conllu#life_cyrus-life_cyrus_01_s0050 (CC BY 4.0),gold
"Behold, for very many days I have eagerly desired to see thee.",ⲉⲓⲥⲟⲩⲙⲏⲏϣⲉ ⲛϩⲟⲟⲩ ϯⲉⲡⲓⲑⲩⲙⲉⲓ ⲉⲛⲁⲩ ⲉⲣⲟⲕ ·,sahidic,UD_Coptic-Scriptorium/test.conllu#life_cyrus-life_cyrus_01_s0051 (CC BY 4.0),gold
"Behold, this day hath God fulfilled my desire.",ⲉⲓⲥ ⲡⲁⲟⲩⲱϣ ⲁⲡⲛⲟⲩⲧⲉ ϫⲟⲕϥ ⲛⲁⲓ ⲉⲃⲟⲗ ⲙⲡϩⲟⲟⲩ ·,sahidic,UD_Coptic-Scriptorium/test.conllu#life_cyrus-life_cyrus_01_s0052 (CC BY 4.0),gold
"Come in, and stand not outside.'",ⲁⲙⲟⲩ ⲉϩⲟⲩⲛ ⲙⲡⲣⲁϩⲉⲣⲁⲧⲕ ϩⲓⲡⲥⲁ ⲛⲃⲟⲗ ·,sahidic,UD_Coptic-Scriptorium/test.conllu#life_cyrus-life_cyrus_01_s0053 (CC BY 4.0),gold
"And when I was passing in through the door of the little habitation I looked, and I saw a mighty stone, which twelve men were trying to move, and they could only lift it with the greatest difficulty.",ⲛⲧⲉⲣⲓⲣⲡϩⲟⲩⲛ ⲙⲡⲣⲟ ⲙⲡⲕⲁⲧⲁⲅⲉⲓⲟⲛ ⲁⲓϭⲱϣⲧ ⲁⲓⲛⲁⲩ ⲉⲩⲛⲟϭ ⲛⲱⲛⲉ ⲙⲟⲅⲓⲥ · ⲛⲧⲉⲙⲛⲧⲥⲛⲟⲟⲩⲥ ⲛⲣⲱⲙⲉ ⲉϣⲧⲱⲟⲩⲛ ⲙⲙⲟϥ ⲉⲡⲟⲛϥ ·,sahidic,UD_Coptic-Scriptorium/test.conllu#life_cyrus-life_cyrus_01_s0054 (CC BY 4.0),gold
"And that brother advanced, and rolled the stone along, and fixed it at the door of the habitation;",ⲁϥϯⲡⲉϥⲟⲩⲟⲓ ⲛϭⲓⲡⲥⲟⲛ ⲉⲧⲙⲙⲁⲩ ⲁϥⲥⲕⲟⲣⲕⲣ ⲙⲡⲱⲛⲉ · ⲁϥⲧⲟϭϥ ⲉⲡⲣⲟ ⲙⲡⲕⲁⲧⲁⲅⲉⲓⲟⲛ ·,sahidic,UD_Coptic-Scriptorium/test.conllu#life_cyrus-life_cyrus_01_s0055 (CC BY 4.0),gold
and when I saw this I marvelled exceedingly.,ⲛⲧⲉⲣⲓⲛⲁⲩ ⲉⲣⲟϥ ⲁⲓⲣϣⲡⲏⲏⲣⲉ ⲉⲙⲁⲧⲉ ·,sahidic,UD_Coptic-Scriptorium/test.conllu#life_cyrus-life_cyrus_01_s0056 (CC BY 4.0),gold
"Then I remembered the patriarch Jacob, and how he, when he fled from the face of Esau his brother, went into Mesopotamia of Syria, and how when he had arrived at the place wherein were the sheep of Laban",ⲡⲗⲏⲛ ⲁⲓⲣⲡⲙⲉⲉⲩⲉ ⲙⲡⲡⲁⲧⲣⲓⲁⲣⲭⲏⲥ · ⲓⲁⲕⲱⲃ ϫⲉⲛⲧⲟϥ ϩⲱⲱϥ ⲟⲛ ⲙⲡⲉⲟⲩⲟⲉⲓϣ ⲛⲧⲁϥⲡⲱⲧ · ϩⲁⲡϩⲟ ⲛⲏⲥⲁⲩ · ⲡⲉϥⲥⲟⲛ ⲁϥⲃⲱⲕ ⲉⲧⲙⲉⲥⲟⲡⲟⲧⲁⲙⲓⲁ ⲛⲧⲥⲩⲣⲓⲁ ⲁϥⲉⲓ ⲉϫⲙⲡⲙⲁ ⲉⲧⲉⲣⲉⲛⲉⲥⲟⲟⲩ ⲛⲗⲁⲃⲁⲛ ⲛϩⲏⲧϥ ·,sahidic,UD_Coptic-Scriptorium/test.conllu#life_cyrus-life_cyrus_01_s0057 (CC BY 4.0),gold
"he went up to the well, and rolled away the stone which was on the mouth thereof, without any man giving him assistance, and how he watered the sheep of Laban and then sent them away to feed.",ⲁϥϯⲡⲉϥⲟⲩⲟⲓ ⲉⲧϣⲱⲧⲉ ⲁϥⲥⲕⲟⲣⲕⲣ ⲡⲱⲛⲉ ⲉⲧϩⲓϫⲛⲣⲱⲥ ⲭⲱⲣⲓⲥⲧⲣⲉⲣⲱⲙⲉ ϯⲧⲟⲟⲧϥ · ⲁϥⲧⲥⲟ ⲛⲛⲉⲥⲟⲟⲩ ⲛⲗⲁⲃⲁⲛ ⲁϥⲕⲁⲁⲩ ⲉⲃⲟⲗ ⲁⲩⲙⲟⲟⲛⲉ ·,sahidic,UD_Coptic-Scriptorium/test.conllu#life_cyrus-life_cyrus_01_s0058 (CC BY 4.0),gold
And finally I understood that in everything that the saints perform it is God Who helpeth them.,ⲧⲟⲧⲉ ⲗⲟⲓⲡⲟⲛ ⲁⲓⲉⲓⲙⲉ ⲉⲡⲁⲓ ϫⲉϩⲱⲃ ⲛⲓⲙ ⲉⲧⲉⲣⲉⲛⲉⲧⲟⲩⲁⲁⲃ ⲉⲓⲣⲉ ⲙⲙⲟⲟⲩ ⲡⲛⲟⲩⲧⲉ ϯ ⲛⲧⲟⲟⲧⲟⲩ ·,sahidic,UD_Coptic-Scriptorium/test.conllu#life_cyrus-life_cyrus_01_s0059 (CC BY 4.0),gold
"And I said unto him, 'O my holy father, shew me thy holy name, for God hath hidden this from me.'",ⲡⲉϫⲁⲓ ⲛⲁϥ ϫⲉⲡⲁⲉⲓⲱⲧ ⲉⲧⲟⲩⲁⲁⲃ ⲙⲁⲧⲁⲙⲟⲓ ⲉⲡⲉⲕⲣⲁⲛ ⲉⲧⲟⲩⲁⲁⲃ · ϫⲉⲁⲡϫⲟⲉⲓⲥ ϩⲉⲡⲡⲁⲓ ⲉⲣⲟⲓ ·,sahidic,UD_Coptic-Scriptorium/test.conllu#life_cyrus-life_cyrus_01_s0060 (CC BY 4.0),gold
"And he said, 'Cyrus is my name.",ⲛⲧⲟϥ ⲇⲉ ⲡⲉϫⲁϥ ϫⲉⲕⲩⲣⲟⲥ · ⲡⲉ ⲡⲁⲣⲁⲛ ·,sahidic,UD_Coptic-Scriptorium/test.conllu#life_cyrus-life_cyrus_01_s0061 (CC BY 4.0),gold
"I am the brother of the Emperor Theodosius, and I was reared and fed at the same table as Arcadius and Honorius. And, indeed, many, many times hath Honorius said unto me, 'Take me with thee into the desert, and I will become a monk';",ⲁⲛⲟⲕ ⲡⲉ ⲡⲥⲟⲛ ⲛⲑⲉⲟⲇⲱⲥⲓⲟⲥ ⲡⲣⲣⲟ · ⲁⲩⲱ ⲛⲧⲁⲩⲥⲁⲛⲟⲩϣⲧ ⲙⲛⲁⲣⲕⲁⲇⲓⲟⲥ · ⲙⲛⲟⲛⲟⲣⲓⲟⲥ ϩⲓϫⲛⲟⲩⲧⲣⲁⲡⲉⲍⲁ ⲛⲟⲩⲱⲧ ⲛⲙⲙⲁⲩ ⲁⲩⲱ ⲛⲁⲙⲉ · ⲁⲟⲛⲟⲣⲓⲟⲥ ϫⲟⲟⲥ ⲉⲣⲟⲓ ⲛϩⲁϩ ⲛⲥⲟⲡ ϫⲉϫⲓⲧ ⲉⲧⲉⲣⲏⲙⲟⲥ · ⲛⲙⲙⲁⲕ ⲧⲁⲣⲙⲟⲛⲁⲭⲟⲥ ·,sahidic,UD_Coptic-Scriptorium/test.conllu#life_cyrus-life_cyrus_01_s0062 (CC BY 4.0),gold
"but I did not wish to take him with me, because he is a son of the Emperor.",ⲁⲛⲟⲕ ⲇⲉ ⲙⲡⲓⲉϣϫⲓⲧϥ ⲇⲉ ϫⲉⲡϣⲏⲣⲉ ⲡⲉ ⲙⲡⲣⲣⲟ ⲡⲉ ·,sahidic,UD_Coptic-Scriptorium/test.conllu#life_cyrus-life_cyrus_01_s0063 (CC BY 4.0),gold
"And when we saw that oppression (or, violence) had multiplied, and that the Emperors were committing' sin, and that the rulers were robbing the poor, and that everyone was turning out of the straight road, and making corrupt his path before God, I rose up, and I set out and I came to this desert, and I took up my abode therein because of the multitude of my sins.",ⲛⲧⲉⲣⲛⲛⲁⲩ ⲇⲉ ϫⲉⲁⲡϫⲓⲛϭⲟⲛⲥ · ⲁϣⲁⲓ ⲁⲛⲣⲣⲱⲟⲩ ⲡⲁⲣⲁⲛⲟⲙⲉⲓ ⲁⲛⲁⲣⲭⲱⲛ ϫⲓ ⲛⲛϩⲏⲕⲉ ⲛϭⲟⲛⲥ ⲁⲟⲩⲟⲛ ⲛⲓⲙ ⲣⲓⲕⲉ ⲉⲃⲟⲗ ⲁⲩⲧⲁⲕⲟ ⲛⲧⲉⲩϩⲓⲏ ⲙⲡⲙⲧⲟ ⲉⲃⲟⲗ ⲙⲡⲛⲟⲩⲧⲉ ⲁⲓⲧⲱⲟⲩⲛ ⲁⲓⲕⲁⲣⲁⲧ ⲉⲃⲟⲗ ⲁⲓⲉⲓ ⲉⲡⲉⲓϫⲁⲓⲉ ⲁⲓⲟⲩⲱⲛϩ · ⲛϩⲏⲧϥ ⲉⲧⲃⲉⲡⲁϣⲁⲓ ⲛⲛⲁⲛⲟⲃⲉ,sahidic,UD_Coptic-Scriptorium/test.conllu#life_cyrus-life_cyrus_01_s0064 (CC BY 4.0),gold
May God forgive me these!',ⲧⲁⲣⲉⲡⲛⲟⲩⲧⲉ ⲕⲁⲁⲩ ⲛⲁⲓ ⲉⲃⲟⲗ,sahidic,UD_Coptic-Scriptorium/test.conllu#life_cyrus-life_cyrus_01_s0065 (CC BY 4.0),gold
"And I, Pambo, said unto him, 'My beloved father, where a wilt thou find men in this desert place to comfort thee in thy sufferings?'",ⲡⲉϫⲁⲓ ⲛⲁϥ ⲁⲛⲟⲕ ⲡⲁⲙⲃⲱ ϫⲉⲡⲁⲙⲉⲣⲓⲧ ⲛⲉⲓⲱⲧ ⲉϣⲁⲕϭⲛⲣⲱⲙⲉ ⲧⲱⲛ ϩⲛⲧⲉⲓⲉⲣⲏⲙⲁ · ⲛϥⲥⲗⲥⲱⲗⲕ ϩⲛⲛⲉⲕϩⲓⲥⲉ ·,sahidic,UD_Coptic-Scriptorium/test.conllu#life_cyrus-life_cyrus_01_s0066 (CC BY 4.0),gold
"And Apa Cyrus said unto me, 'Believe me, my beloved brother, Apa Pambo, my God and my Lord Jesus Christ are Those Who visit me in this desert wherein I live.",ⲡⲉϫⲁϥ ⲛⲁⲓ ⲁⲡⲁ ⲕⲩⲣⲟⲥ ϫⲉⲡⲓⲥⲧⲉⲩⲉ ⲛⲁⲓ ⲡⲁⲙⲉⲣⲓⲧ ⲛⲥⲟⲛ ⲁⲡⲁ ⲡⲁⲙⲃⲱ · ⲡⲁⲛⲟⲩⲧⲉ ⲁⲩⲱ ⲡⲁϫⲟⲉⲓⲥ ⲓⲏⲥⲟⲩⲥ ⲡⲉⲭⲣⲓⲥⲧⲟⲥ ⲡⲉⲧϭⲓⲛⲉ ⲙⲡⲁϣⲓⲛⲉ ϩⲙⲡⲉⲓϫⲁⲓⲉ ⲉⲧⲓϣⲟⲟⲡ ⲛϩⲏⲧϥ,sahidic,UD_Coptic-Scriptorium/test.conllu#life_cyrus-life_cyrus_01_s0067 (CC BY 4.0),gold
"For I have never seen a man who came to me except a certain brother who was a monk, and who came hither wishing to see my face, besides such a one I have never seen anyone.",ⲙⲡⲓⲛⲁⲩ ⲅⲁⲣ ⲉⲣⲱⲙⲉ ⲉϥⲛⲏⲩ ϣⲁⲣⲟⲓ ⲉⲓⲙⲏⲧⲓ ⲉⲩⲥⲟⲛ ⲙⲙⲟⲛⲁⲭⲟⲥ ⲉϥⲛⲏⲩ ϣⲁⲣⲟⲓ ⲉϥⲱϣ ⲉⲛⲁⲩ ⲉⲡⲁϩⲟ ⲁⲩⲱ ⲙⲡⲉⲡⲉⲓⲕⲉⲧ ⲛⲁⲩ ⲉⲣⲟⲓ ·,sahidic,UD_Coptic-Scriptorium/test.conllu#life_cyrus-life_cyrus_01_s0068 (CC BY 4.0),gold
"On the contrary, when any one came hither, whilst he remained outside I commanded him from inside this abode saying, 'Get thee gone, thou hast troubled thyself [to no purpose] in coming to me.'",ⲁⲗⲗⲁ ϩⲓⲧⲛⲧϩⲉ ⲉⲧϥⲙⲏⲛ ⲉⲃⲟⲗ ⲉϥⲛⲏⲩ ϣⲁⲣⲟⲓ ⲁⲓϩⲱⲛ ⲉⲧⲟⲟⲧϥ ϩⲙⲡⲥⲁ ⲛϩⲟⲩⲛ ⲉⲓϫⲱ ⲙⲙⲟⲥ ϫⲉⲁⲗⲟⲕ ⲉⲕϯϩⲓⲥⲉ ⲛⲁⲕ · ⲉⲕⲛⲏⲩ ϣⲁⲣⲟⲓ,sahidic,UD_Coptic-Scriptorium/test.conllu#life_cyrus-life_cyrus_01_s0069 (CC BY 4.0),gold
"Most assuredly no man of flesh shall see my face except Apa Pambo, the elder of the church of Shiet.",ⲙⲙⲟⲛ ⲙⲛϣϭⲟⲙ ⲛⲣⲙⲛⲥⲁⲣⲝ ⲉⲛⲁⲩ ⲉⲡⲁϩⲟ ⲉⲓⲙⲏⲧⲓ ⲁⲡⲁ ⲡⲁⲙⲃⲱ · ⲡⲉⲡⲣⲉⲥⲃⲩⲧⲉⲣⲟⲥ ⲛⲧⲉⲕⲕⲗⲏⲥⲓⲁ ⲛϣⲓⲏⲧ ⁛—,sahidic,UD_Coptic-Scriptorium/test.conllu#life_cyrus-life_cyrus_01_s0070 (CC BY 4.0),gold
